chembl_id,name,smiles,max_phase,formula,chembl_mw
CHEMBL2,PRAZOSIN,COc1cc2nc(N3CCN(C(=O)c4ccco4)CC3)nc(N)c2cc1OC,4.0,C19H21N5O4,383.41
CHEMBL3,NICOTINE,CN1CCC[C@H]1c1cccnc1,4.0,C10H14N2,162.24
CHEMBL6200,NORNICOTINE,c1cncc([C@@H]2CCCN2)c1,1.0,C9H12N2,148.21
CHEMBL4,OFLOXACIN,CC1COc2c(N3CCN(C)CC3)c(F)cc3c(=O)c(C(=O)O)cn1c23,4.0,C18H20FN3O4,361.37
CHEMBL5,NALIDIXIC ACID,CCn1cc(C(=O)O)c(=O)c2ccc(C)nc21,4.0,C12H12N2O3,232.24
CHEMBL6246,ELLAGIC ACID,O=c1oc2c(O)c(O)cc3c(=O)oc4c(O)c(O)cc1c4c23,2.0,C14H6O8,302.19
CHEMBL204021,DARAPLADIB,CCN(CC)CCN(Cc1ccc(-c2ccc(C(F)(F)F)cc2)cc1)C(=O)Cn1c(SCc2ccc(F)cc2)nc(=O)c2c1CCC2,3.0,C36H38F4N4O2S,666.79
CHEMBL6,INDOMETHACIN,COc1ccc2c(c1)c(CC(=O)O)c(C)n2C(=O)c1ccc(Cl)cc1,4.0,C19H16ClNO4,357.79
CHEMBL403,SULBACTAM,CC1(C)[C@H](C(=O)O)N2C(=O)C[C@H]2S1(=O)=O,4.0,C8H11NO5S,233.24
CHEMBL6259,DIFLOXACIN,CN1CCN(c2cc3c(cc2F)c(=O)c(C(=O)O)cn3-c2ccc(F)cc2)CC1,2.0,C21H19F2N3O3,399.40
CHEMBL404,TAZOBACTAM,C[C@]1(Cn2ccnn2)[C@H](C(=O)O)N2C(=O)C[C@H]2S1(=O)=O,4.0,C10H12N4O5S,300.30
CHEMBL6273,FLEROXACIN,CN1CCN(c2c(F)cc3c(=O)c(C(=O)O)cn(CCF)c3c2F)CC1,2.0,C17H18F3N3O3,369.34
CHEMBL6209,MERAFLOXACIN,CCNCC1CCN(c2c(F)cc3c(=O)c(C(=O)O)cn(CC)c3c2F)C1,2.0,C19H23F2N3O3,379.41
CHEMBL6231,AMIFLOXACIN,CNn1cc(C(=O)O)c(=O)c2cc(F)c(N3CCN(C)CC3)cc21,2.0,C16H19FN4O3,334.35
CHEMBL8,CIPROFLOXACIN,O=C(O)c1cn(C2CC2)c2cc(N3CCNCC3)c(F)cc2c1=O,4.0,C17H18FN3O3,331.35
CHEMBL9,NORFLOXACIN,CCn1cc(C(=O)O)c(=O)c2cc(F)c(N3CCNCC3)cc21,4.0,C16H18FN3O3,319.34
CHEMBL269538,HARMINE,COc1ccc2c(c1)[nH]c1c(C)nccc12,1.0,C13H12N2O,212.25
CHEMBL6318,IDOXIFENE,CC/C(=C(\c1ccc(I)cc1)c1ccc(OCCN2CCCC2)cc1)c1ccccc1,2.0,C28H30INO,523.46
CHEMBL405,AMPHETAMINE,CC(N)Cc1ccccc1,4.0,C9H13N,135.21
CHEMBL6622,ISOSORBIDE DINITRATE,O=[N+]([O-])O[C@H]1CO[C@H]2[C@@H]1OC[C@H]2O[N+](=O)[O-],4.0,C6H8N2O8,236.14
CHEMBL6437,MIANSERIN,CN1CCN2c3ccccc3Cc3ccccc3C2C1,4.0,C18H20N2,264.37
CHEMBL6731,TENAMFETAMINE,CC(N)Cc1ccc2c(c1)OCO2,2.0,C10H13NO2,179.22
CHEMBL263881,LYSERGIDE,CCN(CC)C(=O)[C@@H]1C=C2c3cccc4[nH]cc(c34)C[C@H]2N(C)C1,2.0,C20H25N3O,323.44
CHEMBL11,IMIPRAMINE,CN(C)CCCN1c2ccccc2CCc2ccccc21,4.0,C19H24N2,280.42
CHEMBL406,INDAPAMIDE,CC1Cc2ccccc2N1NC(=O)c1ccc(Cl)c(S(N)(=O)=O)c1,4.0,C16H16ClN3O3S,365.84
CHEMBL407,FLUMAZENIL,CCOC(=O)c1ncn2c1CN(C)C(=O)c1cc(F)ccc1-2,4.0,C15H14FN3O3,303.29
CHEMBL408,TROGLITAZONE,Cc1c(C)c2c(c(C)c1O)CCC(C)(COc1ccc(CC3SC(=O)NC3=O)cc1)O2,4.0,C24H27NO5S,441.55
CHEMBL409,BICALUTAMIDE,CC(O)(CS(=O)(=O)c1ccc(F)cc1)C(=O)Nc1ccc(C#N)c(C(F)(F)F)c1,4.0,C18H14F4N2O4S,430.38
CHEMBL12,DIAZEPAM,CN1C(=O)CN=C(c2ccccc2)c2cc(Cl)ccc21,4.0,C16H13ClN2O,284.75
CHEMBL266979,ENISOPROST,CCCCC(C)(O)C/C=C/[C@H]1[C@H](O)CC(=O)[C@@H]1CC/C=C\CCC(=O)OC,2.0,C22H36O5,380.53
CHEMBL13,METOPROLOL,COCCc1ccc(OCC(O)CNC(C)C)cc1,4.0,C15H25NO3,267.37
CHEMBL6378,ZIDAPAMIDE,CC1c2ccccc2CN1NC(=O)c1ccc(Cl)c(S(N)(=O)=O)c1,2.0,C16H16ClN3O3S,365.84
CHEMBL266195,ALPRENOLOL,C=CCc1ccccc1OCC(O)CNC(C)C,2.0,C15H23NO2,249.35
CHEMBL538393,DIMECAMINE,CN(C)C1(C)C2CCC(C2)C1(C)C,2.0,C12H23N,181.32
CHEMBL7301,FENRETINIDE,CC1=C(/C=C/C(C)=C/C=C/C(C)=C/C(=O)Nc2ccc(O)cc2)C(C)(C)CCC1,3.0,C26H33NO2,391.56
CHEMBL411,DIETHYLSTILBESTROL,CC/C(=C(/CC)c1ccc(O)cc1)c1ccc(O)cc1,4.0,C18H20O2,268.36
CHEMBL267936,MECAMYLAMINE,CNC1(C)C2CCC(C2)C1(C)C,4.0,C11H21N,167.30
CHEMBL14,CARBACHOL,C[N+](C)(C)CCOC(N)=O.[Cl-],4.0,C6H15ClN2O2,182.65
CHEMBL16,PHENYTOIN,O=C1NC(=O)C(c2ccccc2)(c2ccccc2)N1,4.0,C15H12N2O2,252.27
CHEMBL413,SIROLIMUS,CO[C@H]1C[C@@H]2CC[C@@H](C)[C@@](O)(O2)C(=O)C(=O)N2CCCC[C@H]2C(=O)O[C@H]([C@H](C)C[C@@H]2CC[C@@H](O)[C@H](OC)C2)CC(=O)[C@H](C)/C=C(\C)[C@@H](O)[C@@H](OC)C(=O)[C@H](C)C[C@H](C)/C=C/C=C/C=C/1C,4.0,C51H79NO13,914.19
CHEMBL269732,TACROLIMUS ANHYDROUS,C=CC[C@@H]1/C=C(\C)C[C@H](C)C[C@H](OC)[C@H]2O[C@@](O)(C(=O)C(=O)N3CCCC[C@H]3C(=O)O[C@H](/C(C)=C/[C@@H]3CC[C@@H](O)[C@H](OC)C3)[C@H](C)[C@@H](O)CC1=O)[C@H](C)C[C@@H]2OC,4.0,C44H69NO12,804.03
CHEMBL414,CARZENIDE,NS(=O)(=O)c1ccc(C(=O)O)cc1,2.0,C7H7NO4S,201.20
CHEMBL415,CLOMIPRAMINE,CN(C)CCCN1c2ccccc2CCc2ccc(Cl)cc21,4.0,C19H23ClN2,314.86
CHEMBL7010,FENCAMFAMIN,CCNC1C2CCC(C2)C1c1ccccc1,2.0,C15H21N,215.34
CHEMBL416,METHOXSALEN,COc1c2occc2cc2ccc(=O)oc12,4.0,C12H8O4,216.19
CHEMBL17,DICHLORPHENAMIDE,NS(=O)(=O)c1cc(Cl)c(Cl)c(S(N)(=O)=O)c1,4.0,C6H6Cl2N2O4S2,305.16
CHEMBL6607,BROLAMFETAMINE,COc1cc(CC(C)N)c(OC)cc1Br,2.0,C11H16BrNO2,274.16
CHEMBL18,ETHOXZOLAMIDE,CCOc1ccc2nc(S(N)(=O)=O)sc2c1,4.0,C9H10N2O3S2,258.32
CHEMBL417,EPIRUBICIN,COc1cccc2c1C(=O)c1c(O)c3c(c(O)c1C2=O)C[C@@](O)(C(=O)CO)C[C@@H]3O[C@H]1C[C@H](N)[C@@H](O)[C@H](C)O1,4.0,C27H29NO11,543.53
CHEMBL19,METHAZOLAMIDE,CC(=O)/N=c1/sc(S(N)(=O)=O)nn1C,4.0,C5H8N4O3S2,236.28
CHEMBL20,ACETAZOLAMIDE,CC(=O)Nc1nnc(S(N)(=O)=O)s1,4.0,C4H6N4O3S2,222.25
CHEMBL419,MAFENIDE,NCc1ccc(S(N)(=O)=O)cc1,4.0,C7H10N2O2S,186.24
CHEMBL21,SULFANILAMIDE,Nc1ccc(S(N)(=O)=O)cc1,4.0,C6H8N2O2S,172.21
CHEMBL420,GUANABENZ,N=C(N)N/N=C/c1c(Cl)cccc1Cl,4.0,C8H8Cl2N4,231.09
CHEMBL22,TRIMETHOPRIM,COc1cc(Cc2cnc(N)nc2N)cc(OC)c1OC,4.0,C14H18N4O3,290.32
CHEMBL6966,VERAPAMIL,COc1ccc(CCN(C)CCCC(C#N)(c2ccc(OC)c(OC)c2)C(C)C)cc1OC,4.0,C27H38N2O4,454.61
CHEMBL421,SULFASALAZINE,O=C(O)c1cc(/N=N/c2ccc(S(=O)(=O)Nc3ccccn3)cc2)ccc1O,4.0,C18H14N4O5S,398.40
CHEMBL6466,COUMARIN,O=c1ccc2ccccc2o1,4.0,C9H6O2,146.14
CHEMBL23,DILTIAZEM,COc1ccc([C@@H]2Sc3ccccc3N(CCN(C)C)C(=O)[C@@H]2OC(C)=O)cc1,4.0,C22H26N2O4S,414.53
CHEMBL24,ATENOLOL,CC(C)NCC(O)COc1ccc(CC(N)=O)cc1,4.0,C14H22N2O3,266.34
CHEMBL25,ASPIRIN,CC(=O)Oc1ccccc1C(=O)O,4.0,C9H8O4,180.16
CHEMBL422,TRIFLUOPERAZINE,CN1CCN(CCCN2c3ccccc3Sc3ccc(C(F)(F)F)cc32)CC1,4.0,C21H24F3N3S,407.51
CHEMBL26,SULPIRIDE,CCN1CCCC1CNC(=O)c1cc(S(N)(=O)=O)ccc1OC,4.0,C15H23N3O4S,341.43
CHEMBL423,BETAXOLOL,CC(C)NCC(O)COc1ccc(CCOCC2CC2)cc1,4.0,C18H29NO3,307.43
CHEMBL424,SALICYLIC ACID,O=C(O)c1ccccc1O,4.0,C7H6O3,138.12
CHEMBL425,OLSALAZINE,O=C(O)c1cc(/N=N/c2ccc(O)c(C(=O)O)c2)ccc1O,4.0,C14H10N2O6,302.24
CHEMBL27,PROPRANOLOL,CC(C)NCC(O)COc1cccc2ccccc12,4.0,C16H21NO2,259.35
CHEMBL6995,PRACTOLOL,CC(=O)Nc1ccc(OCC(O)CNC(C)C)cc1,4.0,C14H22N2O3,266.34
CHEMBL427,MECHLORETHAMINE,CN(CCCl)CCCl,4.0,C5H11Cl2N,156.06
CHEMBL7002,CIGLITAZONE,CC1(COc2ccc(CC3SC(=O)NC3=O)cc2)CCCCC1,2.0,C18H23NO3S,333.45
CHEMBL267447,CALANOLIDE A,CCCc1cc(=O)oc2c3c(c4c(c12)OC(C)(C)C=C4)O[C@H](C)[C@@H](C)[C@@H]3O,1.0,C22H26O5,370.45
CHEMBL29,PENICILLIN G,CC1(C)S[C@@H]2[C@H](NC(=O)Cc3ccccc3)C(=O)N2[C@H]1C(=O)O,4.0,C16H18N2O4S,334.40
CHEMBL428,TROVAFLOXACIN,N[C@@H]1[C@H]2CN(c3nc4c(cc3F)c(=O)c(C(=O)O)cn4-c3ccc(F)cc3F)C[C@@H]12,4.0,C20H15F3N4O3,416.36
CHEMBL30,CIMETIDINE,CN/C(=N\CCSCc1nc[nH]c1C)NC#N,4.0,C10H16N6S,252.35
CHEMBL31,GATIFLOXACIN,COc1c(N2CCNC(C)C2)c(F)cc2c(=O)c(C(=O)O)cn(C3CC3)c12,4.0,C19H22FN3O4,375.40
CHEMBL269277,BETULINIC ACID,C=C(C)[C@@H]1CC[C@]2(C(=O)O)CC[C@]3(C)[C@H](CC[C@@H]4[C@@]5(C)CC[C@H](O)C(C)(C)[C@@H]5CC[C@]43C)[C@@H]12,1.0,C30H48O3,456.71
CHEMBL429,LABETALOL,CC(CCc1ccccc1)NCC(O)c1ccc(O)c(C(N)=O)c1,4.0,C19H24N2O3,328.41
CHEMBL32,MOXIFLOXACIN,COc1c(N2C[C@@H]3CCCN[C@@H]3C2)c(F)cc2c(=O)c(C(=O)O)cn(C3CC3)c12,4.0,C21H24FN3O4,401.44
CHEMBL33,LEVOFLOXACIN ANHYDROUS,C[C@H]1COc2c(N3CCN(C)CC3)c(F)cc3c(=O)c(C(=O)O)cn1c23,4.0,C18H20FN3O4,361.37
CHEMBL7467,FLESTOLOL,CC(C)(CNC(N)=O)NCC(O)COC(=O)c1ccccc1F,2.0,C15H22FN3O4,327.36
CHEMBL430,GEMIFLOXACIN,CO/N=C1\CN(c2nc3c(cc2F)c(=O)c(C(=O)O)cn3C2CC2)CC1CN,4.0,C18H20FN5O4,389.39
CHEMBL7492,PIRITREXIM,COc1ccc(OC)c(Cc2cnc3nc(N)nc(N)c3c2C)c1,2.0,C17H19N5O2,325.37
CHEMBL431,SPIRAPRIL,CCOC(=O)[C@H](CCc1ccccc1)N[C@@H](C)C(=O)N1CC2(C[C@H]1C(=O)O)SCCS2,4.0,C22H30N2O5S2,466.63
CHEMBL433,VALPROATE SODIUM,CCCC(CCC)C(=O)[O-].[Na+],4.0,C8H15NaO2,166.20
CHEMBL434,ISOPROTERENOL,CC(C)NCC(O)c1ccc(O)c(O)c1,4.0,C11H17NO3,211.26
CHEMBL266497,SORBINIL,O=C1NC(=O)[C@@]2(CCOc3ccc(F)cc32)N1,3.0,C11H9FN2O3,236.20
CHEMBL435,HYDROCHLOROTHIAZIDE,NS(=O)(=O)c1cc2c(cc1Cl)NCNS2(=O)=O,4.0,C7H8ClN3O4S2,297.75
CHEMBL35,FUROSEMIDE,NS(=O)(=O)c1cc(C(=O)O)c(NCc2ccco2)cc1Cl,4.0,C12H11ClN2O5S,330.75
CHEMBL404519,BEVIRIMAT,C=C(C)[C@@H]1CC[C@]2(C(=O)O)CC[C@]3(C)[C@H](CC[C@@H]4[C@@]5(C)CC[C@H](OC(=O)CC(C)(C)C(=O)O)C(C)(C)[C@@H]5CC[C@]43C)[C@@H]12,2.0,C36H56O6,584.84
CHEMBL36,PYRIMETHAMINE,CCc1nc(N)nc(N)c1-c1ccc(Cl)cc1,4.0,C12H13ClN4,248.72
CHEMBL436,TOLRESTAT,COc1ccc2c(C(=S)N(C)CC(=O)O)cccc2c1C(F)(F)F,4.0,C16H14F3NO3S,357.35
CHEMBL437,SULFATHIAZOLE,Nc1ccc(S(=O)(=O)Nc2nccs2)cc1,4.0,C9H9N3O2S2,255.32
CHEMBL7679,PONALRESTAT,O=C(O)Cc1nn(Cc2ccc(Br)cc2F)c(=O)c2ccccc12,2.0,C17H12BrFN2O3,391.20
CHEMBL438,SULFAMERAZINE,Cc1ccnc(NS(=O)(=O)c2ccc(N)cc2)n1,4.0,C11H12N4O2S,264.31
CHEMBL439,SULFADIAZINE,Nc1ccc(S(=O)(=O)Nc2ncccn2)cc1,4.0,C10H10N4O2S,250.28
CHEMBL440,THIAMYLAL,C=CCC1(C(C)CCC)C(=O)NC(=S)NC1=O,4.0,C12H18N2O2S,254.35
CHEMBL441,THIOPENTAL,CCCC(C)C1(CC)C(=O)NC(=S)NC1=O,4.0,C11H18N2O2S,242.34
CHEMBL268164,CYCLOBARBITAL,CCC1(C2=CCCCC2)C(=O)NC(=O)NC1=O,4.0,C12H16N2O3,236.27
CHEMBL442,ERGOTAMINE,CN1C[C@H](C(=O)N[C@]2(C)O[C@@]3(O)[C@@H]4CCCN4C(=O)[C@H](Cc4ccccc4)N3C2=O)C=C2c3cccc4[nH]cc(c34)C[C@H]21,4.0,C33H35N5O5,581.67
CHEMBL38,TRETINOIN,CC1=C(/C=C/C(C)=C/C=C/C(C)=C/C(=O)O)C(C)(C)CCC1,4.0,C20H28O2,300.44
CHEMBL39,SEROTONIN,NCCc1c[nH]c2ccc(O)cc12,3.0,C10H12N2O,176.22
CHEMBL7413,METHOHEXITAL,C=CCC1(C(C)C#CCC)C(=O)NC(=O)N(C)C1=O,4.0,C14H18N2O3,262.31
CHEMBL40,PHENOBARBITAL,CCC1(c2ccccc2)C(=O)NC(=O)NC1=O,4.0,C12H12N2O3,232.24
CHEMBL41,FLUOXETINE,CNCCC(Oc1ccc(C(F)(F)F)cc1)c1ccccc1,4.0,C17H18F3NO,309.33
CHEMBL7257,MEBUFOTENIN,COc1ccc2[nH]cc(CCN(C)C)c2c1,2.0,C13H18N2O,218.30
CHEMBL443,SULFAMETHOXAZOLE,Cc1cc(NS(=O)(=O)c2ccc(N)cc2)no1,4.0,C10H11N3O3S,253.28
CHEMBL444,BARBITAL,CCC1(CC)C(=O)NC(=O)NC1=O,4.0,C8H12N2O3,184.19
CHEMBL42,CLOZAPINE,CN1CCN(C2=Nc3cc(Cl)ccc3Nc3ccccc32)CC1,4.0,C18H19ClN4,326.83
CHEMBL445,NORTRIPTYLINE,CNCCC=C1c2ccccc2CCc2ccccc21,4.0,C19H21N,263.38
CHEMBL446,SULFAMETHAZINE,Cc1cc(C)nc(NS(=O)(=O)c2ccc(N)cc2)n1,4.0,C12H14N4O2S,278.34
CHEMBL447,SECOBARBITAL,C=CCC1(C(C)CCC)C(=O)NC(=O)NC1=O,4.0,C12H18N2O3,238.29
CHEMBL448,PENTOBARBITAL,CCCC(C)C1(CC)C(=O)NC(=O)NC1=O,4.0,C11H18N2O3,226.28
CHEMBL7568,QUINACRINE,CCN(CC)CCCC(C)Nc1c2ccc(Cl)cc2nc2ccc(OC)cc12,4.0,C23H30ClN3O,399.97
CHEMBL267894,AMOBARBITAL,CCC1(CCC(C)C)C(=O)NC(=O)NC1=O,4.0,C11H18N2O3,226.28
CHEMBL7728,HEXOBARBITAL,CN1C(=O)NC(=O)C(C)(C2=CCCCC2)C1=O,4.0,C12H16N2O3,236.27
CHEMBL449,BUTABARBITAL,CCC(C)C1(CC)C(=O)NC(=O)NC1=O,4.0,C10H16N2O3,212.25
CHEMBL7863,APROBARBITAL,C=CCC1(C(C)C)C(=O)NC(=O)NC1=O,4.0,C10H14N2O3,210.23
CHEMBL450,METHARBITAL,CCC1(CC)C(=O)NC(=O)N(C)C1=O,4.0,C9H14N2O3,198.22
CHEMBL267719,ALLOBARBITAL,C=CCC1(CC=C)C(=O)NC(=O)NC1=O,2.0,C10H12N2O3,208.22
CHEMBL451,CHLORDIAZEPOXIDE,CNC1=Nc2ccc(Cl)cc2C(c2ccccc2)=[N+]([O-])C1,4.0,C16H14ClN3O,299.76
CHEMBL266349,MELAGATRAN,N=C(N)c1ccc(CNC(=O)[C@@H]2CCN2C(=O)[C@H](NCC(=O)O)C2CCCCC2)cc1,4.0,C22H31N5O4,429.52
CHEMBL452,CLONAZEPAM,O=C1CN=C(c2ccccc2Cl)c2cc([N+](=O)[O-])ccc2N1,4.0,C15H10ClN3O3,315.72
CHEMBL453,SULFISOXAZOLE,Cc1noc(NS(=O)(=O)c2ccc(N)cc2)c1C,4.0,C11H13N3O3S,267.31
CHEMBL268869,SULFAMETHOXYPYRIDAZINE,COc1ccc(NS(=O)(=O)c2ccc(N)cc2)nn1,4.0,C11H12N4O3S,280.31
CHEMBL454,BUTALBITAL,C=CCC1(CC(C)C)C(=O)NC(=O)NC1=O,4.0,C11H16N2O3,224.26
CHEMBL455,SULFACETAMIDE,CC(=O)NS(=O)(=O)c1ccc(N)cc1,4.0,C8H10N2O3S,214.25
CHEMBL43,AMSACRINE,COc1cc(NS(C)(=O)=O)ccc1Nc1c2ccccc2nc2ccccc12,4.0,C21H19N3O3S,393.47
CHEMBL7797,INDACRINONE,CC1(c2ccccc2)Cc2cc(OCC(=O)O)c(Cl)c(Cl)c2C1=O,2.0,C18H14Cl2O4,365.21
CHEMBL429405,SARCOLYSIN,NC(Cc1ccc(N(CCCl)CCCl)cc1)C(=O)O,2.0,C13H18Cl2N2O2,305.21
CHEMBL456,ETHACRYNIC ACID,C=C(CC)C(=O)c1ccc(OCC(=O)O)c(Cl)c1Cl,4.0,C13H12Cl2O4,303.14
CHEMBL44,GENISTEIN,O=c1c(-c2ccc(O)cc2)coc2cc(O)cc(O)c12,2.0,C15H10O5,270.24
CHEMBL7549,PRECLAMOL,CCCN1CCC[C@@H](c2cccc(O)c2)C1,2.0,C14H21NO,219.33
CHEMBL267744,TICRYNAFEN,O=C(O)COc1ccc(C(=O)c2cccs2)c(Cl)c1Cl,4.0,C13H8Cl2O4S,331.18
CHEMBL7643,SULOFENUR,O=C(Nc1ccc(Cl)cc1)NS(=O)(=O)c1ccc2c(c1)CCC2,2.0,C16H15ClN2O3S,350.83
CHEMBL457,GEMFIBROZIL,Cc1ccc(C)c(OCCCC(C)(C)C(=O)O)c1,4.0,C15H22O3,250.34
CHEMBL45,MELATONIN,COc1ccc2[nH]cc(CCNC(C)=O)c2c1,4.0,C13H16N2O2,232.28
CHEMBL8085,LYSINE,NCCCC[C@H](N)C(=O)O,2.0,C6H14N2O2,146.19
CHEMBL7890,L-NAME,COC(=O)[C@@H](N)CCCNC(=N)N[N+](=O)[O-],2.0,C7H15N5O4,233.23
CHEMBL266510,FLINDOKALNER,COc1ccc(Cl)cc1[C@]1(F)C(=O)Nc2cc(C(F)(F)F)ccc21,3.0,C16H10ClF4NO2,359.71
CHEMBL8184,CARTAZOLATE,CCCCNc1c(C(=O)OCC)cnc2c1cnn2CC,2.0,C15H22N4O2,290.37
CHEMBL46,ONDANSETRON,Cc1nccn1CC1CCc2c(c3ccccc3n2C)C1=O,4.0,C18H19N3O,293.37
CHEMBL8145,DAIDZEIN,O=c1c(-c2ccc(O)cc2)coc2cc(O)ccc12,2.0,C15H10O4,254.24
CHEMBL7983,PROPYL GALLATE,CCCOC(=O)c1cc(O)c(O)c(O)c1,1.0,C10H12O5,212.20
CHEMBL8148,TIENOXOLOL,CCOC(=O)c1cc(NC(=O)c2cccs2)ccc1OCC(O)CNC(C)(C)C,2.0,C21H28N2O5S,420.53
CHEMBL8030,TOLIMIDONE,Cc1cccc(Oc2cnc(=O)[nH]c2)c1,2.0,C11H10N2O2,202.21
CHEMBL8412,IPSAPIRONE,O=C1c2ccccc2S(=O)(=O)N1CCCCN1CCN(c2ncccn2)CC1,2.0,C19H23N5O3S,401.49
CHEMBL49,BUSPIRONE,O=C1CC2(CCCC2)CC(=O)N1CCCCN1CCN(c2ncccn2)CC1,4.0,C21H31N5O2,385.51
CHEMBL8260,BAICALEIN,O=c1cc(-c2ccccc2)oc2cc(O)c(O)c(O)c12,2.0,C15H10O5,270.24
CHEMBL50,QUERCETIN,O=c1c(O)c(-c2ccc(O)c(O)c2)oc2cc(O)cc(O)c12,3.0,C15H10O7,302.24
CHEMBL51,KETANSERIN,O=C(c1ccc(F)cc1)C1CCN(CCn2c(=O)[nH]c3ccccc3c2=O)CC1,4.0,C22H22FN3O3,395.43
CHEMBL8273,SULOTROBAN,O=C(O)COc1ccc(CCNS(=O)(=O)c2ccccc2)cc1,2.0,C16H17NO5S,335.38
CHEMBL459,METHYLDOPA,C[C@](N)(Cc1ccc(O)c(O)c1)C(=O)O,4.0,C10H13NO4,211.22
CHEMBL460,MOLINDONE,CCc1c(C)[nH]c2c1C(=O)C(CN1CCOCC1)CC2,4.0,C16H24N2O2,276.38
CHEMBL53,APOMORPHINE,CN1CCc2cccc3c2[C@H]1Cc1ccc(O)c(O)c1-3,4.0,C17H17NO2,267.33
CHEMBL54,HALOPERIDOL,O=C(CCCN1CCC(O)(c2ccc(Cl)cc2)CC1)c1ccc(F)cc1,4.0,C21H23ClFNO2,375.87
CHEMBL8425,NAFAZATROM,CC1=NN(CCOc2ccc3ccccc3c2)C(=O)C1,2.0,C16H16N2O2,268.32
CHEMBL55,PENTAMIDINE,N=C(N)c1ccc(OCCCCCOc2ccc(C(=N)N)cc2)cc1,4.0,C19H24N4O2,340.43
CHEMBL463,AMINOHIPPURIC ACID,Nc1ccc(C(=O)NCC(=O)O)cc1,4.0,C9H10N2O3,194.19
CHEMBL464,ETRETINATE,CCOC(=O)/C=C(C)/C=C/C=C(C)/C=C/c1c(C)cc(OC)c(C)c1C,4.0,C23H30O3,354.49
CHEMBL8514,BUTACLAMOL,CC(C)(C)[C@]1(O)CCN2C[C@H]3c4ccccc4CCc4cccc(c43)[C@@H]2C1,2.0,C25H31NO,361.53
CHEMBL57,NEVIRAPINE,Cc1ccnc2c1NC(=O)c1cccnc1N2C1CC1,4.0,C15H14N4O,266.30
CHEMBL8659,OLEIC ACID,CCCCCCCC/C=C\CCCCCCCC(=O)O,2.0,C18H34O2,282.47
CHEMBL8706,CLORGILINE,C#CCN(C)CCCOc1ccc(Cl)cc1Cl,2.0,C13H15Cl2NO,272.18
CHEMBL267476,LINOLEIC ACID,CCCCC/C=C\C/C=C\CCCCCCCC(=O)O,2.0,C18H32O2,280.45
CHEMBL8846,PRIFELONE,CC(C)(C)c1cc(C(=O)c2cccs2)cc(C(C)(C)C)c1O,2.0,C19H24O2S,316.47
CHEMBL8759,EGLUMETAD,N[C@@]1(C(=O)O)CC[C@H]2[C@H](C(=O)O)[C@H]21,2.0,C8H11NO4,185.18
CHEMBL465,DRONABINOL,CCCCCc1cc(O)c2c(c1)OC(C)(C)[C@@H]1CCC(C)=C[C@@H]21,4.0,C21H30O2,314.47
CHEMBL58,MITOXANTRONE,O=C1c2c(O)ccc(O)c2C(=O)c2c(NCCNCCO)ccc(NCCNCCO)c21,4.0,C22H28N4O6,444.49
CHEMBL59,DOPAMINE,NCCc1ccc(O)c(O)c1,4.0,C8H11NO2,153.18
CHEMBL267930,SPIPERONE,O=C(CCCN1CCC2(CC1)C(=O)NCN2c1ccccc1)c1ccc(F)cc1,2.0,C23H26FN3O2,395.48
CHEMBL267473,DAZOXIBEN,O=C(O)c1ccc(OCCn2ccnc2)cc1,2.0,C12H12N2O3,232.24
CHEMBL267044,LEVOSULPIRIDE,CCN1CCC[C@H]1CNC(=O)c1cc(S(N)(=O)=O)ccc1OC,2.0,C15H23N3O4S,341.43
CHEMBL8809,RACLOPRIDE,CCN1CCC[C@H]1CNC(=O)c1c(O)c(Cl)cc(Cl)c1OC,2.0,C15H20Cl2N2O3,347.24
CHEMBL8946,ETICLOPRIDE,CCc1cc(Cl)c(OC)c(C(=O)NC[C@@H]2CCCN2CC)c1O,2.0,C17H25ClN2O3,340.85
CHEMBL267723,IOLOPRIDE,CCN1CCC[C@H]1CNC(=O)c1c(OC)ccc(I)c1O,2.0,C15H21IN2O3,404.25
CHEMBL267932,MESPIPERONE,CN1CN(c2ccccc2)C2(CCN(CCCC(=O)c3ccc(F)cc3)CC2)C1=O,2.0,C24H28FN3O2,409.51
CHEMBL467,HYDROXYUREA,NC(=O)NO,4.0,CH4N2O2,76.05
CHEMBL267227,DELTA-8-TETRAHYDROCANNABINOL,CCCCCc1cc(O)c2c(c1)OC(C)(C)[C@@H]1CC=C(C)C[C@@H]21,2.0,C21H30O2,314.47
CHEMBL61,PODOFILOX,COc1cc([C@@H]2c3cc4c(cc3[C@H](O)[C@H]3COC(=O)[C@H]23)OCO4)cc(OC)c1OC,4.0,C22H22O8,414.41
CHEMBL8965,ROSARAMICIN,CC[C@H]1OC(=O)C[C@@H](O)[C@H](C)[C@@H](O[C@@H]2O[C@H](C)C[C@H](N(C)C)[C@H]2O)[C@@H](CC=O)C[C@@H](C)C(=O)/C=C/[C@]2(C)O[C@H]2[C@@H]1C,2.0,C31H51NO9,581.75
CHEMBL63,ROLIPRAM,COc1ccc(C2CNC(=O)C2)cc1OC1CCCC1,2.0,C16H21NO3,275.35
CHEMBL9298,FADROZOLE,N#Cc1ccc(C2CCCc3cncn32)cc1,2.0,C14H13N3,223.28
CHEMBL64,ISONIAZID,NNC(=O)c1ccncc1,4.0,C6H7N3O,137.14
CHEMBL468,THALIDOMIDE,O=C1CCC(N2C(=O)c3ccccc3C2=O)C(=O)N1,4.0,C13H10N2O4,258.23
CHEMBL469,KETOROLAC,O=C(c1ccccc1)c1ccc2n1CCC2C(=O)O,4.0,C15H13NO3,255.27
CHEMBL9194,ATRASENTAN,CCCCN(CCCC)C(=O)CN1C[C@H](c2ccc3c(c2)OCO3)[C@@H](C(=O)O)[C@@H]1c1ccc(OC)cc1,3.0,C29H38N2O6,510.63
CHEMBL9509,SILIBININ,COc1cc(C2Oc3cc([C@H]4Oc5cc(O)cc(O)c5C(=O)[C@@H]4O)ccc3OC2CO)ccc1O,3.0,C25H22O10,482.44
CHEMBL428479,ANIROLAC,COc1ccc(C(=O)c2ccc3n2CCC3C(=O)O)cc1,2.0,C16H15NO4,285.30
CHEMBL9116,CARACEMIDE,CNC(=O)ON(C(C)=O)C(=O)NC,2.0,C6H11N3O4,189.17
CHEMBL9324,TETRYLAMMONIUM,CC[N+](CC)(CC)CC,2.0,C8H20N+,130.25
CHEMBL471,SOTALOL,CC(C)NCC(O)c1ccc(NS(C)(=O)=O)cc1,4.0,C12H20N2O3S,272.37
CHEMBL9506,DEVAZEPIDE,CN1C(=O)[C@@H](NC(=O)c2cc3ccccc3[nH]2)N=C(c2ccccc2)c2ccccc21,2.0,C25H20N4O2,408.46
CHEMBL9419,METACETAMOL,CC(=O)Nc1cccc(O)c1,2.0,C8H9NO2,151.16
CHEMBL9514,NOCODAZOLE,COC(=O)Nc1nc2cc(C(=O)c3cccs3)ccc2[nH]1,2.0,C14H11N3O3S,301.33
CHEMBL472,GLYBURIDE,COc1ccc(Cl)cc1C(=O)NCCc1ccc(S(=O)(=O)NC(=O)NC2CCCCC2)cc1,4.0,C23H28ClN3O5S,494.01
CHEMBL9484,CLOFILIUM,CCCCCCC[N+](CC)(CC)CCCCc1ccc(Cl)cc1,2.0,C21H37ClN+,338.99
CHEMBL9225,HEXESTROL,CC[C@H](c1ccc(O)cc1)[C@@H](CC)c1ccc(O)cc1,4.0,C18H22O2,270.37
CHEMBL473,DOFETILIDE,CN(CCOc1ccc(NS(C)(=O)=O)cc1)CCc1ccc(NS(C)(=O)=O)cc1,4.0,C19H27N3O5S2,441.58
CHEMBL417975,SEZOLAMIDE,CC(C)CN[C@H]1CCS(=O)(=O)c2sc(S(N)(=O)=O)cc21,2.0,C11H18N2O4S3,338.48
CHEMBL275528,PHENCYCLIDINE,c1ccc(C2(N3CCCCC3)CCCCC2)cc1,2.0,C17H25N,243.39
CHEMBL268254,DELORAZEPAM,O=C1CN=C(c2ccccc2Cl)c2cc(Cl)ccc2N1,2.0,C15H10Cl2N2O,305.16
CHEMBL476,DACARBAZINE,CN(C)/N=N/c1[nH]cnc1C(N)=O,4.0,C6H10N6O,182.19
CHEMBL477,ADENOSINE,Nc1ncnc2c1ncn2[C@@H]1O[C@H](CO)[C@@H](O)[C@H]1O,4.0,C10H13N5O4,267.25
CHEMBL9440,METESIND,CN(Cc1ccc(S(=O)(=O)N2CCOCC2)cc1)c1ccc2c3c(cccc13)C(=N)N2,2.0,C23H24N4O3S,436.54
CHEMBL478,CHLOROPHENYLPIPERAZINE,Clc1cccc(N2CCNCC2)c1,2.0,C10H13ClN2,196.68
CHEMBL479,THIORIDAZINE,CSc1ccc2c(c1)N(CCC1CCCCN1C)c1ccccc1S2,4.0,C21H26N2S2,370.59
CHEMBL480,LANSOPRAZOLE,Cc1c(OCC(F)(F)F)ccnc1C[S+]([O-])c1nc2ccccc2[nH]1,4.0,C16H14F3N3O2S,369.37
CHEMBL481,IRINOTECAN,CCc1c2c(nc3ccc(OC(=O)N4CCC(N5CCCCC5)CC4)cc13)-c1cc3c(c(=O)n1C2)COC(=O)[C@]3(O)CC,4.0,C33H38N4O6,586.69
CHEMBL70,MORPHINE,CN1CC[C@]23c4c5ccc(O)c4O[C@H]2[C@@H](O)C=C[C@H]3[C@H]1C5,4.0,C17H19NO3,285.34
CHEMBL483,TENOFOVIR ANHYDROUS,C[C@H](Cn1cnc2c(N)ncnc21)OCP(=O)(O)O,3.0,C9H14N5O4P,287.22
CHEMBL484,ADEFOVIR,Nc1ncnc2c1ncn2CCOCP(=O)(O)O,3.0,C8H12N5O4P,273.19
CHEMBL485,CODEINE,COc1ccc2c3c1O[C@H]1[C@@H](O)C=C[C@H]4[C@@H](C2)N(C)CC[C@@]341,4.0,C18H21NO3,299.37
CHEMBL71,CHLORPROMAZINE,CN(C)CCCN1c2ccccc2Sc2ccc(Cl)cc21,4.0,C17H19ClN2S,318.87
CHEMBL72,DESIPRAMINE,CNCCCN1c2ccccc2CCc2ccccc21,4.0,C18H22N2,266.39
CHEMBL487,DROLOXIFENE,CC/C(=C(/c1ccc(OCCN(C)C)cc1)c1cccc(O)c1)c1ccccc1,3.0,C26H29NO2,387.52
CHEMBL488,AMINOGLUTETHIMIDE,CCC1(c2ccc(N)cc2)CCC(=O)NC1=O,4.0,C13H16N2O2,232.28
CHEMBL489,AFIMOXIFENE,CC/C(=C(\c1ccc(O)cc1)c1ccc(OCCN(C)C)cc1)c1ccccc1,3.0,C26H29NO2,387.52
CHEMBL264214,DISUPRAZOLE,CCSc1ccnc(C[S+]([O-])c2nc3ccccc3[nH]2)c1C,2.0,C16H17N3OS2,331.47
CHEMBL74,CROMOLYN SODIUM,O=C([O-])c1cc(=O)c2c(OCC(O)COc3cccc4oc(C(=O)[O-])cc(=O)c34)cccc2o1.[Na+].[Na+],4.0,C23H14Na2O11,512.33
CHEMBL9861,TIMOPRAZOLE,[O-][S+](Cc1ccccn1)c1nc2ccccc2[nH]1,2.0,C13H11N3OS,257.32
CHEMBL76,CHLOROQUINE,CCN(CC)CCCC(C)Nc1ccnc2cc(Cl)ccc12,4.0,C18H26ClN3,319.88
CHEMBL490,PAROXETINE,Fc1ccc([C@@H]2CCNC[C@H]2COc2ccc3c(c2)OCO3)cc1,4.0,C19H20FNO3,329.37
CHEMBL77,ARTEMISIN,C[C@@H]1CC[C@H]2[C@@H](C)C(=O)O[C@@H]3O[C@]4(C)CC[C@@H]1C32OO4,3.0,C15H22O5,282.34
CHEMBL416146,ETORICOXIB,Cc1ccc(-c2ncc(Cl)cc2-c2ccc(S(C)(=O)=O)cc2)cn1,4.0,C18H15ClN2O2S,358.85
CHEMBL10085,MAZAPERTINE,CC(C)Oc1ccccc1N1CCN(Cc2cccc(C(=O)N3CCCCC3)c2)CC1,2.0,C26H35N3O2,421.59
CHEMBL79,LIDOCAINE,CCN(CC)CC(=O)Nc1c(C)cccc1C,4.0,C14H22N2O,234.34
CHEMBL10188,TALNETANT,CC[C@H](NC(=O)c1c(O)c(-c2ccccc2)nc2ccccc12)c1ccccc1,2.0,C25H22N2O2,382.46
CHEMBL9967,PIRENZEPINE,CN1CCN(CC(=O)N2c3ccccc3C(=O)Nc3cccnc32)CC1,4.0,C19H21N5O2,351.41
CHEMBL10316,IDAZOXAN,c1ccc2c(c1)OCC(C1=NCCN1)O2,3.0,C11H12N2O2,204.23
CHEMBL491,HYDROXYFLUTAMIDE,CC(C)(O)C(=O)Nc1ccc([N+](=O)[O-])c(C(F)(F)F)c1,2.0,C11H11F3N2O4,292.21
CHEMBL9960,AZD-7624,CC[C@H](NC(=O)c1cc(-c2ccccc2)nc2ccccc12)c1ccccc1,2.0,C25H22N2O,366.46
CHEMBL10272,BENZETIMIDE,O=C1CCC(c2ccccc2)(C2CCN(Cc3ccccc3)CC2)C(=O)N1,2.0,C23H26N2O2,362.47
CHEMBL492,ETIDOCAINE,CCCN(CC)C(CC)C(=O)Nc1c(C)cccc1C,4.0,C17H28N2O,276.42
CHEMBL80,NALOXONE,C=CCN1CC[C@]23c4c5ccc(O)c4O[C@H]2C(=O)CC[C@@]3(O)[C@H]1C5,4.0,C19H21NO4,327.38
CHEMBL81,RALOXIFENE,O=C(c1ccc(OCCN2CCCCC2)cc1)c1c(-c2ccc(O)cc2)sc2cc(O)ccc12,4.0,C28H27NO4S,473.59
CHEMBL269671,ARTEMISININ,C[C@@H]1CC[C@H]2[C@@H](C)C(=O)O[C@@H]3O[C@@]4(C)CC[C@@H]1[C@]32OO4,3.0,C15H22O5,282.34
CHEMBL83,TAMOXIFEN,CC/C(=C(\c1ccccc1)c1ccc(OCCN(C)C)cc1)c1ccccc1,4.0,C26H29NO,371.52
CHEMBL493,BROMOCRIPTINE,CC(C)C[C@H]1C(=O)N2CCC[C@H]2[C@]2(O)O[C@](NC(=O)[C@@H]3C=C4c5cccc6[nH]c(Br)c(c56)C[C@H]4N(C)C3)(C(C)C)C(=O)N12,4.0,C32H40BrN5O5,654.61
CHEMBL273264,NAFAMOSTAT,N=C(N)Nc1ccc(C(=O)Oc2ccc3cc(C(=N)N)ccc3c2)cc1,3.0,C19H17N5O2,347.38
CHEMBL274070,9-AMINOCAMPTOTHECIN,CC[C@@]1(O)C(=O)OCc2c1cc1n(c2=O)Cc2cc3c(N)cccc3nc2-1,2.0,C20H17N3O4,363.37
CHEMBL269455,IMIRESTAT,O=C1NC(=O)C2(N1)c1cc(F)ccc1-c1ccc(F)cc12,2.0,C15H8F2N2O2,286.24
CHEMBL10445,CLOXACEPRIDE,CCN(CC)CCNC(=O)c1cc(Cl)c(NC(=O)COc2ccc(Cl)cc2)cc1OC,2.0,C22H27Cl2N3O4,468.38
CHEMBL273862,HYDROXYCAMPTOTHECIN,CC[C@@]1(O)C(=O)OCc2c1cc1n(c2=O)Cc2cc3cc(O)ccc3nc2-1,3.0,C20H16N2O5,364.36
CHEMBL10413,ZENARESTAT,O=C(O)Cn1c(=O)n(Cc2ccc(Br)cc2F)c(=O)c2ccc(Cl)cc21,2.0,C17H11BrClFN2O4,441.64
CHEMBL494,ILOPROST,CC#CCC(C)[C@H](O)/C=C/[C@@H]1[C@H]2C/C(=C/CCCC(=O)O)C[C@H]2C[C@H]1O,4.0,C22H32O4,360.49
CHEMBL84,TOPOTECAN,CC[C@@]1(O)C(=O)OCc2c1cc1n(c2=O)Cc2cc3c(CN(C)C)c(O)ccc3nc2-1,4.0,C23H23N3O5,421.45
CHEMBL10372,ZOPOLRESTAT,O=C(O)Cc1nn(Cc2nc3cc(C(F)(F)F)ccc3s2)c(=O)c2ccccc12,2.0,C19H12F3N3O3S,419.38
CHEMBL273910,MINALRESTAT,O=C1CC2(C(=O)N1)C(=O)N(Cc1ccc(Br)cc1F)C(=O)c1ccc(F)cc12,2.0,C19H11BrF2N2O4,449.21
CHEMBL85,RISPERIDONE,Cc1nc2n(c(=O)c1CCN1CCC(c3noc4cc(F)ccc34)CC1)CCCC2,4.0,C23H27FN4O2,410.49
CHEMBL10758,AZEPINDOLE,c1ccc2c(c1)cc1n2CCCNC1,2.0,C12H14N2,186.26
CHEMBL428880,CROMOLYN,O=C(O)c1cc(=O)c2c(OCC(O)COc3cccc4oc(C(=O)O)cc(=O)c34)cccc2o1,4.0,C23H16O11,468.37
CHEMBL86,METOCLOPRAMIDE,CCN(CC)CCNC(=O)c1cc(Cl)c(N)cc1OC,4.0,C14H22ClN3O2,299.80
CHEMBL10634,BERMOPROFEN,Cc1ccc2c(c1)CC(=O)c1cc(C(C)C(=O)O)ccc1O2,2.0,C18H16O4,296.32
CHEMBL428647,PACLITAXEL,CC(=O)O[C@H]1C(=O)[C@@]2(C)[C@H]([C@H](OC(=O)c3ccccc3)[C@]3(O)C[C@H](OC(=O)[C@H](O)[C@@H](NC(=O)c4ccccc4)c4ccccc4)C(C)=C1C3(C)C)[C@]1(OC(C)=O)CO[C@@H]1C[C@@H]2O,4.0,C47H51NO14,853.92
CHEMBL415247,JDTIC,CC(C)[C@@H](CN1CC[C@@](C)(c2cccc(O)c2)[C@@H](C)C1)NC(=O)[C@H]1Cc2ccc(O)cc2CN1,1.0,C28H39N3O3,465.64
CHEMBL495,ALPROSTADIL,CCCCC[C@H](O)/C=C/[C@H]1[C@H](O)CC(=O)[C@@H]1CCCCCCC(=O)O,4.0,C20H34O5,354.49
CHEMBL496,HEXACHLOROPHENE,Oc1c(Cl)cc(Cl)c(Cl)c1Cc1c(O)c(Cl)cc(Cl)c1Cl,4.0,C13H6Cl6O2,406.91
CHEMBL497,CLIOQUINOL,Oc1c(I)cc(Cl)c2cccnc12,4.0,C9H5ClINO,305.50
CHEMBL10878,AGOMELATINE,COc1ccc2cccc(CCNC(C)=O)c2c1,4.0,C15H17NO2,243.31
CHEMBL88,CYCLOPHOSPHAMIDE ANHYDROUS,O=P1(N(CCCl)CCCl)NCCCO1,4.0,C7H15Cl2N2O2P,261.09
CHEMBL498,CHLORPROPAMIDE,CCCNC(=O)NS(=O)(=O)c1ccc(Cl)cc1,4.0,C10H13ClN2O3S,276.75
CHEMBL499,TIMOLOL,CC(C)(C)NC[C@H](O)COc1nsnc1N1CCOCC1,4.0,C13H24N4O3S,316.43
CHEMBL500,PINDOLOL,CC(C)NCC(O)COc1cccc2[nH]ccc12,4.0,C14H20N2O2,248.33
CHEMBL273977,SODIUM CYCLAMATE,O=S(=O)([O-])NC1CCCCC1.[Na+],2.0,C6H12NNaO3S,201.22
CHEMBL11417,STREPTONIGRIN,COC1=C(N)C(=O)c2nc(-c3nc(C(=O)O)c(C)c(-c4ccc(OC)c(OC)c4O)c3N)ccc2C1=O,2.0,C25H22N4O8,506.47
CHEMBL11252,STALLIMYCIN,Cn1cc(NC(=O)c2cc(NC(=O)c3cc(NC=O)cn3C)cn2C)cc1C(=O)NCCC(=N)N,2.0,C22H27N9O4,481.52
CHEMBL276832,HYDRALAZINE,NNc1nncc2ccccc12,4.0,C8H8N4,160.18
CHEMBL274185,LECIMIBIDE,CCCCCCCN(CCCCCSc1nc(-c2ccccc2)c(-c2ccccc2)[nH]1)C(=O)Nc1ccc(F)cc1F,2.0,C34H40F2N4OS,590.78
CHEMBL11672,ROQUINIMEX,CN(C(=O)c1c(O)c2ccccc2n(C)c1=O)c1ccccc1,2.0,C18H16N2O3,308.34
CHEMBL501,AMPHETAMINE SULFATE,CC(N)Cc1ccccc1.O=S(=O)(O)O,4.0,C9H15NO4S,233.29
CHEMBL267345,AMPHOTERICIN B,C[C@@H]1[C@H](O)[C@@H](C)/C=C/C=C/C=C/C=C/C=C/C=C/C=C/[C@H](O[C@@H]2O[C@H](C)[C@@H](O)[C@H](N)[C@@H]2O)C[C@@H]2O[C@](O)(C[C@@H](O)C[C@@H](O)[C@H](O)CC[C@@H](O)C[C@@H](O)CC(=O)O[C@H]1C)C[C@H](O)[C@H]2C(=O)O,4.0,C47H73NO17,924.09
CHEMBL90,HISTAMINE,NCCc1c[nH]cn1,4.0,C5H9N3,111.15
CHEMBL91,MICONAZOLE,Clc1ccc(COC(Cn2ccnc2)c2ccc(Cl)cc2Cl)c(Cl)c1,4.0,C18H14Cl4N2O,416.13
CHEMBL275739,MOPIDRALAZINE,Cc1ccc(C)n1Nc1ccc(N2CCOCC2)nn1,2.0,C14H19N5O,273.34
CHEMBL11608,TYRAMINE,NCCc1ccc(O)cc1,3.0,C8H11NO,137.18
CHEMBL92,DOCETAXEL ANHYDROUS,CC(=O)O[C@@]12CO[C@@H]1C[C@H](O)[C@@]1(C)C(=O)[C@H](O)C3=C(C)[C@@H](OC(=O)[C@H](O)[C@@H](NC(=O)OC(C)(C)C)c4ccccc4)C[C@@](O)([C@@H](OC(=O)c4ccccc4)[C@H]21)C3(C)C,4.0,C43H53NO14,807.89
CHEMBL273124,PENCLOMEDINE,COc1nc(C(Cl)(Cl)Cl)c(Cl)c(OC)c1Cl,1.0,C8H6Cl5NO2,325.41
CHEMBL93,ZILEUTON,CC(c1cc2ccccc2s1)N(O)C(N)=O,4.0,C11H12N2O2S,236.30
CHEMBL94,PHYSOSTIGMINE,CNC(=O)Oc1ccc2c(c1)[C@]1(C)CCN(C)[C@@H]1N2C,4.0,C15H21N3O2,275.35
CHEMBL274323,ASPARTIC ACID,N[C@@H](CC(=O)O)C(=O)O,3.0,C4H7NO4,133.10
CHEMBL95,TACRINE,Nc1c2c(nc3ccccc13)CCCC2,4.0,C13H14N2,198.27
CHEMBL502,DONEPEZIL,COc1cc2c(cc1OC)C(=O)C(CC1CCN(Cc3ccccc3)CC1)C2,4.0,C24H29NO3,379.50
CHEMBL11298,SERINE,N[C@@H](CO)C(=O)O,3.0,C3H7NO3,105.09
CHEMBL12089,BERBERINE CHLORIDE,COc1ccc2cc3[n+](cc2c1OC)CCc1cc2c(cc1-3)OCO2.[Cl-],1.0,C20H18ClNO4,371.82
CHEMBL503,LOVASTATIN,CC[C@H](C)C(=O)O[C@H]1C[C@@H](C)C=C2C=C[C@H](C)[C@H](CC[C@@H]3C[C@@H](O)CC(=O)O3)[C@H]21,4.0,C24H36O5,404.55
CHEMBL12213,KETOTREXATE,CN1c2c([nH]c(N)nc2=O)NCC1CCNc1ccc(C(=O)N[C@@H](CCC(=O)O)C(=O)O)cc1,2.0,C21H27N7O6,473.49
CHEMBL11662,OZAGREL,O=C(O)/C=C/c1ccc(Cn2ccnc2)cc1,4.0,C13H12N2O2,228.25
CHEMBL267770,TIBEGLISENE,Cc1ccc(S(=O)(=O)C(CC#Cc2ccc(Cl)cc2)C(=O)O)cc1,2.0,C18H15ClO4S,362.83
CHEMBL12610,BENZYDAMINE,CN(C)CCCOc1nn(Cc2ccccc2)c2ccccc12,4.0,C19H23N3O,309.41
CHEMBL269644,ACETANILIDE,CC(=O)Nc1ccccc1,4.0,C8H9NO,135.17
CHEMBL12420,"N,N-DIMETHYLTRYPTAMINE",CN(C)CCc1c[nH]c2ccccc12,2.0,C12H16N2,188.27
CHEMBL504,DIMETHYL SULFOXIDE,C[S+](C)[O-],4.0,C2H6OS,78.14
CHEMBL275742,DEXPROPRANOLOL,CC(C)NC[C@@H](O)COc1cccc2ccccc12,2.0,C16H21NO2,259.35
CHEMBL12131,CLOSANTEL,Cc1cc(C(C#N)c2ccc(Cl)cc2)c(Cl)cc1NC(=O)c1cc(I)cc(I)c1O,2.0,C22H14Cl2I2N2O2,663.08
CHEMBL12543,METHYLPYRROLIDONE,CN1CCCC1=O,1.0,C5H9NO,99.13
CHEMBL12806,GLICONDAMIDE,CNC(=O)NS(=O)(=O)c1ccc(CCNC(=O)c2cc(Cl)ccc2OC)cc1,2.0,C18H20ClN3O5S,425.89
CHEMBL275758,RILMAKALIM,CC1(C)Oc2ccc(S(=O)(=O)c3ccccc3)cc2[C@@H](N2CCCC2=O)[C@@H]1O,2.0,C21H23NO5S,401.48
CHEMBL505,CHLORPHENIRAMINE,CN(C)CCC(c1ccc(Cl)cc1)c1ccccn1,4.0,C16H19ClN2,274.80
CHEMBL12531,CLAMIKALANT,CNC(=S)NS(=O)(=O)c1cc(CCNC(=O)c2cc(Cl)ccc2OC)ccc1OC,2.0,C19H22ClN3O5S2,471.99
CHEMBL506,PRIMAQUINE,COc1cc(NC(C)CCCN)c2ncccc2c1,4.0,C15H21N3O,259.35
CHEMBL273386,"2,4-DINITROPHENOL",O=[N+]([O-])c1ccc(O)c([N+](=O)[O-])c1,2.0,C6H4N2O5,184.11
CHEMBL12552,BIMAKALIM,CC1(C)C=C(n2ccccc2=O)c2cc(C#N)ccc2O1,2.0,C17H14N2O2,278.31
CHEMBL12318,CLODRONIC ACID,O=P(O)(O)C(Cl)(Cl)P(=O)(O)O,3.0,CH4Cl2O6P2,244.89
CHEMBL12394,PALMOXIRATE,CCCCCCCCCCCCCCC1(C(=O)O)CO1,2.0,C17H32O3,284.44
CHEMBL275803,SOPROMIDINE,Cc1nc[nH]c1CSCCNC(=N)N[C@H](C)Cc1c[nH]cn1,2.0,C14H23N7S,321.45
CHEMBL509,MECLOFENAMIC ACID,Cc1ccc(Cl)c(Nc2ccccc2C(=O)O)c1Cl,4.0,C14H11Cl2NO2,296.15
CHEMBL12208,HYMECROMONE,Cc1cc(=O)oc2cc(O)ccc12,2.0,C10H8O3,176.17
CHEMBL12608,IMPROMIDINE,Cc1[nH]cnc1CSCCNC(=N)NCCCc1c[nH]cn1,2.0,C14H23N7S,321.45
CHEMBL269646,TIOTIDINE,C/N=C(/NC#N)NCCSCc1csc(NC(=N)N)n1,2.0,C10H16N8S2,312.43
CHEMBL276443,ETILAMFETAMINE,CCNC(C)Cc1ccccc1,2.0,C11H17N,163.26
CHEMBL275446,METIAMIDE,CNC(=S)NCCSCc1[nH]cnc1C,2.0,C9H16N4S2,244.39
CHEMBL511,PYRILAMINE,COc1ccc(CN(CCN(C)C)c2ccccn2)cc1,4.0,C17H23N3O,285.39
CHEMBL267777,RITANSERIN,Cc1nc2sccn2c(=O)c1CCN1CCC(=C(c2ccc(F)cc2)c2ccc(F)cc2)CC1,2.0,C27H25F2N3OS,477.58
CHEMBL12713,SERTINDOLE,O=C1NCCN1CCN1CCC(c2cn(-c3ccc(F)cc3)c3ccc(Cl)cc23)CC1,4.0,C24H26ClFN4O,440.95
CHEMBL513,CARMUSTINE,O=NN(CCCl)C(=O)NCCCl,4.0,C5H9Cl2N3O2,214.05
CHEMBL12948,SEMUSTINE,CC1CCC(NC(=O)N(CCCl)N=O)CC1,3.0,C10H18ClN3O2,247.73
CHEMBL514,LOMUSTINE,O=NN(CCCl)C(=O)NC1CCCCC1,4.0,C9H16ClN3O2,233.70
CHEMBL96,GAMMA-AMINOBUTYRIC ACID,NCCCC(=O)O,1.0,C4H9NO2,103.12
CHEMBL12314,MESULERGINE,CN1C[C@@H](NS(=O)(=O)N(C)C)C[C@@H]2c3cccc4c3c(cn4C)C[C@H]21,2.0,C18H26N4O2S,362.50
CHEMBL275707,RIMCAZOLE,C[C@@H]1CN(CCCn2c3ccccc3c3ccccc32)C[C@H](C)N1,2.0,C21H27N3,321.47
CHEMBL515,CHLORAMBUCIL,O=C(O)CCCc1ccc(N(CCCl)CCCl)cc1,4.0,C14H19Cl2NO2,304.22
CHEMBL516,CYPROHEPTADINE,CN1CCC(=C2c3ccccc3C=Cc3ccccc32)CC1,4.0,C21H21N,287.41
CHEMBL12856,INAMRINONE,Nc1cc(-c2ccncc2)c[nH]c1=O,4.0,C10H9N3O,187.20
CHEMBL517,DISOPYRAMIDE,CC(C)N(CCC(C(N)=O)(c1ccccc1)c1ccccn1)C(C)C,4.0,C21H29N3O,339.48
CHEMBL417799,SANGUINARIUM,C[n+]1cc2c3c(ccc2c2ccc4cc5c(cc4c21)OCO5)OCO3,2.0,C20H14NO4+,332.34
CHEMBL273453,ALDOSTERONE,C[C@]12CCC(=O)C=C1CC[C@@H]1[C@@H]2[C@@H](O)C[C@]2(C=O)[C@@H](C(=O)CO)CC[C@@H]12,2.0,C21H28O5,360.45
CHEMBL13134,PALINAVIR,CC(C)[C@H](NC(=O)c1ccc2ccccc2n1)C(=O)N[C@@H](Cc1ccccc1)[C@H](O)CN1CC[C@@H](OCc2ccncc2)C[C@H]1C(=O)NC(C)(C)C,2.0,C41H52N6O5,708.90
CHEMBL12831,IMAZODAN,O=C1CCC(c2ccc(-n3ccnc3)cc2)=NN1,2.0,C13H12N4O,240.27
CHEMBL98,VORINOSTAT,O=C(CCCCCCC(=O)Nc1ccccc1)NO,4.0,C14H20N2O3,264.32
CHEMBL267648,PEFLOXACIN,CCn1cc(C(=O)O)c(=O)c2cc(F)c(N3CCN(C)CC3)cc21,2.0,C17H20FN3O3,333.36
CHEMBL99,TRICHOSTATIN,CC(/C=C/C(=O)NO)=C\[C@@H](C)C(=O)c1ccc(N(C)C)cc1,1.0,C17H22N2O3,302.37
CHEMBL276177,DISOBUTAMIDE,CC(C)N(CCC(CCN1CCCCC1)(C(N)=O)c1ccccc1Cl)C(C)C,2.0,C23H38ClN3O,408.03
CHEMBL13178,PRAVADOLINE,COc1ccc(C(=O)c2c(C)n(CCN3CCOCC3)c3ccccc23)cc1,2.0,C23H26N2O3,378.47
CHEMBL275040,KAINIC ACID,C=C(C)[C@H]1CN[C@H](C(=O)O)[C@H]1CC(=O)O,2.0,C10H15NO4,213.23
CHEMBL521,IBUPROFEN,CC(C)Cc1ccc(C(C)C(=O)O)cc1,4.0,C13H18O2,206.28
CHEMBL13376,CLOMETACIN,COc1ccc2c(C(=O)c3ccc(Cl)cc3)c(C)n(CC(=O)O)c2c1,4.0,C19H16ClNO4,357.79
CHEMBL13341,NIMETAZEPAM,CN1C(=O)CN=C(c2ccccc2)c2cc([N+](=O)[O-])ccc21,2.0,C16H13N3O3,295.30
CHEMBL13280,FLUNITRAZEPAM,CN1C(=O)CN=C(c2ccccc2F)c2cc([N+](=O)[O-])ccc21,4.0,C16H12FN3O3,313.29
CHEMBL13209,NITRAZEPAM,O=C1CN=C(c2ccccc2)c2cc([N+](=O)[O-])ccc2N1,4.0,C15H11N3O3,281.27
CHEMBL523,NORDAZEPAM,O=C1CN=C(c2ccccc2)c2cc(Cl)ccc2N1,2.0,C15H11ClN2O,270.72
CHEMBL13291,FLUDIAZEPAM,CN1C(=O)CN=C(c2ccccc2F)c2cc(Cl)ccc21,2.0,C16H12ClFN2O,302.74
CHEMBL524,METHOXAMINE,COc1ccc(OC)c(C(O)C(C)N)c1,4.0,C11H17NO3,211.26
CHEMBL526,PROPOFOL,CC(C)c1cccc(C(C)C)c1O,4.0,C12H18O,178.27
CHEMBL527,PIROXICAM,CN1C(C(=O)Nc2ccccn2)=C(O)c2ccccc2S1(=O)=O,4.0,C15H13N3O4S,331.35
CHEMBL528,CEFTIZOXIME,CO/N=C(\C(=O)N[C@@H]1C(=O)N2C(C(=O)O)=CCS[C@H]12)c1csc(N)n1,4.0,C13H13N5O5S2,383.41
CHEMBL273481,MUSCIMOL,NCc1cc(O)no1,1.0,C4H6N2O2,114.10
CHEMBL13324,DAZOQUINAST,O=C(O)c1cn2c(cnc3ccccc32)n1,2.0,C11H7N3O2,213.20
CHEMBL275459,APRIKALIM,C/N=C(/S)[C@]1(c2cccnc2)CCCC[S@@+]1[O-],2.0,C12H16N2OS2,268.41
CHEMBL100,LEVCROMAKALIM,CC1(C)Oc2ccc(C#N)cc2[C@@H](N2CCCC2=O)[C@@H]1O,2.0,C16H18N2O3,286.33
CHEMBL101,PHENYLBUTAZONE,CCCCC1C(=O)N(c2ccccc2)N(c2ccccc2)C1=O,4.0,C19H20N2O2,308.38
CHEMBL268501,PROQUAZONE,Cc1ccc2c(-c3ccccc3)nc(=O)n(C(C)C)c2c1,2.0,C18H18N2O,278.36
CHEMBL529,AZITHROMYCIN,CC[C@H]1OC(=O)[C@H](C)[C@@H](O[C@H]2C[C@@](C)(OC)[C@@H](O)[C@H](C)O2)[C@H](C)[C@@H](O[C@@H]2O[C@H](C)C[C@H](N(C)C)[C@H]2O)[C@](C)(O)C[C@@H](C)CN(C)[C@H](C)[C@@H](O)[C@]1(C)O,4.0,C38H72N2O12,749.00
CHEMBL530,AMDINOCILLIN,CC1(C)S[C@@H]2[C@H](/N=C/N3CCCCCC3)C(=O)N2[C@H]1C(=O)O,4.0,C15H23N3O3S,325.43
CHEMBL531,PERGOLIDE,CCCN1C[C@H](CSC)C[C@@H]2c3cccc4[nH]cc(c34)C[C@H]21,4.0,C19H26N2S,314.50
CHEMBL532,ERYTHROMYCIN,CC[C@H]1OC(=O)[C@H](C)[C@@H](O[C@H]2C[C@@](C)(OC)[C@@H](O)[C@H](C)O2)[C@H](C)[C@@H](O[C@@H]2O[C@H](C)C[C@H](N(C)C)[C@H]2O)[C@](C)(O)C[C@@H](C)C(=O)[C@H](C)[C@@H](O)[C@]1(C)O,4.0,C37H67NO13,733.94
CHEMBL269446,TRECETILIDE,CCN(CCCCCC(C)(C)F)CCC[C@H](O)c1ccc(NS(C)(=O)=O)cc1,2.0,C21H37FN2O3S,416.60
CHEMBL533,IBUTILIDE,CCCCCCCN(CC)CCCC(O)c1ccc(NS(C)(=O)=O)cc1,4.0,C20H36N2O3S,384.59
CHEMBL103,PROGESTERONE,CC(=O)[C@H]1CC[C@H]2[C@@H]3CCC4=CC(=O)CC[C@]4(C)[C@H]3CC[C@]12C,4.0,C21H30O2,314.47
CHEMBL14012,FENOXAZOLINE,CC(C)c1ccccc1OCC1=NCCN1,2.0,C13H18N2O,218.30
CHEMBL13817,IBUTAMOREN,CC(C)(N)C(=O)N[C@H](COCc1ccccc1)C(=O)N1CCC2(CC1)CN(S(C)(=O)=O)c1ccccc12,2.0,C27H36N4O5S,528.68
CHEMBL13828,OXATOMIDE,O=c1[nH]c2ccccc2n1CCCN1CCN(C(c2ccccc2)c2ccccc2)CC1,2.0,C27H30N4O,426.56
CHEMBL276711,SEMAXANIB,Cc1cc(C)c(/C=C2\C(=O)Nc3ccccc32)[nH]1,3.0,C15H14N2O,238.29
CHEMBL274654,ORANTINIB,Cc1[nH]c(/C=C2\C(=O)Nc3ccccc32)c(C)c1CCC(=O)O,3.0,C18H18N2O3,310.35
CHEMBL13608,TOCERANIB,Cc1[nH]c(/C=C2\C(=O)Nc3ccc(F)cc32)c(C)c1C(=O)NCCN1CCCC1,2.0,C22H25FN4O2,396.47
CHEMBL534,KETOTIFEN,CN1CCC(=C2c3ccccc3CC(=O)c3sccc32)CC1,4.0,C19H19NOS,309.43
CHEMBL13852,CIRAZOLINE,c1ccc(C2CC2)c(OCC2=NCCN2)c1,2.0,C13H16N2O,216.28
CHEMBL535,SUNITINIB,CCN(CC)CCNC(=O)c1c(C)[nH]c(/C=C2\C(=O)Nc3ccc(F)cc32)c1C,4.0,C22H27FN4O2,398.48
CHEMBL13878,TEBUFELONE,C#CCCCC(=O)c1cc(C(C)(C)C)c(O)c(C(C)(C)C)c1,2.0,C20H28O2,300.44
CHEMBL13881,PHENAMAZOLINE,c1ccc(NCC2=NCCN2)cc1,2.0,C10H13N3,175.24
CHEMBL537,HYDROQUINONE,Oc1ccc(O)cc1,4.0,C6H6O2,110.11
CHEMBL539,ACETIC ACID,CC(=O)O,4.0,C2H4O2,60.05
CHEMBL13960,DICHLOROACETIC ACID,O=C(O)C(Cl)Cl,3.0,C2H2Cl2O2,128.94
CHEMBL13589,AMANOZINE,Nc1ncnc(Nc2ccccc2)n1,2.0,C9H9N5,187.21
CHEMBL14053,TRICHLOROACETIC ACID,O=C(O)C(Cl)(Cl)Cl,3.0,C2HCl3O2,163.39
CHEMBL14227,BUTYRIC ACID,CCCC(=O)O,2.0,C4H8O2,88.11
CHEMBL14021,PROPIONIC ACID,CCC(=O)O,2.0,C3H6O2,74.08
CHEMBL14060,PHENOL,Oc1ccccc1,4.0,C6H6O,94.11
CHEMBL544,MEQUINOL,COc1ccc(O)cc1,4.0,C7H8O2,124.14
CHEMBL13766,GUAIACOL,COc1ccccc1O,3.0,C7H8O2,124.14
CHEMBL104,CLOTRIMAZOLE,Clc1ccccc1C(c1ccccc1)(c1ccccc1)n1ccnc1,4.0,C22H17ClN2,344.85
CHEMBL13779,CARBADOX,COC(=O)N/N=C/c1c[n+]([O-])c2ccccc2[n+]1[O-],2.0,C11H10N4O4,262.23
CHEMBL105,MITOMYCIN,CO[C@@]12[C@H](COC(N)=O)C3=C(C(=O)C(C)=C(N)C3=O)N1C[C@@H]1N[C@@H]12,4.0,C15H18N4O5,334.33
CHEMBL545,ALCOHOL,CCO,4.0,C2H6O,46.07
CHEMBL546,OXPRENOLOL,C=CCOc1ccccc1OCC(O)CNC(C)C,4.0,C15H23NO3,265.35
CHEMBL106,FLUCONAZOLE,OC(Cn1cncn1)(Cn1cncn1)c1ccc(F)cc1F,4.0,C13H12F2N6O,306.28
CHEMBL547,ISOTRETINOIN,CC1=C(/C=C/C(C)=C/C=C/C(C)=C\C(=O)O)C(C)(C)CCC1,4.0,C20H28O2,300.44
CHEMBL14376,ILOPERIDONE,COc1cc(C(C)=O)ccc1OCCCN1CCC(c2noc3cc(F)ccc23)CC1,4.0,C24H27FN2O4,426.49
CHEMBL14577,PRALIDOXIME IODIDE,C[n+]1ccccc1C=NO.[I-],2.0,C7H9IN2O,264.07
CHEMBL548,DINOPROSTONE,CCCCC[C@H](O)/C=C/[C@H]1[C@H](O)CC(=O)[C@@H]1C/C=C\CCCC(=O)O,4.0,C20H32O5,352.47
CHEMBL278020,NEOSTIGMINE,CN(C)C(=O)Oc1cccc([N+](C)(C)C)c1,4.0,C12H19N2O2+,223.30
CHEMBL14429,BETAPRODINE,CCC(=O)O[C@@]1(c2ccccc2)CCN(C)C[C@@H]1C,2.0,C16H23NO2,261.37
CHEMBL14762,SELICICLIB,CC[C@H](CO)Nc1nc(NCc2ccccc2)c2ncn(C(C)C)c2n1,2.0,C19H26N6O,354.46
CHEMBL14370,REBOXETINE,CCOc1ccccc1OC(c1ccccc1)C1CNCCO1,4.0,C19H23NO3,313.40
CHEMBL14249,ADENOSINE TRIPHOSPHATE,Nc1ncnc2c1ncn2[C@@H]1O[C@H](COP(=O)(O)OP(=O)(O)OP(=O)(O)O)[C@@H](O)[C@H]1O,2.0,C10H16N5O13P3,507.18
CHEMBL428690,ALVOCIDIB,CN1CC[C@H](c2c(O)cc(O)c3c(=O)cc(-c4ccccc4Cl)oc23)[C@H](O)C1,3.0,C21H20ClNO5,401.85
CHEMBL549,CITALOPRAM,CN(C)CCCC1(c2ccc(F)cc2)OCc2cc(C#N)ccc21,4.0,C20H21FN2O,324.40
CHEMBL550,PILOCARPINE,CC[C@@H]1C(=O)OC[C@@H]1Cc1cncn1C,4.0,C11H16N2O2,208.26
CHEMBL107,COLCHICINE,COc1cc2c(c(OC)c1OC)-c1ccc(OC)c(=O)cc1[C@@H](NC(C)=O)CC2,4.0,C22H25NO6,399.44
CHEMBL274239,TIARAMIDE,O=C(Cn1c(=O)sc2ccc(Cl)cc21)N1CCN(CCO)CC1,2.0,C15H18ClN3O3S,355.85
CHEMBL14935,TEZAMPANEL ANHYDROUS,O=C(O)[C@@H]1C[C@H]2C[C@@H](CCc3nn[nH]n3)CC[C@H]2CN1,2.0,C13H21N5O2,279.34
CHEMBL553,ERLOTINIB,C#Cc1cccc(Nc2ncnc3cc(OCCOC)c(OCCOC)cc23)c1,4.0,C22H23N3O4,393.44
CHEMBL273786,FLUMEZAPINE,Cc1cc2c(s1)Nc1ccc(F)cc1N=C2N1CCN(C)CC1,2.0,C17H19FN4S,330.43
CHEMBL554,LAPATINIB,CS(=O)(=O)CCNCc1ccc(-c2ccc3ncnc(Nc4ccc(OCc5cccc(F)c5)c(Cl)c4)c3c2)o1,4.0,C29H26ClFN4O4S,581.07
CHEMBL277382,PRODIPINE,CC(C)N1CCC(c2ccccc2)(c2ccccc2)CC1,2.0,C20H25N,279.43
CHEMBL15023,TRIFLUPERIDOL,O=C(CCCN1CCC(O)(c2cccc(C(F)(F)F)c2)CC1)c1ccc(F)cc1,4.0,C22H23F4NO2,409.42
CHEMBL279867,PANADIPLON,CC(C)n1c(=O)c2c(-c3noc(C4CC4)n3)ncn2c2ccccc21,2.0,C18H17N5O2,335.37
CHEMBL279605,METHESTROL,CCC(c1ccc(O)c(C)c1)C(CC)c1ccc(O)c(C)c1,2.0,C20H26O2,298.43
CHEMBL274047,TANDOSPIRONE,O=C1[C@@H]2[C@H]3CC[C@H](C3)[C@@H]2C(=O)N1CCCCN1CCN(c2ncccn2)CC1,2.0,C21H29N5O2,383.50
CHEMBL407641,MEZILAMINE,CNc1nc(Cl)c(SC)c(N2CCN(C)CC2)n1,2.0,C11H18ClN5S,287.82
CHEMBL108,CARBAMAZEPINE,NC(=O)N1c2ccccc2C=Cc2ccccc21,4.0,C15H12N2O,236.27
CHEMBL280481,VERLUKAST,CN(C)C(=O)CCS[C@H](SCCC(=O)O)c1cccc(/C=C/c2ccc3ccc(Cl)cc3n2)c1,2.0,C26H27ClN2O3S2,515.10
CHEMBL15245,YOHIMBINE,COC(=O)[C@@H]1[C@H]2C[C@H]3c4[nH]c5ccccc5c4CCN3C[C@@H]2CC[C@@H]1O,3.0,C21H26N2O3,354.45
CHEMBL109,VALPROIC ACID,CCCC(CCC)C(=O)O,4.0,C8H16O2,144.21
CHEMBL277100,TEMAFLOXACIN,CC1CN(c2cc3c(cc2F)c(=O)c(C(=O)O)cn3-c2ccc(F)cc2F)CCN1,4.0,C21H18F3N3O3,417.39
CHEMBL273348,TOSUFLOXACIN,NC1CCN(c2nc3c(cc2F)c(=O)c(C(=O)O)cn3-c2ccc(F)cc2F)C1,2.0,C19H15F3N4O3,404.35
CHEMBL278255,CLINAFLOXACIN,NC1CCN(c2c(F)cc3c(=O)c(C(=O)O)cn(C4CC4)c3c2Cl)C1,2.0,C17H17ClFN3O3,365.79
CHEMBL15511,ENROFLOXACIN,CCN1CCN(c2cc3c(cc2F)c(=O)c(C(=O)O)cn3C2CC2)CC1,2.0,C19H22FN3O3,359.40
CHEMBL15192,LAPACHONE,CC1(C)CCC2=C(O1)c1ccccc1C(=O)C2=O,2.0,C15H14O3,242.27
CHEMBL110,BENZNIDAZOLE,O=C(Cn1ccnc1[N+](=O)[O-])NCc1ccccc1,4.0,C12H12N4O3,260.25
CHEMBL556,DEFEROXAMINE,CC(=O)N(O)CCCCCNC(=O)CCC(=O)N(O)CCCCCNC(=O)CCC(=O)N(O)CCCCCN,4.0,C25H48N6O8,560.69
CHEMBL557,DETROTHYRONINE,N[C@H](Cc1cc(I)c(Oc2ccc(O)c(I)c2)c(I)c1)C(=O)O,2.0,C15H12I3NO4,650.98
CHEMBL558,MEXILETINE,Cc1cccc(C)c1OCC(C)N,4.0,C11H17NO,179.26
CHEMBL559,DEXTROTHYROXINE,N[C@H](Cc1cc(I)c(Oc2cc(I)c(O)c(I)c2)c(I)c1)C(=O)O,4.0,C15H11I4NO4,776.87
CHEMBL111,RIMONABANT,Cc1c(C(=O)NN2CCCCC2)nn(-c2ccc(Cl)cc2Cl)c1-c1ccc(Cl)cc1,4.0,C22H21Cl3N4O,463.80
CHEMBL15413,FLOMOXEF,CO[C@@]1(NC(=O)CSC(F)F)C(=O)N2C(C(=O)O)=C(CSc3nnnn3CCO)CO[C@@H]21,3.0,C15H18F2N6O7S2,496.47
CHEMBL273575,NOMIFENSINE,CN1Cc2c(N)cccc2C(c2ccccc2)C1,4.0,C16H18N2,238.33
CHEMBL16225,PYRROLE,c1cc[nH]c1,3.0,C4H5N,67.09
CHEMBL561,LOMEFLOXACIN,CCn1cc(C(=O)O)c(=O)c2cc(F)c(N3CCNC(C)C3)c(F)c21,4.0,C17H19F2N3O3,351.35
CHEMBL562,GRISEOFULVIN,COC1=CC(=O)C[C@@H](C)[C@]12Oc1c(Cl)c(OC)cc(OC)c1C2=O,4.0,C17H17ClO6,352.77
CHEMBL563,FLURBIPROFEN,CC(C(=O)O)c1ccc(-c2ccccc2)c(F)c1,4.0,C15H13FO2,244.26
CHEMBL15562,PYRIMIDINE,c1cncnc1,3.0,C4H4N2,80.09
CHEMBL15797,PYRAZINE,c1cnccn1,3.0,C4H4N2,80.09
CHEMBL564,PROMAZINE,CN(C)CCCN1c2ccccc2Sc2ccccc21,4.0,C17H20N2S,284.43
CHEMBL565,CLOFIBRATE,CCOC(=O)C(C)(C)Oc1ccc(Cl)cc1,4.0,C12H15ClO3,242.70
CHEMBL278488,ACIFRAN,CC1(c2ccccc2)OC(C(=O)O)=CC1=O,2.0,C12H10O4,218.21
CHEMBL566,URACIL,O=c1cc[nH]c(=O)[nH]1,3.0,C4H4N2O2,112.09
CHEMBL112,ACETAMINOPHEN,CC(=O)Nc1ccc(O)cc1,4.0,C8H9NO2,151.16
CHEMBL277522,FENBUFEN,O=C(O)CCC(=O)c1ccc(-c2ccccc2)cc1,2.0,C16H14O3,254.28
CHEMBL279157,RACEPHEDRINE,CNC(C)C(O)c1ccccc1,2.0,C10H15NO,165.24
CHEMBL113,CAFFEINE,Cn1c(=O)c2c(ncn2C)n(C)c1=O,4.0,C8H10N4O2,194.19
CHEMBL16073,PHENACETIN,CCOc1ccc(NC(C)=O)cc1,4.0,C10H13NO2,179.22
CHEMBL567,PERPHENAZINE,OCCN1CCN(CCCN2c3ccccc3Sc3ccc(Cl)cc32)CC1,4.0,C21H26ClN3OS,403.98
CHEMBL568,OXAZEPAM,O=C1Nc2ccc(Cl)cc2C(c2ccccc2)=NC1O,4.0,C15H11ClN2O2,286.72
CHEMBL15770,SULINDAC,CC1=C(CC(=O)O)c2cc(F)ccc2/C1=C\c1ccc([S+](C)[O-])cc1,4.0,C20H17FO3S,356.42
CHEMBL15677,FENCLOFENAC,O=C(O)Cc1ccccc1Oc1ccc(Cl)cc1Cl,4.0,C14H10Cl2O3,297.14
CHEMBL416898,CHLOROPHENOTHANE,Clc1ccc(C(c2ccc(Cl)cc2)C(Cl)(Cl)Cl)cc1,2.0,C14H9Cl5,354.49
CHEMBL15768,CAMPHOR,CC12CCC(CC1=O)C2(C)C,3.0,C10H16O,152.24
CHEMBL15913,CYTOSINE,Nc1cc[nH]c(=O)n1,2.0,C4H5N3O,111.10
CHEMBL16332,ZOFENOPRILAT,C[C@H](CS)C(=O)N1C[C@@H](Sc2ccccc2)C[C@H]1C(=O)O,2.0,C15H19NO3S2,325.45
CHEMBL276520,INDALPINE,c1ccc2c(CCC3CCNCC3)c[nH]c2c1,4.0,C15H20N2,228.34
CHEMBL569,PROCAINE,CCN(CC)CCOC(=O)c1ccc(N)cc1,4.0,C13H20N2O2,236.31
CHEMBL570,TRIFLUPROMAZINE,CN(C)CCCN1c2ccccc2Sc2ccc(C(F)(F)F)cc21,4.0,C18H19F3N2S,352.43
CHEMBL571,KETOPROFEN,CC(C(=O)O)c1cccc(C(=O)c2ccccc2)c1,4.0,C16H14O3,254.29
CHEMBL572,NITROFURANTOIN,O=C1CN(/N=C/c2ccc([N+](=O)[O-])o2)C(=O)N1,4.0,C8H6N4O5,238.16
CHEMBL15870,INDOPROFEN,CC(C(=O)O)c1ccc(N2Cc3ccccc3C2=O)cc1,4.0,C17H15NO3,281.31
CHEMBL15980,CYCLOHEXANE,C1CCCCC1,1.0,C6H12,84.16
CHEMBL15891,LINDANE,Cl[C@H]1[C@H](Cl)[C@@H](Cl)[C@@H](Cl)[C@H](Cl)[C@H]1Cl,4.0,C6H6Cl6,290.83
CHEMBL573,NIACIN,O=C(O)c1cccnc1,4.0,C6H5NO2,123.11
CHEMBL574,P-TOLUENESULFONAMIDE,Cc1ccc(S(N)(=O)=O)cc1,3.0,C7H9NO2S,171.22
CHEMBL575,METHICILLIN,COc1cccc(OC)c1C(=O)N[C@@H]1C(=O)N2[C@@H]1SC(C)(C)[C@@H]2C(=O)O,4.0,C17H20N2O6S,380.42
CHEMBL15721,NIFUROXIME,O=[N+]([O-])c1ccc(/C=N/O)o1,2.0,C5H4N2O4,156.10
CHEMBL16080,TRICHLOROETHANE,CC(Cl)(Cl)Cl,4.0,C2H3Cl3,133.41
CHEMBL278172,BENZOCAINE,CCOC(=O)c1ccc(N)cc1,3.0,C9H11NO2,165.19
CHEMBL576,SUCCINIC ACID,O=C(O)CCC(=O)O,3.0,C4H6O4,118.09
CHEMBL577,ENALAPRILAT ANHYDROUS,C[C@H](N[C@@H](CCc1ccccc1)C(=O)O)C(=O)N1CCC[C@H]1C(=O)O,4.0,C18H24N2O5,348.40
CHEMBL16293,NAPHTHALENE,c1ccc2ccccc2c1,1.0,C10H8,128.17
CHEMBL9113,TOLUENE,Cc1ccccc1,2.0,C7H8,92.14
CHEMBL578,ENALAPRIL,CCOC(=O)[C@H](CCc1ccccc1)N[C@@H](C)C(=O)N1CCC[C@H]1C(=O)O,4.0,C20H28N2O5,376.45
CHEMBL579,SPIRAPRILAT,C[C@H](N[C@@H](CCc1ccccc1)C(=O)O)C(=O)N1CC2(C[C@H]1C(=O)O)SCCS2,2.0,C20H26N2O5S2,438.57
CHEMBL580,LORAZEPAM,O=C1Nc2ccc(Cl)cc2C(c2ccccc2Cl)=NC1O,4.0,C15H10Cl2N2O2,321.16
CHEMBL277062,BROMAZEPAM,O=C1CN=C(c2ccccn2)c2cc(Br)ccc2N1,4.0,C14H10BrN3O,316.16
CHEMBL581,FOSINOPRILAT,O=C(O)[C@@H]1C[C@@H](C2CCCCC2)CN1C(=O)CP(=O)(O)CCCCc1ccccc1,2.0,C23H34NO5P,435.50
CHEMBL279816,TRICHLOROETHYLENE,ClC=C(Cl)Cl,2.0,C2HCl3,131.39
CHEMBL277535,BIFONAZOLE,c1ccc(-c2ccc(C(c3ccccc3)n3ccnc3)cc2)cc1,4.0,C22H18N2,310.40
CHEMBL582,ISOPROPYL ALCOHOL,CC(C)O,4.0,C3H8O,60.10
CHEMBL16264,ETHER,CCOCC,2.0,C4H10O,74.12
CHEMBL275835,DARBUFELONE,CC(C)(C)c1cc(/C=C2\SC(=N)NC2=O)cc(C(C)(C)C)c1O,2.0,C18H24N2O2S,332.47
CHEMBL583,GREPAFLOXACIN,Cc1c(F)c(N2CCNC(C)C2)cc2c1c(=O)c(C(=O)O)cn2C1CC1,4.0,C19H22FN3O3,359.40
CHEMBL114,SAQUINAVIR,CC(C)(C)NC(=O)[C@@H]1C[C@@H]2CCCC[C@@H]2CN1C[C@@H](O)[C@H](Cc1ccccc1)NC(=O)[C@H](CC(N)=O)NC(=O)c1ccc2ccccc2n1,4.0,C38H50N6O5,670.86
CHEMBL115,INDINAVIR ANHYDROUS,CC(C)(C)NC(=O)[C@@H]1CN(Cc2cccnc2)CCN1C[C@@H](O)C[C@@H](Cc1ccccc1)C(=O)N[C@H]1c2ccccc2C[C@H]1O,4.0,C36H47N5O4,613.80
CHEMBL16134,TIOXAMAST,CCOC(=O)C(=O)Nc1nc(-c2ccc(OC)cc2)cs1,2.0,C14H14N2O4S,306.34
CHEMBL584,NELFINAVIR,Cc1c(O)cccc1C(=O)N[C@@H](CSc1ccccc1)[C@H](O)CN1C[C@H]2CCCC[C@H]2C[C@H]1C(=O)NC(C)(C)C,4.0,C32H45N3O4S,567.80
CHEMBL116,AMPRENAVIR,CC(C)CN(C[C@@H](O)[C@H](Cc1ccccc1)NC(=O)O[C@H]1CCOC1)S(=O)(=O)c1ccc(N)cc1,4.0,C25H35N3O6S,505.64
CHEMBL585,TRIAMTERENE,Nc1nc(N)c2nc(-c3ccccc3)c(N)nc2n1,4.0,C12H11N7,253.27
CHEMBL16596,QUIFLAPON,CC(C)(C)Sc1c(CC(C)(C)C(=O)O)n(Cc2ccc(Cl)cc2)c2ccc(OCc3ccc4ccccc4n3)cc12,2.0,C34H35ClN2O3S,587.19
CHEMBL16699,ELLIPTINIUM,Cc1c2cc[n+](C)cc2c(C)c2c1[nH]c1ccc(O)cc12,2.0,C18H17N2O+,277.35
CHEMBL275638,FLAVONE,O=c1cc(-c2ccccc2)oc2ccccc12,2.0,C15H10O2,222.24
CHEMBL16476,PRONETALOL,CC(C)NCC(O)c1ccc2ccccc2c1,4.0,C15H19NO,229.32
CHEMBL17205,CYCLOVALONE,COc1cc(/C=C2\CCC/C(=C\c3ccc(O)c(OC)c3)C2=O)ccc1O,2.0,C22H22O5,366.41
CHEMBL16503,SALCAPROZIC ACID,O=C(O)CCCCCCCNC(=O)c1ccccc1O,2.0,C15H21NO4,279.34
CHEMBL16498,SJG-136,C=C1C[C@H]2C=Nc3cc(OCCCOc4cc5c(cc4OC)C(=O)N4CC(=C)C[C@H]4C=N5)c(OC)cc3C(=O)N2C1,2.0,C31H32N4O6,556.62
CHEMBL118,CELECOXIB,Cc1ccc(-c2cc(C(F)(F)F)nn2-c2ccc(S(N)(=O)=O)cc2)cc1,4.0,C17H14F3N3O2S,381.38
CHEMBL17289,CHS-828,N#CN=C(NCCCCCCOc1ccc(Cl)cc1)Nc1ccncc1,1.0,C19H22ClN5O,371.87
CHEMBL17045,OTENZEPAD,CCN(CC)CC1CCCCN1CC(=O)N1c2ccccc2C(=O)Nc2cccnc21,2.0,C24H31N5O2,421.55
CHEMBL17377,FOSTRIECIN,C[C@@](O)(/C=C/[C@H]1CC=CC(=O)O1)[C@@H](C[C@@H](O)/C=C\C=C/C=C/CO)OP(=O)(O)O,2.0,C19H27O9P,430.39
CHEMBL17313,CARAFIBAN,CCOC(=O)C[C@H](NC(=O)CN1C(=O)N[C@@](C)(c2ccc(C(=N)N)cc2)C1=O)c1ccccc1,2.0,C24H27N5O5,465.51
CHEMBL17125,PELRINONE,Cc1nc(=O)c(C#N)c(NCc2cccnc2)[nH]1,2.0,C12H11N5O,241.25
CHEMBL17423,VESNARINONE,COc1ccc(C(=O)N2CCN(c3ccc4c(c3)CCC(=O)N4)CC2)cc1OC,2.0,C22H25N3O4,395.46
CHEMBL119,TRIMETREXATE,COc1cc(NCc2ccc3nc(N)nc(N)c3c2C)cc(OC)c1OC,4.0,C19H23N5O3,369.43
CHEMBL277775,TETRAMISOLE,c1ccc(C2CN3CCSC3=N2)cc1,2.0,C11H12N2S,204.30
CHEMBL430150,FLUMIZOLE,COc1ccc(-c2nc(C(F)(F)F)[nH]c2-c2ccc(OC)cc2)cc1,2.0,C18H15F3N2O2,348.32
CHEMBL588,FENOLDOPAM,Oc1ccc(C2CNCCc3c2cc(O)c(O)c3Cl)cc1,4.0,C16H16ClNO3,305.76
CHEMBL589,ROPINIROLE,CCCN(CCC)CCc1cccc2c1CC(=O)N2,4.0,C16H24N2O,260.38
CHEMBL17344,RITOLUKAST,O=S(=O)(Nc1cccc(OCc2ccc3ccccc3n2)c1)C(F)(F)F,2.0,C17H13F3N2O3S,382.36
CHEMBL590,MENADIONE,CC1=CC(=O)c2ccccc2C1=O,4.0,C11H8O2,172.18
CHEMBL591,ETHCHLORVYNOL,C#CC(O)(/C=C/Cl)CC,4.0,C7H9ClO,144.60
CHEMBL17157,TERFENADINE,CC(C)(C)c1ccc(C(O)CCCN2CCC(C(O)(c3ccccc3)c3ccccc3)CC2)cc1,4.0,C32H41NO2,471.69
CHEMBL592,LEVORPHANOL,CN1CC[C@]23CCCC[C@H]2[C@H]1Cc1ccc(O)cc13,4.0,C17H23NO,257.38
CHEMBL593,DELAVIRDINE,CC(C)Nc1cccnc1N1CCN(C(=O)c2cc3cc(NS(C)(=O)=O)ccc3[nH]2)CC1,4.0,C22H28N6O3S,456.57
CHEMBL594,EMEDASTINE,CCOCCn1c(N2CCCN(C)CC2)nc2ccccc21,4.0,C17H26N4O,302.42
CHEMBL17669,ENGLITAZONE,O=C1NC(=O)C(Cc2ccc3c(c2)CC[C@H](Cc2ccccc2)O3)S1,2.0,C20H19NO3S,353.44
CHEMBL595,PIOGLITAZONE,CCc1ccc(CCOc2ccc(CC3SC(=O)NC3=O)cc2)nc1,4.0,C19H20N2O3S,356.45
CHEMBL17350,TRAXOPRODIL,C[C@@H]([C@@H](O)c1ccc(O)cc1)N1CCC(O)(c2ccccc2)CC1,2.0,C20H25NO3,327.42
CHEMBL17962,HISTIDINE,N[C@@H](Cc1c[nH]cn1)C(=O)O,2.0,C6H9N3O2,155.16
CHEMBL596,FENTANYL,CCC(=O)N(c1ccccc1)C1CCN(CCc2ccccc2)CC1,4.0,C22H28N2O,336.48
CHEMBL121,ROSIGLITAZONE,CN(CCOc1ccc(CC2SC(=O)NC2=O)cc1)c1ccccn1,4.0,C18H19N3O3S,357.44
CHEMBL17879,MARALIXIBAT CHLORIDE,CCCCC1(CCCC)CS(=O)(=O)c2ccc(N(C)C)cc2[C@@H](c2ccc(OCc3ccc(C[N+]45CCN(CC4)CC5)cc3)cc2)[C@H]1O.[Cl-],4.0,C40H56ClN3O4S,710.42
CHEMBL279597,ALANINE,C[C@H](N)C(=O)O,3.0,C3H7NO2,89.09
CHEMBL17860,LOFEXIDINE,CC(Oc1c(Cl)cccc1Cl)C1=NCCN1,4.0,C11H12Cl2N2O,259.14
CHEMBL597,PHENTOLAMINE,Cc1ccc(N(CC2=NCCN2)c2cccc(O)c2)cc1,4.0,C17H19N3O,281.36
CHEMBL18442,PLERIXAFOR,c1cc(CN2CCCNCCNCCCNCC2)ccc1CN1CCCNCCNCCCNCC1,4.0,C28H54N8,502.80
CHEMBL18116,TOLOXATONE,Cc1cccc(N2CC(CO)OC2=O)c1,4.0,C11H13NO3,207.23
CHEMBL18144,APILIMOD,COc1ccc(-c2nc(S(C)(=O)=O)[nH]c2-c2ccc(OC)cc2)cc1,2.0,C18H18N2O4S,358.42
CHEMBL18041,ZACOPRIDE,COc1cc(N)c(Cl)cc1C(=O)NC1CN2CCC1CC2,2.0,C15H20ClN3O2,309.80
CHEMBL599,MELOXICAM,Cc1cnc(NC(=O)C2=C(O)c3ccccc3S(=O)(=O)N2C)s1,4.0,C14H13N3O4S2,351.41
CHEMBL18197,MIPITROBAN,CC(C)(CC(=O)O)Cc1nc2cc(Cl)cnc2n1Cc1ccc(Cl)cc1,2.0,C19H19Cl2N3O2,392.29
CHEMBL17976,RESINIFERATOXIN,C=C(C)[C@]12C[C@@H](C)[C@@]34O[C@](Cc5ccccc5)(O[C@@H]1[C@@H]3C=C(COC(=O)Cc1ccc(O)c(OC)c1)C[C@]1(O)C(=O)C(C)=C[C@@H]41)O2,3.0,C37H40O9,628.72
CHEMBL600,ACETYLCYSTEINE,CC(=O)N[C@@H](CS)C(=O)O,4.0,C5H9NO3S,163.20
CHEMBL18647,TIFLAMIZOLE,O=S(=O)(c1nc(-c2ccc(F)cc2)c(-c2ccc(F)cc2)[nH]1)C(F)(F)C(F)F,2.0,C17H10F6N2O2S,420.33
CHEMBL601,AMINOLEVULINIC ACID,NCC(=O)CCC(=O)O,4.0,C5H9NO3,131.13
CHEMBL18301,ROXIFIBAN,CCCCOC(=O)N[C@@H](CNC(=O)C[C@H]1CC(c2ccc(C(=N)N)cc2)=NO1)C(=O)OC,2.0,C21H29N5O6,447.49
CHEMBL602,CYSTEAMINE,NCCS,4.0,C2H7NS,77.15
CHEMBL18098,SPIZOFURONE,CC(=O)c1ccc2c(c1)C(=O)C1(CC1)O2,2.0,C12H10O3,202.21
CHEMBL18772,QUIPAZINE,c1ccc2nc(N3CCNCC3)ccc2c1,2.0,C13H15N3,213.28
CHEMBL276368,TIMEGADINE,Cc1cc(/N=C(\Nc2nccs2)NC2CCCCC2)c2ccccc2n1,2.0,C20H23N5S,365.51
CHEMBL18331,PIRENPERONE,Cc1nc2ccccn2c(=O)c1CCN1CCC(C(=O)c2ccc(F)cc2)CC1,2.0,C23H24FN3O2,393.46
CHEMBL18901,EFAPROXIRAL,Cc1cc(C)cc(NC(=O)Cc2ccc(OC(C)(C)C(=O)O)cc2)c1,3.0,C20H23NO4,341.41
CHEMBL19019,NALTREXONE,O=C1CC[C@@]2(O)[C@H]3Cc4ccc(O)c5c4[C@@]2(CCN3CC2CC2)[C@H]1O5,4.0,C20H23NO4,341.41
CHEMBL603,ZAFIRLUKAST,COc1cc(C(=O)NS(=O)(=O)c2ccccc2C)ccc1Cc1cn(C)c2ccc(NC(=O)OC3CCCC3)cc12,4.0,C31H33N3O6S,575.69
CHEMBL276568,"CEFPROZIL ANHYDROUS, (E)-",C/C=C/C1=C(C(=O)O)N2C(=O)[C@@H](NC(=O)[C@H](N)c3ccc(O)cc3)[C@H]2SC1,4.0,C18H19N3O5S,389.43
CHEMBL122,ROFECOXIB,CS(=O)(=O)c1ccc(C2=C(c3ccccc3)C(=O)OC2)cc1,4.0,C17H14O4S,314.36
CHEMBL19236,MOXONIDINE,COc1nc(C)nc(Cl)c1NC1=NCCN1,4.0,C9H12ClN5O,241.68
CHEMBL19224,PAPAVERINE,COc1ccc(Cc2nccc3cc(OC)c(OC)cc23)cc1OC,3.0,C20H21NO4,339.39
CHEMBL19004,ATIBEPRONE,Cc1c(C)c2ccc(OCc3nnc(C(C)C)s3)cc2oc1=O,2.0,C17H18N2O3S,330.41
CHEMBL18531,FENPRINAST,CC1(C)CN2C(=O)c3[nH]cnc3N(Cc3ccc(Cl)cc3)C2=N1,2.0,C16H16ClN5O,329.79
CHEMBL18504,ESUPRONE,CCS(=O)(=O)Oc1ccc2c(C)c(C)c(=O)oc2c1,2.0,C13H14O5S,282.32
CHEMBL605,PROCAINAMIDE HYDROCHLORIDE,CCN(CC)CCNC(=O)c1ccc(N)cc1.Cl,4.0,C13H22ClN3O,271.79
CHEMBL279390,LAZABEMIDE,NCCNC(=O)c1ccc(Cl)cn1,2.0,C8H10ClN3O,199.64
CHEMBL277592,ITAZIGREL,COc1ccc(-c2nc(C(F)(F)F)sc2-c2ccc(OC)cc2)cc1,2.0,C18H14F3NO2S,365.38
CHEMBL18786,CINANSERIN,CN(C)CCCSc1ccccc1NC(=O)/C=C/c1ccccc1,2.0,C20H24N2OS,340.49
CHEMBL19215,METERGOLINE,CN1C[C@H](CNC(=O)OCc2ccccc2)C[C@@H]2c3cccc4c3c(cn4C)C[C@H]21,2.0,C25H29N3O2,403.53
CHEMBL606,MISOPROSTOL,CCCCC(C)(O)C/C=C/[C@H]1[C@H](O)CC(=O)[C@@H]1CCCCCCC(=O)OC,4.0,C22H38O5,382.54
CHEMBL278623,MACIMORELIN,CC(C)(N)C(=O)N[C@H](Cc1c[nH]c2ccccc12)C(=O)N[C@H](Cc1c[nH]c2ccccc12)NC=O,4.0,C26H30N6O3,474.57
CHEMBL278462,CIPRALISANT,CC(C)(C)CCC#C[C@@H]1C[C@H]1c1c[nH]cn1,2.0,C14H20N2,216.33
CHEMBL279960,MECLOQUALONE,Cc1nc2ccccc2c(=O)n1-c1ccccc1Cl,2.0,C15H11ClN2O,270.72
CHEMBL18972,GLEMANSERIN,OC(c1ccccc1)C1CCN(CCc2ccccc2)CC1,2.0,C20H25NO,295.43
CHEMBL607,MEPERIDINE,CCOC(=O)C1(c2ccccc2)CCN(C)CC1,4.0,C15H21NO2,247.34
CHEMBL282052,METHAQUALONE,Cc1ccccc1-n1c(C)nc2ccccc2c1=O,4.0,C16H14N2O,250.30
CHEMBL608,PROBUCOL,CC(C)(Sc1cc(C(C)(C)C)c(O)c(C(C)(C)C)c1)Sc1cc(C(C)(C)C)c(O)c(C(C)(C)C)c1,4.0,C31H48O2S2,516.86
CHEMBL19299,LOXOPROFEN,CC(C(=O)O)c1ccc(CC2CCCC2=O)cc1,4.0,C15H18O3,246.31
CHEMBL19344,HIGENAMINE,Oc1ccc(CC2NCCc3cc(O)c(O)cc32)cc1,1.0,C16H17NO3,271.32
CHEMBL609,TRIENTINE,NCCNCCNCCN,4.0,C6H18N4,146.24
CHEMBL19892,FANAPANEL,O=c1[nH]c2cc(C(F)(F)F)c(N3CCOCC3)cc2n(CP(=O)(O)O)c1=O,2.0,C14H15F3N3O6P,409.26
CHEMBL19490,ZOMEPIRAC,Cc1cc(CC(=O)O)n(C)c1C(=O)c1ccc(Cl)cc1,4.0,C15H14ClNO3,291.73
CHEMBL611,TERAZOSIN,COc1cc2nc(N3CCN(C(=O)C4CCCO4)CC3)nc(N)c2cc1OC,4.0,C19H25N5O4,387.44
CHEMBL19633,DIAVERIDINE,COc1ccc(Cc2cnc(N)nc2N)cc1OC,2.0,C13H16N4O2,260.30
CHEMBL19393,LEVAMFETAMINE,C[C@@H](N)Cc1ccccc1,4.0,C9H13N,135.21
CHEMBL612,DEXTROAMPHETAMINE,C[C@H](N)Cc1ccccc1,4.0,C9H13N,135.21
CHEMBL282724,SITAXENTAN,Cc1cc2c(cc1CC(=O)c1sccc1S(=O)(=O)Nc1onc(C)c1Cl)OCO2,4.0,C18H15ClN2O6S2,454.91
CHEMBL279786,BATIMASTAT,CNC(=O)[C@H](Cc1ccccc1)NC(=O)[C@H](CC(C)C)[C@H](CSc1cccs1)C(=O)NO,2.0,C23H31N3O4S2,477.65
CHEMBL279785,MARIMASTAT,CNC(=O)[C@@H](NC(=O)[C@H](CC(C)C)[C@H](O)C(=O)NO)C(C)(C)C,3.0,C15H29N3O5,331.41
CHEMBL279085,TALIPEXOLE,C=CCN1CCc2nc(N)sc2CC1,2.0,C10H15N3S,209.32
CHEMBL19611,ILOMASTAT,CNC(=O)[C@H](Cc1c[nH]c2ccccc12)NC(=O)[C@@H](CC(=O)NO)CC(C)C,2.0,C20H28N4O4,388.47
CHEMBL279890,RETELLIPTINE,CCN(CC)CCCNc1nccc2c(C)c3[nH]c4ccc(OC)cc4c3c(C)c12,2.0,C25H32N4O,404.56
CHEMBL614,PYRAZINAMIDE,NC(=O)c1cnccn1,4.0,C5H5N3O,123.11
CHEMBL19612,SPERMIDINE,NCCCCNCCCN,3.0,C7H19N3,145.25
CHEMBL19449,IBUDILAST,CC(C)C(=O)c1c(C(C)C)nn2ccccc12,4.0,C14H18N2O,230.31
CHEMBL428676,AMONAFIDE,CN(C)CCN1C(=O)c2cccc3cc(N)cc(c23)C1=O,3.0,C16H17N3O2,283.33
CHEMBL20684,ABT-751,COc1ccc(S(=O)(=O)Nc2cccnc2Nc2ccc(O)cc2)cc1,2.0,C18H17N3O4S,371.42
CHEMBL20803,RACEMORPHAN,CN1CCC23CCCCC2C1Cc1ccc(O)cc13,2.0,C17H23NO,257.38
CHEMBL278581,ALINIDINE,C=CCN(C1=NCCN1)c1c(Cl)cccc1Cl,2.0,C12H13Cl2N3,270.16
CHEMBL20634,SUDOXICAM,CN1C(C(=O)Nc2nccs2)=C(O)c2ccccc2S1(=O)=O,2.0,C13H11N3O4S2,337.38
CHEMBL282042,SAQUINAVIR MESYLATE,CC(C)(C)NC(=O)[C@@H]1C[C@@H]2CCCC[C@@H]2CN1C[C@@H](O)[C@H](Cc1ccccc1)NC(=O)[C@H](CC(N)=O)NC(=O)c1ccc2ccccc2n1.CS(=O)(=O)O,4.0,C39H54N6O8S,766.96
CHEMBL280164,APAFANT,Cc1nnc2n1-c1sc(CCC(=O)N3CCOCC3)cc1C(c1ccccc1Cl)=NC2,2.0,C22H22ClN5O2S,455.97
CHEMBL20883,TEGAFUR,O=c1[nH]c(=O)n(C2CCCO2)cc1F,4.0,C8H9FN2O3,200.17
CHEMBL20489,OMPENACLID,N=C(N)NCCC(=O)O,2.0,C4H9N3O2,131.13
CHEMBL281164,DIVAPLON,CCc1c(OC)nc2nc(C(=O)c3ccccc3)cn2c1C,2.0,C17H17N3O2,295.34
CHEMBL615,PENICILLIN V,CC1(C)S[C@@H]2[C@H](NC(=O)COc3ccccc3)C(=O)N2[C@H]1C(=O)O,4.0,C16H18N2O5S,350.40
CHEMBL20210,RUPINTRIVIR,CCOC(=O)/C=C/[C@H](C[C@@H]1CCNC1=O)NC(=O)[C@@H](CC(=O)[C@@H](NC(=O)c1cc(C)on1)C(C)C)Cc1ccc(F)cc1,2.0,C31H39FN4O7,598.67
CHEMBL281594,VANOXERINE,Fc1ccc(C(OCCN2CCN(CCCc3ccccc3)CC2)c2ccc(F)cc2)cc1,3.0,C28H32F2N2O,450.57
CHEMBL617,CEPHALOTHIN,CC(=O)OCC1=C(C(=O)O)N2C(=O)[C@@H](NC(=O)Cc3cccs3)[C@H]2SC1,4.0,C16H16N2O6S2,396.45
CHEMBL125,MILTEFOSINE,CCCCCCCCCCCCCCCCOP(=O)([O-])OCC[N+](C)(C)C,4.0,C21H46NO4P,407.58
CHEMBL283800,CREATINE,CN(CC(=O)O)C(=N)N,3.0,C4H9N3O2,131.13
CHEMBL20734,NEMONAPRIDE,CNc1cc(OC)c(C(=O)NC2CCN(Cc3ccccc3)C2C)cc1Cl,2.0,C21H26ClN3O2,387.91
CHEMBL277465,DENBUFYLLINE,CCCCn1c(=O)c2c(ncn2CC(C)=O)n(CCCC)c1=O,2.0,C16H24N4O3,320.39
CHEMBL20679,ECLANAMINE,CCC(=O)N(c1ccc(Cl)c(Cl)c1)C1CCCC1N(C)C,2.0,C16H22Cl2N2O,329.27
CHEMBL277945,SULTOPRIDE,CCN1CCCC1CNC(=O)c1cc(S(=O)(=O)CC)ccc1OC,2.0,C17H26N2O4S,354.47
CHEMBL278315,GELDANAMYCIN,COC1=C2C[C@@H](C)C[C@H](OC)[C@H](O)[C@@H](C)/C=C(\C)[C@H](OC(N)=O)[C@@H](OC)/C=C\C=C(/C)C(=O)NC(=CC1=O)C2=O,2.0,C29H40N2O9,560.64
CHEMBL279898,ENPROFYLLINE,CCCn1c(=O)[nH]c(=O)c2nc[nH]c21,2.0,C8H10N4O2,194.19
CHEMBL126,LINEZOLID,CC(=O)NC[C@H]1CN(c2ccc(N3CCOCC3)c(F)c2)C(=O)O1,4.0,C16H20FN3O4,337.35
CHEMBL620,CLIDINIUM,C[N+]12CCC(CC1)C(OC(=O)C(O)(c1ccccc1)c1ccccc1)C2,4.0,C22H26NO3+,352.45
CHEMBL127,MEROPENEM,C[C@@H](O)[C@H]1C(=O)N2C(C(=O)O)=C(S[C@@H]3CN[C@H](C(=O)N(C)C)C3)[C@H](C)[C@H]12,4.0,C17H25N3O5S,383.47
CHEMBL621,TRAZODONE,O=c1n(CCCN2CCN(c3cccc(Cl)c3)CC2)nc2ccccn12,4.0,C19H22ClN5O,371.87
CHEMBL622,ETODOLAC,CCc1cccc2c3c([nH]c12)C(CC)(CC(=O)O)OCC3,4.0,C17H21NO3,287.36
CHEMBL22108,DIMETHINDENE,CC(C1=C(CCN(C)C)Cc2ccccc21)c1ccccn1,3.0,C20H24N2,292.43
CHEMBL21333,PRANLUKAST,O=C(Nc1cccc2c(=O)cc(-c3nnn[nH]3)oc12)c1ccc(OCCCCc2ccccc2)cc1,4.0,C27H23N5O4,481.51
CHEMBL623,NEFAZODONE,CCc1nn(CCCN2CCN(c3cccc(Cl)c3)CC2)c(=O)n1CCOc1ccccc1,4.0,C25H32ClN5O2,470.02
CHEMBL278570,SULUKAST,CCCCCCCCC/C=C\C=C\[C@@H](SCCC(=O)O)[C@@H](O)c1cccc(-c2nnn[nH]2)c1,2.0,C25H36N4O3S,472.66
CHEMBL625,THIABENDAZOLE,c1ccc2[nH]c(-c3cscn3)nc2c1,4.0,C10H7N3S,201.25
CHEMBL283754,CINALUKAST,CCC(CC)(CC(=O)Nc1cccc(/C=C/c2nc(C3CCC3)cs2)c1)C(=O)O,2.0,C23H28N2O3S,412.56
CHEMBL22055,SUFUGOLIX,CONC(=O)Nc1ccc(-c2sc3c(c2CN(C)Cc2ccccc2)c(=O)n(-c2ccccc2)c(=O)n3Cc2c(F)cccc2F)cc1,2.0,C36H31F2N5O4S,667.74
CHEMBL21536,XANOMELINE,CCCCCCOc1nsnc1C1=CCCN(C)C1,4.0,C14H23N3OS,281.42
CHEMBL22776,POBILUKAST,O=C(O)CCS[C@H](c1ccccc1CCCCCCCCc1ccccc1)[C@@H](O)C(=O)O,2.0,C26H34O5S,458.62
CHEMBL22016,ABLUKAST,CCCc1c(OCCCCCOc2cc3c(cc2C(C)=O)CCC(C(=O)O)O3)ccc(C(C)=O)c1O,2.0,C28H34O8,498.57
CHEMBL626,NAFTIFINE,CN(C/C=C/c1ccccc1)Cc1cccc2ccccc12,4.0,C21H21N,287.41
CHEMBL20835,ACECLIDINE,CC(=O)OC1CN2CCC1CC2,3.0,C9H15NO2,169.22
CHEMBL279014,LUCANTHONE,CCN(CC)CCNc1ccc(C)c2sc3ccccc3c(=O)c12,2.0,C20H24N2OS,340.49
CHEMBL280685,METUREDEPA,CCOC(=O)NP(=O)(N1CC1(C)C)N1CC1(C)C,2.0,C11H22N3O3P,275.29
CHEMBL22077,HYCANTHONE,CCN(CC)CCNc1ccc(CO)c2sc3ccccc3c(=O)c12,2.0,C20H24N2O2S,356.49
CHEMBL277474,ANTIPYRINE,Cc1cc(=O)n(-c2ccccc2)n1C,3.0,C11H12N2O,188.23
CHEMBL627,AMITRIPTYLINOXIDE,C[N+](C)([O-])CCC=C1c2ccccc2CCc2ccccc21,3.0,C20H23NO,293.41
CHEMBL281398,TERBOGREL,CC(C)(C)N/C(=N\C#N)Nc1cccc(/C(=C\CCCC(=O)O)c2cccnc2)c1,2.0,C23H27N5O2,405.50
CHEMBL279676,TENOCYCLIDINE,c1csc(C2(N3CCCCC3)CCCCC2)c1,2.0,C15H23NS,249.42
CHEMBL22097,LORMETAZEPAM,CN1C(=O)C(O)N=C(c2ccccc2Cl)c2cc(Cl)ccc21,4.0,C16H12Cl2N2O2,335.19
CHEMBL628,PENTOXIFYLLINE,CC(=O)CCCCn1c(=O)c2c(ncn2C)n(C)c1=O,4.0,C13H18N4O3,278.31
CHEMBL629,AMITRIPTYLINE,CN(C)CCC=C1c2ccccc2CCc2ccccc21,4.0,C20H23N,277.41
CHEMBL21869,DIBROMSALAN,O=C(Nc1ccc(Br)cc1)c1cc(Br)ccc1O,4.0,C13H9Br2NO2,371.03
CHEMBL24944,TRIBROMSALAN,O=C(Nc1ccc(Br)cc1)c1cc(Br)cc(Br)c1O,4.0,C13H8Br3NO2,449.92
CHEMBL128,SUMATRIPTAN,CNS(=O)(=O)Cc1ccc2[nH]cc(CCN(C)C)c2c1,4.0,C14H21N3O2S,295.41
CHEMBL631,PROPAFENONE,CCCNCC(O)COc1ccccc1C(=O)CCc1ccccc1,4.0,C21H27NO3,341.45
CHEMBL632,BETAMETHASONE,C[C@H]1C[C@H]2[C@@H]3CCC4=CC(=O)C=C[C@]4(C)[C@@]3(F)[C@@H](O)C[C@]2(C)[C@@]1(O)C(=O)CO,4.0,C22H29FO5,392.47
CHEMBL633,AMIODARONE,CCCCc1oc2ccccc2c1C(=O)c1cc(I)c(OCCN(CC)CC)c(I)c1,4.0,C25H29I2NO3,645.32
CHEMBL634,ALFENTANIL,CCC(=O)N(c1ccccc1)C1(COC)CCN(CCn2nnn(CC)c2=O)CC1,4.0,C21H32N6O3,416.53
CHEMBL277689,SAMIXOGREL,O=C(O)CCC/C=C(\c1ccc(CCNS(=O)(=O)c2ccc(Cl)cc2)cc1)c1cccnc1,2.0,C25H25ClN2O4S,485.01
CHEMBL430916,DEXPEMEDOLAC,CC[C@@]1(CC(=O)O)OC[C@H](Cc2ccccc2)c2c1[nH]c1ccccc21,2.0,C22H23NO3,349.43
CHEMBL635,PREDNISONE,C[C@]12C=CC(=O)C=C1CC[C@@H]1[C@@H]2C(=O)C[C@@]2(C)[C@H]1CC[C@]2(O)C(=O)CO,4.0,C21H26O5,358.43
CHEMBL636,RIVASTIGMINE,CCN(C)C(=O)Oc1cccc([C@H](C)N(C)C)c1,4.0,C14H22N2O2,250.34
CHEMBL418192,TOLAMOLOL,Cc1ccccc1OCC(O)CNCCOc1ccc(C(N)=O)cc1,2.0,C19H24N2O4,344.41
CHEMBL637,VENLAFAXINE,COc1ccc(C(CN(C)C)C2(O)CCCCC2)cc1,4.0,C17H27NO2,277.41
CHEMBL129,ZIDOVUDINE,Cc1cn([C@H]2C[C@H](N=[N+]=[N-])[C@@H](CO)O2)c(=O)[nH]c1=O,4.0,C10H13N5O4,267.24
CHEMBL638,VORICONAZOLE,C[C@@H](c1ncncc1F)[C@](O)(Cn1cncn1)c1ccc(F)cc1F,4.0,C16H14F3N5O,349.32
CHEMBL639,AZELASTINE,CN1CCCC(n2nc(Cc3ccc(Cl)cc3)c3ccccc3c2=O)CC1,4.0,C22H24ClN3O,381.91
CHEMBL130,CHLORAMPHENICOL,O=C(N[C@H](CO)[C@H](O)c1ccc([N+](=O)[O-])cc1)C(Cl)Cl,4.0,C11H12Cl2N2O5,323.13
CHEMBL640,PROCAINAMIDE,CCN(CC)CCNC(=O)c1ccc(N)cc1,4.0,C13H21N3O,235.33
CHEMBL641,ATOMOXETINE,CNCC[C@@H](Oc1ccccc1C)c1ccccc1,4.0,C17H21NO,255.36
CHEMBL642,ACEBUTOLOL,CCCC(=O)Nc1ccc(OCC(O)CNC(C)C)c(C(C)=O)c1,4.0,C18H28N2O4,336.43
CHEMBL643,PROMETHAZINE,CC(CN1c2ccccc2Sc2ccccc21)N(C)C,4.0,C17H20N2S,284.43
CHEMBL131,PREDNISOLONE,C[C@]12C=CC(=O)C=C1CC[C@@H]1[C@@H]2[C@@H](O)C[C@@]2(C)[C@H]1CC[C@]2(O)C(=O)CO,4.0,C21H28O5,360.45
CHEMBL644,TRIMIPRAMINE,CC(CN(C)C)CN1c2ccccc2CCc2ccccc21,4.0,C20H26N2,294.44
CHEMBL645,BISOPROLOL,CC(C)NCC(O)COc1ccc(COCCOC(C)C)cc1,4.0,C18H31NO4,325.45
CHEMBL646,TRIAZOLAM,Cc1nnc2n1-c1ccc(Cl)cc1C(c1ccccc1Cl)=NC2,4.0,C17H12Cl2N4,343.22
CHEMBL280728,RIDOGREL,O=C(O)CCCCO/N=C(/c1cccnc1)c1cccc(C(F)(F)F)c1,2.0,C18H17F3N2O3,366.34
CHEMBL283552,FLUOROSALAN,O=C(Nc1cccc(C(F)(F)F)c1)c1cc(Br)cc(Br)c1O,2.0,C14H8Br2F3NO2,439.02
CHEMBL647,APRACLONIDINE,Nc1cc(Cl)c(N=C2NCCN2)c(Cl)c1,4.0,C9H10Cl2N4,245.11
CHEMBL281786,DIPRENORPHINE,CO[C@]12CC[C@@]3(C[C@@H]1C(C)(C)O)[C@H]1Cc4ccc(O)c5c4[C@@]3(CCN1CC1CC1)[C@H]2O5,2.0,C26H35NO4,425.57
CHEMBL22150,CHLORCYCLIZINE,CN1CCN(C(c2ccccc2)c2ccc(Cl)cc2)CC1,2.0,C18H21ClN2,300.83
CHEMBL648,CYCLIZINE,CN1CCN(C(c2ccccc2)c2ccccc2)CC1,4.0,C18H22N2,266.39
CHEMBL434394,NEBIVOLOL,OC(CNCC(O)C1CCc2cc(F)ccc2O1)C1CCc2cc(F)ccc2O1,4.0,C22H25F2NO4,405.44
CHEMBL650,METHYLPREDNISOLONE,C[C@H]1C[C@@H]2[C@H]([C@@H](O)C[C@@]3(C)[C@H]2CC[C@]3(O)C(=O)CO)[C@@]2(C)C=CC(=O)C=C12,4.0,C22H30O5,374.48
CHEMBL651,METHADONE,CCC(=O)C(CC(C)N(C)C)(c1ccccc1)c1ccccc1,4.0,C21H27NO,309.45
CHEMBL652,FLECAINIDE,O=C(NCC1CCCCN1)c1cc(OCC(F)(F)F)ccc1OCC(F)(F)F,4.0,C17H20F6N2O3,414.35
CHEMBL134,CLONIDINE,Clc1cccc(Cl)c1NC1=NCCN1,4.0,C9H9Cl2N3,230.10
CHEMBL654,MIRTAZAPINE,CN1CCN2c3ncccc3Cc3ccccc3C2C1,4.0,C17H19N3,265.36
CHEMBL655,MIDAZOLAM,Cc1ncc2n1-c1ccc(Cl)cc1C(c1ccccc1F)=NC2,4.0,C18H13ClFN3,325.77
CHEMBL22242,REMOXIPRIDE,CCN1CCC[C@H]1CNC(=O)c1c(OC)ccc(Br)c1OC,4.0,C16H23BrN2O3,371.28
CHEMBL656,OXYCODONE,COc1ccc2c3c1O[C@H]1C(=O)CC[C@@]4(O)[C@@H](C2)N(C)CC[C@]314,4.0,C18H21NO4,315.37
CHEMBL135,ESTRADIOL,C[C@]12CC[C@@H]3c4ccc(O)cc4CC[C@H]3[C@@H]1CC[C@@H]2O,4.0,C18H24O2,272.39
CHEMBL657,DIPHENHYDRAMINE,CN(C)CCOC(c1ccccc1)c1ccccc1,4.0,C17H21NO,255.36
CHEMBL658,SUFENTANIL,CCC(=O)N(c1ccccc1)C1(COC)CCN(CCc2cccs2)CC1,4.0,C22H30N2O2S,386.56
CHEMBL659,GALANTAMINE,COc1ccc2c3c1O[C@H]1C[C@@H](O)C=C[C@@]31CCN(C)C2,4.0,C17H21NO3,287.36
CHEMBL660,AMANTADINE,NC12CC3CC(CC(C3)C1)C2,4.0,C10H17N,151.25
CHEMBL661,ALPRAZOLAM,Cc1nnc2n1-c1ccc(Cl)cc1C(c1ccccc1)=NC2,4.0,C17H13ClN4,308.77
CHEMBL21731,MAPROTILINE,CNCCCC12CCC(c3ccccc31)c1ccccc12,4.0,C20H23N,277.41
CHEMBL666,FOSCARNET,O=C(O)P(=O)(O)O,4.0,CH3O5P,126.00
CHEMBL667,ACETYLCHOLINE,CC(=O)OCC[N+](C)(C)C,4.0,C7H16NO2+,146.21
CHEMBL137,METRONIDAZOLE,Cc1ncc([N+](=O)[O-])n1CCO,4.0,C6H9N3O3,171.16
CHEMBL668,PROTRIPTYLINE,CNCCCC1c2ccccc2C=Cc2ccccc21,4.0,C19H21N,263.38
CHEMBL22498,PHENIPRAZINE,CC(Cc1ccccc1)NN,2.0,C9H14N2,150.22
CHEMBL669,CYCLOBENZAPRINE,CN(C)CCC=C1c2ccccc2C=Cc2ccccc21,4.0,C20H21N,275.40
CHEMBL25336,BISANTRENE,C(=N/NC1=NCCN1)\c1c2ccccc2c(/C=N/NC2=NCCN2)c2ccccc12,3.0,C22H22N8,398.47
CHEMBL671,THIOTEPA,S=P(N1CC1)(N1CC1)N1CC1,4.0,C6H12N3PS,189.22
CHEMBL672,FENOFIBRATE,CC(C)OC(=O)C(C)(C)Oc1ccc(C(=O)c2ccc(Cl)cc2)cc1,4.0,C20H21ClO4,360.84
CHEMBL24938,LORGLUMIDE,CCCCCN(CCCCC)C(=O)C(CCC(=O)O)NC(=O)c1ccc(Cl)c(Cl)c1,2.0,C22H32Cl2N2O4,459.41
CHEMBL673,PARGYLINE,C#CCN(C)Cc1ccccc1,4.0,C11H13N,159.23
CHEMBL23013,PROPAMIDINE,N=C(N)c1ccc(OCCCOc2ccc(C(=N)N)cc2)cc1,3.0,C17H20N4O2,312.37
CHEMBL22916,AMELTOLIDE,Cc1cccc(C)c1NC(=O)c1ccc(N)cc1,2.0,C15H16N2O,240.31
CHEMBL278764,SURITOZOLE,Cn1nc(-c2cccc(F)c2)n(C)c1=S,2.0,C10H10FN3S,223.28
CHEMBL25105,HEXAMIDINE,N=C(N)c1ccc(OCCCCCCOc2ccc(C(=N)N)cc2)cc1,4.0,C20H26N4O2,354.45
CHEMBL675,ALENDRONATE SODIUM,NCCCC(O)(P(=O)([O-])O)P(=O)(O)O.[Na+],4.0,C4H12NNaO7P2,271.08
CHEMBL22207,RACEMETHORPHAN,COc1ccc2c(c1)C13CCCCC1C(C2)N(C)CC3,2.0,C18H25NO,271.40
CHEMBL677,LEVONORDEFRIN,C[C@H](N)[C@H](O)c1ccc(O)c(O)c1,4.0,C9H13NO3,183.21
CHEMBL416557,DIOXIFEDRINE,CNC(C)C(O)c1ccc(O)c(O)c1,2.0,C10H15NO3,197.23
CHEMBL679,EPINEPHRINE,CNC[C@H](O)c1ccc(O)c(O)c1,4.0,C9H13NO3,183.21
CHEMBL680,CEFACLOR ANHYDROUS,N[C@@H](C(=O)N[C@@H]1C(=O)N2C(C(=O)O)=C(Cl)CS[C@H]12)c1ccccc1,4.0,C15H14ClN3O4S,367.81
CHEMBL23811,QUAZOLAST,COC(=O)c1nc2cc(Cl)c3cccnc3c2o1,2.0,C12H7ClN2O3,262.65
CHEMBL265502,SURAMIN,Cc1ccc(C(=O)Nc2ccc(S(=O)(=O)O)c3cc(S(=O)(=O)O)cc(S(=O)(=O)O)c23)cc1NC(=O)c1cccc(NC(=O)Nc2cccc(C(=O)Nc3cc(C(=O)Nc4ccc(S(=O)(=O)O)c5cc(S(=O)(=O)O)cc(S(=O)(=O)O)c45)ccc3C)c2)c1,3.0,C51H40N6O23S6,1297.30
CHEMBL681,ETOMIDATE,CCOC(=O)c1cncn1[C@H](C)c1ccccc1,4.0,C14H16N2O2,244.29
CHEMBL682,AMODIAQUINE,CCN(CC)Cc1cc(Nc2ccnc3cc(Cl)ccc23)ccc1O,4.0,C20H22ClN3O,355.87
CHEMBL23771,TIXANOX,C[S+]([O-])c1ccc2oc3ccc(C(=O)O)cc3c(=O)c2c1,2.0,C15H10O5S,302.31
CHEMBL683,CLOFIBRIC ACID,CC(C)(Oc1ccc(Cl)cc1)C(=O)O,2.0,C10H11ClO3,214.65
CHEMBL684,DIETHYLCARBAMAZINE,CCN(CC)C(=O)N1CCN(C)CC1,4.0,C10H21N3O,199.30
CHEMBL280378,EPIROPRIM,CCOc1cc(Cc2cnc(N)nc2N)cc(OCC)c1-n1cccc1,2.0,C19H23N5O2,353.43
CHEMBL685,MEBENDAZOLE,COC(=O)Nc1nc2cc(C(=O)c3ccccc3)ccc2[nH]1,4.0,C16H13N3O3,295.30
CHEMBL23330,TRETAZICAR,NC(=O)c1cc(N2CC2)c([N+](=O)[O-])cc1[N+](=O)[O-],2.0,C9H8N4O5,252.19
CHEMBL23588,FLUFENAMIC ACID,O=C(O)c1ccccc1Nc1cccc(C(F)(F)F)c1,2.0,C14H10F3NO2,281.23
CHEMBL139,DICLOFENAC,O=C(O)Cc1ccccc1Nc1c(Cl)cccc1Cl,4.0,C14H11Cl2NO2,296.15
CHEMBL279924,ETICYCLIDINE,CCNC1(c2ccccc2)CCCCC1,2.0,C14H21N,203.33
CHEMBL279433,L-778123 FREE BASE,N#Cc1ccc(Cn2cncc2CN2CCN(c3cccc(Cl)c3)C(=O)C2)cc1,1.0,C22H20ClN5O,405.89
CHEMBL686,MEFENAMIC ACID,Cc1cccc(Nc2ccccc2C(=O)O)c1C,4.0,C15H15NO2,241.29
CHEMBL688,FENTANYL CITRATE,CCC(=O)N(c1ccccc1)C1CCN(CCc2ccccc2)CC1.O=C(O)CC(O)(CC(=O)O)C(=O)O,4.0,C28H36N2O8,528.60
CHEMBL278398,PHENINDAMINE,CN1CCC2=C(C1)C(c1ccccc1)c1ccccc12,2.0,C19H19N,261.37
CHEMBL23115,CLOFENAMIC ACID,O=C(O)c1ccccc1Nc1cccc(Cl)c1Cl,2.0,C13H9Cl2NO2,282.13
CHEMBL23832,FENAMIC ACID,O=C(O)c1ccccc1Nc1ccccc1,1.0,C13H11NO2,213.24
CHEMBL22542,IMITRODAST,O=C(O)C1=Cc2sc(Cn3ccnc3)cc2CC1,2.0,C13H12N2O2S,260.32
CHEMBL689,MANNITOL,OC[C@@H](O)[C@@H](O)[C@H](O)[C@H](O)CO,4.0,C6H14O6,182.17
CHEMBL23393,SODIUM LAURYL SULFATE,CCCCCCCCCCCCOS(=O)(=O)[O-].[Na+],3.0,C12H25NaO4S,288.38
CHEMBL23293,SALIRASIB,CC(C)=CCC/C(C)=C/CC/C(C)=C/CSc1ccccc1C(=O)O,2.0,C22H30O2S,358.55
CHEMBL23261,DARUSENTAN,COc1cc(OC)nc(O[C@H](C(=O)O)C(OC)(c2ccccc2)c2ccccc2)n1,3.0,C22H22N2O6,410.43
CHEMBL690,PRAVASTATIN SODIUM,CC[C@H](C)C(=O)O[C@H]1C[C@H](O)C=C2C=C[C@H](C)[C@H](CC[C@@H](O)C[C@@H](O)CC(=O)[O-])[C@H]21.[Na+],4.0,C23H35NaO7,446.52
CHEMBL23550,LOBUCAVIR,Nc1nc(=O)c2ncn([C@@H]3C[C@H](CO)[C@H]3CO)c2[nH]1,2.0,C11H15N5O3,265.27
CHEMBL283120,AXL-1717,COc1cc([C@@H]2c3cc4c(cc3[C@H](O)[C@H]3COC(=O)[C@@H]23)OCO4)cc(OC)c1OC,2.0,C22H22O8,414.41
CHEMBL25931,ADIBENDAN,CC1(C)C(=O)Nc2cc3[nH]c(-c4ccncc4)nc3cc21,2.0,C16H14N4O,278.31
CHEMBL286259,ACTISOMIDE,CC1=NC(=O)C(CCN(C(C)C)C(C)C)(c2ccccc2)C2CCCCN12,2.0,C23H35N3O,369.55
CHEMBL24072,PRENYLAMINE,CC(Cc1ccccc1)NCCC(c1ccccc1)c1ccccc1,4.0,C24H27N,329.49
CHEMBL25892,FRESELESTAT,CC(C)C(NC(=O)Cn1c(-c2ccccc2)ncc(N)c1=O)C(=O)c1nnc(C(C)(C)C)o1,2.0,C23H28N6O4,452.52
CHEMBL24171,BERGAPTEN,COc1c2ccoc2cc2oc(=O)ccc12,3.0,C12H8O4,216.19
CHEMBL691,ETHINYL ESTRADIOL,C#C[C@]1(O)CC[C@H]2[C@@H]3CCc4cc(O)ccc4[C@H]3CC[C@@]21C,4.0,C20H24O2,296.41
CHEMBL284348,DALFAMPRIDINE,Nc1ccncc1,4.0,C5H6N2,94.12
CHEMBL140,CURCUMIN,COc1cc(/C=C/C(=O)CC(=O)/C=C/c2ccc(O)c(OC)c2)ccc1O,3.0,C21H20O6,368.39
CHEMBL692,GLYCERIN,OCC(O)CO,4.0,C3H8O3,92.09
CHEMBL287275,FOSFOSAL,O=C(O)c1ccccc1OP(=O)(O)O,2.0,C7H7O6P,218.10
CHEMBL695,TRIMETHADIONE,CN1C(=O)OC(C)(C)C1=O,4.0,C6H9NO3,143.14
CHEMBL696,ETHOSUXIMIDE,CCC1(C)CC(=O)NC1=O,4.0,C7H11NO2,141.17
CHEMBL697,METHSUXIMIDE,CN1C(=O)CC(C)(c2ccccc2)C1=O,4.0,C12H13NO2,203.24
CHEMBL24646,PIMOBENDAN,COc1ccc(-c2nc3cc(C4=NNC(=O)CC4C)ccc3[nH]2)cc1,2.0,C19H18N4O2,334.38
CHEMBL26505,APROFENE,CCN(CC)CCOC(=O)C(C)(c1ccccc1)c1ccccc1,2.0,C21H27NO2,325.45
CHEMBL698,TETRACAINE,CCCCNc1ccc(C(=O)OCCN(C)C)cc1,4.0,C15H24N2O2,264.37
CHEMBL280527,ATEVIRDINE MESYLATE,CCNc1cccnc1N1CCN(C(=O)c2cc3cc(OC)ccc3[nH]2)CC1,2.0,C21H25N5O2,379.46
CHEMBL281764,TABIMORELIN,CNC(=O)[C@@H](Cc1ccccc1)N(C)C(=O)[C@@H](Cc1ccc2ccccc2c1)N(C)C(=O)/C=C/CC(C)(C)N,2.0,C32H40N4O3,528.70
CHEMBL284237,DIZOCILPINE,C[C@]12N[C@H](Cc3ccccc31)c1ccccc12,2.0,C16H15N,221.30
CHEMBL24329,TELOXANTRONE,CNCCNc1ccc2c3c(nn2CCNCCO)-c2c(O)ccc(O)c2C(=O)c13,2.0,C21H25N5O4,411.46
CHEMBL24441,BETAHISTINE,CNCCc1ccccn1,4.0,C8H12N2,136.20
CHEMBL699,ETOFYLLINE,Cn1c(=O)c2c(ncn2CCO)n(C)c1=O,2.0,C9H12N4O3,224.22
CHEMBL26291,NITRACRINE,CN(C)CCCNc1c2ccccc2nc2cccc([N+](=O)[O-])c12,2.0,C18H20N4O2,324.38
CHEMBL26215,OCTANOL,CCCCCCCCO,2.0,C8H18O,130.23
CHEMBL279260,RAFABEGRON,C[C@H](Cc1c[nH]c2c(OCC(=O)O)cccc12)NC[C@H](O)c1cccc(Cl)c1,2.0,C21H23ClN2O4,402.88
CHEMBL700,SULFAPYRIDINE,Nc1ccc(S(=O)(=O)Nc2ccccn2)cc1,4.0,C11H11N3O2S,249.30
CHEMBL701,BACLOFEN,NCC(CC(=O)O)c1ccc(Cl)cc1,4.0,C10H12ClNO2,213.66
CHEMBL25263,MIRIDESAP,O=C(O)[C@H]1CCCN1C(=O)CCCCC(=O)N1CCC[C@@H]1C(=O)O,2.0,C16H24N2O6,340.38
CHEMBL702,PIPERACILLIN,CCN1CCN(C(=O)N[C@@H](C(=O)N[C@@H]2C(=O)N3[C@@H]2SC(C)(C)[C@@H]3C(=O)O)c2ccccc2)C(=O)C1=O,4.0,C23H27N5O7S,517.56
CHEMBL703,SUXAMETHONIUM,C[N+](C)(C)CCOC(=O)CCC(=O)OCC[N+](C)(C)C,4.0,C14H30N2O4+2,290.40
CHEMBL24078,ELLIPTINIUM ACETATE,CC(=O)[O-].Cc1c2cc[n+](C)cc2c(C)c2c1[nH]c1ccc(O)cc12,2.0,C20H20N2O3,336.39
CHEMBL704,MESALAMINE,Nc1ccc(O)c(C(=O)O)c1,4.0,C7H7NO3,153.14
CHEMBL705,ALITRETINOIN,CC1=C(/C=C/C(C)=C\C=C\C(C)=C\C(=O)O)C(C)(C)CCC1,4.0,C20H28O2,300.44
CHEMBL706,CETYL ALCOHOL,CCCCCCCCCCCCCCCCO,4.0,C16H34O,242.45
CHEMBL24778,SILODOSIN,C[C@H](Cc1cc2c(c(C(N)=O)c1)N(CCCO)CC2)NCCOc1ccccc1OCC(F)(F)F,4.0,C25H32F3N3O4,495.54
CHEMBL282468,CHOLINE CHLORIDE,C[N+](C)(C)CCO.[Cl-],3.0,C5H14ClNO,139.63
CHEMBL707,DOXAZOSIN,COc1cc2nc(N3CCN(C(=O)C4COc5ccccc5O4)CC3)nc(N)c2cc1OC,4.0,C23H25N5O5,451.48
CHEMBL279516,INDORAMIN,O=C(NC1CCN(CCc2c[nH]c3ccccc23)CC1)c1ccccc1,4.0,C22H25N3O,347.46
CHEMBL279229,URAPIDIL,COc1ccccc1N1CCN(CCCNc2cc(=O)n(C)c(=O)n2C)CC1,3.0,C20H29N5O3,387.48
CHEMBL24828,VANDETANIB,COc1cc2/c(=N/c3ccc(Br)cc3F)nc[nH]c2cc1OCC1CCN(C)CC1,4.0,C22H24BrFN4O2,475.36
CHEMBL278819,MINAPRINE,Cc1cc(-c2ccccc2)nnc1NCCN1CCOCC1,4.0,C17H22N4O,298.39
CHEMBL25202,TAMIBAROTENE,CC1(C)CCC(C)(C)c2cc(NC(=O)c3ccc(C(=O)O)cc3)ccc21,4.0,C22H25NO3,351.45
CHEMBL281872,ZD-4190 FREE BASE,COc1cc2c(Nc3ccc(Br)cc3F)ncnc2cc1OCCn1ccnn1,1.0,C19H16BrFN6O2,459.28
CHEMBL278865,UPIDOSIN,COc1ccccc1N1CCN(CCCNC(=O)c2cccc3c(=O)c(C)c(-c4ccccc4)oc23)CC1,2.0,C31H33N3O4,511.62
CHEMBL708,ZIPRASIDONE,O=C1Cc2cc(CCN3CCN(c4nsc5ccccc45)CC3)c(Cl)cc2N1,4.0,C21H21ClN4OS,412.95
CHEMBL709,ALFUZOSIN,COc1cc2nc(N(C)CCCNC(=O)C3CCCO3)nc(N)c2cc1OC,4.0,C19H27N5O4,389.46
CHEMBL710,FINASTERIDE,CC(C)(C)NC(=O)[C@H]1CC[C@H]2[C@@H]3CC[C@H]4NC(=O)C=C[C@]4(C)[C@H]3CC[C@]12C,4.0,C23H36N2O2,372.55
CHEMBL25028,DIMETHYL SULFONE,CS(C)(=O)=O,1.0,C2H6O2S,94.14
CHEMBL711,PHENINDIONE,O=C1c2ccccc2C(=O)C1c1ccccc1,4.0,C15H10O2,222.24
CHEMBL278519,CLORINDIONE,O=C1c2ccccc2C(=O)C1c1ccc(Cl)cc1,2.0,C15H9ClO2,256.69
CHEMBL24038,RAGAGLITAZAR,CCO[C@@H](Cc1ccc(OCCN2c3ccccc3Oc3ccccc32)cc1)C(=O)O,2.0,C25H25NO5,419.48
CHEMBL712,ANISINDIONE,COc1ccc(C2C(=O)c3ccccc3C2=O)cc1,4.0,C16H12O3,252.27
CHEMBL24924,FLUINDIONE,O=C1c2ccccc2C(=O)C1c1ccc(F)cc1,4.0,C15H9FO2,240.23
CHEMBL282686,TESAGLITAZAR,CCO[C@@H](Cc1ccc(OCCc2ccc(OS(C)(=O)=O)cc2)cc1)C(=O)O,3.0,C20H24O7S,408.47
CHEMBL24955,BEXLOSTERIDE,CN1C(=O)CC[C@@H]2c3ccc(Cl)cc3CC[C@H]21,2.0,C14H16ClNO,249.74
CHEMBL713,ENTECAVIR ANHYDROUS,C=C1[C@H](CO)[C@@H](O)C[C@@H]1n1cnc2c(=O)[nH]c(N)nc21,4.0,C12H15N5O3,277.28
CHEMBL141,LAMIVUDINE,Nc1ccn([C@@H]2CS[C@H](CO)O2)c(=O)n1,4.0,C8H11N3O3S,229.26
CHEMBL714,ALBUTEROL,CC(C)(C)NCC(O)c1ccc(O)c(CO)c1,4.0,C13H21NO3,239.31
CHEMBL715,OLANZAPINE,Cc1cc2c(s1)Nc1ccccc1N=C2N1CCN(C)CC1,4.0,C17H20N4S,312.44
CHEMBL716,QUETIAPINE,OCCOCCN1CCN(C2=Nc3ccccc3Sc3ccccc32)CC1,4.0,C21H25N3O2S,383.52
CHEMBL285802,ZOTEPINE,CN(C)CCOC1=Cc2ccccc2Sc2ccc(Cl)cc21,2.0,C18H18ClNOS,331.87
CHEMBL28333,MEDAZEPAM,CN1CCN=C(c2ccccc2)c2cc(Cl)ccc21,4.0,C16H15ClN2,270.76
CHEMBL27926,NAPITANE,c1ccc(C2CCN(CC3CCCc4c3ccc3c4OCO3)C2)cc1,2.0,C22H25NO2,335.45
CHEMBL283639,DISOXARIL,Cc1cc(CCCCCCCOc2ccc(C3=NCCO3)cc2)on1,2.0,C20H26N2O3,342.44
CHEMBL28211,NAFOXIDINE,COc1ccc2c(c1)CCC(c1ccccc1)=C2c1ccc(OCCN2CCCC2)cc1,2.0,C29H31NO2,425.57
CHEMBL717,MEDROXYPROGESTERONE ACETATE,CC(=O)O[C@]1(C(C)=O)CC[C@H]2[C@@H]3C[C@H](C)C4=CC(=O)CC[C@]4(C)[C@H]3CC[C@@]21C,4.0,C24H34O4,386.53
CHEMBL27114,SPIROMUSTINE,O=C1NC2(CCCCC2)C(=O)N1CCN(CCCl)CCCl,2.0,C14H23Cl2N3O2,336.26
CHEMBL718,METHYLDOPA (RACEMIC),CC(N)(Cc1ccc(O)c(O)c1)C(=O)O,1.0,C10H13NO4,211.22
CHEMBL25146,AMFENAC,Nc1c(CC(=O)O)cccc1C(=O)c1ccccc1,2.0,C15H13NO3,255.27
CHEMBL27769,STANOLONE,C[C@]12CCC(=O)C[C@@H]1CC[C@@H]1[C@@H]2CC[C@]2(C)[C@@H](O)CC[C@@H]12,2.0,C19H30O2,290.45
CHEMBL28218,BROMPERIDOL,O=C(CCCN1CCC(O)(c2ccc(Br)cc2)CC1)c1ccc(F)cc1,4.0,C21H23BrFNO2,420.32
CHEMBL719,MUPIROCIN,C/C(=C\C(=O)OCCCCCCCCC(=O)O)C[C@@H]1OC[C@H](C[C@@H]2O[C@H]2[C@@H](C)[C@H](C)O)[C@@H](O)[C@H]1O,4.0,C26H44O9,500.63
CHEMBL282567,PROADIFEN,CCCC(C(=O)OCCN(CC)CC)(c1ccccc1)c1ccccc1,2.0,C23H31NO2,353.51
CHEMBL27577,SALICYLAMIDE,NC(=O)c1ccccc1O,2.0,C7H7NO2,137.14
CHEMBL720,BENZYL ALCOHOL,OCc1ccccc1,4.0,C7H8O,108.14
CHEMBL28318,PROPYPHENAZONE,Cc1c(C(C)C)c(=O)n(-c2ccccc2)n1C,4.0,C14H18N2O,230.31
CHEMBL282614,ELTOPRAZINE,c1cc2c(c(N3CCNCC3)c1)OCCO2,2.0,C12H16N2O2,220.27
CHEMBL283656,DAZMEGREL,Cc1c(Cn2ccnc2)c2ccccc2n1CCC(=O)O,2.0,C16H17N3O2,283.33
CHEMBL26479,DIOXADROL,c1ccc(C2(c3ccccc3)OCC(C3CCCCN3)O2)cc1,2.0,C20H23NO2,309.41
CHEMBL26424,TESMILIFENE,CCN(CC)CCOc1ccc(Cc2ccccc2)cc1,2.0,C19H25NO,283.41
CHEMBL27507,ZAMIFENACIN,c1ccc(C(O[C@@H]2CCCN(CCc3ccc4c(c3)OCO4)C2)c2ccccc2)cc1,2.0,C27H29NO3,415.53
CHEMBL27759,ENTINOSTAT,Nc1ccccc1NC(=O)c1ccc(CNC(=O)OCc2cccnc2)cc1,3.0,C21H20N4O3,376.42
CHEMBL27999,TIAZURIL,Cc1cc(-n2ncc(=O)[nH]c2=O)cc(C)c1Sc1ccc(Cl)cc1,2.0,C17H14ClN3O2S,359.84
CHEMBL286494,HYPERICIN,Cc1cc(O)c2c(=O)c3c(O)cc(O)c4c5c(O)cc(O)c6c(=O)c7c(O)cc(C)c8c1c2c(c34)c(c78)c65,3.0,C30H16O8,504.45
CHEMBL27077,ISAMOLTAN,CC(C)NCC(O)COc1ccccc1-n1cccc1,2.0,C16H22N2O2,274.36
CHEMBL27810,CELIPROLOL,CCN(CC)C(=O)Nc1ccc(OCC(O)CNC(C)(C)C)c(C(C)=O)c1,4.0,C20H33N3O4,379.50
CHEMBL26984,BUQUINERAN,CCCCNC(=O)NC1CCN(c2ncnc3cc(OC)c(OC)cc23)CC1,2.0,C20H29N5O3,387.48
CHEMBL25856,DIHYDREXIDINE,Oc1cc2c(cc1O)[C@H]1c3ccccc3CN[C@@H]1CC2,2.0,C17H17NO2,267.33
CHEMBL434200,TERTATOLOL,CC(C)(C)NCC(O)COc1cccc2c1SCCC2,4.0,C16H25NO2S,295.45
CHEMBL723,CARVEDILOL,COc1ccccc1OCCNCC(O)COc1cccc2[nH]c3ccccc3c12,4.0,C24H26N2O4,406.48
CHEMBL726,FLUPHENAZINE,OCCN1CCN(CCCN2c3ccccc3Sc3ccc(C(F)(F)F)cc32)CC1,4.0,C22H26F3N3OS,437.53
CHEMBL727,THIOGUANINE,Nc1nc2[nH]cnc2c(=S)[nH]1,4.0,C5H5N5S,167.20
CHEMBL26630,SULFATROXAZOLE,Cc1onc(NS(=O)(=O)c2ccc(N)cc2)c1C,2.0,C11H13N3O3S,267.31
CHEMBL26319,ARILDONE,CCC(=O)C(CCCCCCOc1ccc(OC)cc1Cl)C(=O)CC,2.0,C20H29ClO4,368.90
CHEMBL287631,PROGABIDE,NC(=O)CCC/N=C(\c1ccc(Cl)cc1)c1cc(F)ccc1O,2.0,C17H16ClFN2O2,334.78
CHEMBL286738,IROSUSTAT,NS(=O)(=O)Oc1ccc2c3c(c(=O)oc2c1)CCCCC3,2.0,C14H15NO5S,309.34
CHEMBL435565,DITERCALINIUM CHLORIDE,COc1ccc2[nH]c3ccc4cc[n+](CCN5CCC(C6CCN(CC[n+]7ccc8ccc9[nH]c%10ccc(OC)cc%10c9c8c7)CC6)CC5)cc4c3c2c1.[Cl-].[Cl-],2.0,C46H50Cl2N6O2,789.85
CHEMBL27289,CROCONAZOLE,C=C(c1ccccc1OCc1cccc(Cl)c1)n1ccnc1,2.0,C18H15ClN2O,310.78
CHEMBL27193,DILEVALOL,C[C@H](CCc1ccccc1)NC[C@H](O)c1ccc(O)c(C(N)=O)c1,4.0,C19H24N2O3,328.41
CHEMBL728,PROCHLORPERAZINE,CN1CCN(CCCN2c3ccccc3Sc3ccc(Cl)cc32)CC1,4.0,C20H24ClN3S,373.95
CHEMBL729,LOPINAVIR,Cc1cccc(C)c1OCC(=O)N[C@@H](Cc1ccccc1)[C@@H](O)C[C@H](Cc1ccccc1)NC(=O)[C@H](C(C)C)N1CCCNC1=O,4.0,C37H48N4O5,628.81
CHEMBL730,NITROGLYCERIN,O=[N+]([O-])OCC(CO[N+](=O)[O-])O[N+](=O)[O-],4.0,C3H5N3O9,227.08
CHEMBL26687,MESCALINE,COc1cc(CCN)cc(OC)c1OC,1.0,C11H17NO3,211.26
CHEMBL285815,PLAUNOTOL,CC(C)=CCC/C(C)=C/CC/C(=C/CC/C(C)=C/CO)CO,2.0,C20H34O2,306.49
CHEMBL30054,DPOC-4088,O=C(Cn1c(Cl)cnc(NCC(F)(F)c2ccccn2)c1=O)NCc1ncccc1F,1.0,C19H16ClF3N6O2,452.82
CHEMBL30116,PIPEMIDIC ACID,CCn1cc(C(=O)O)c(=O)c2cnc(N3CCNCC3)nc21,2.0,C14H17N5O3,303.32
CHEMBL27129,SINITRODIL,O=C1c2ccccc2OCN1CCO[N+](=O)[O-],2.0,C10H10N2O5,238.20
CHEMBL145,CAFFEIC ACID,O=C(O)/C=C/c1ccc(O)c(O)c1,3.0,C9H8O4,180.16
CHEMBL734,ACETOHYDROXAMIC ACID,CC(=O)NO,4.0,C2H5NO2,75.07
CHEMBL284906,NICORANDIL,O=C(NCCO[N+](=O)[O-])c1cccnc1,4.0,C8H9N3O4,211.18
CHEMBL282121,MEBEVERINE,CCN(CCCCOC(=O)c1ccc(OC)c(OC)c1)C(C)Cc1ccc(OC)cc1,4.0,C25H35NO5,429.56
CHEMBL30044,DIBROMPROPAMIDINE,N=C(N)c1ccc(OCCCOc2ccc(C(=N)N)cc2Br)c(Br)c1,2.0,C17H18Br2N4O2,470.17
CHEMBL738,THIOPENTAL SODIUM,CCCC(C)C1(CC)C(=O)[N-]C(=S)NC1=O.[Na+],4.0,C11H17N2NaO2S,264.33
CHEMBL29411,THYMOL,Cc1ccc(C(C)C)c(O)c1,2.0,C10H14O,150.22
CHEMBL281202,CARVACROL,Cc1ccc(C(C)C)cc1O,2.0,C10H14O,150.22
CHEMBL146,BUTYLATED HYDROXYTOLUENE,Cc1cc(C(C)(C)C)c(O)c(C(C)(C)C)c1,2.0,C15H24O,220.36
CHEMBL30219,METHOHEXITAL SODIUM,C=CCC1(C(C)C#CCC)C(=O)N=C([O-])N(C)C1=O.[Na+],4.0,C14H17N2NaO3,284.29
CHEMBL287419,LOSULAZINE,O=C(c1ccc(Nc2ccnc3cc(C(F)(F)F)ccc23)cc1)N1CCN(S(=O)(=O)c2ccc(F)cc2)CC1,2.0,C27H22F4N4O3S,558.56
CHEMBL29741,IRAMPANEL,CN(C)CCOc1ccccc1-c1nc(-c2ccccc2)no1,2.0,C18H19N3O2,309.37
CHEMBL741,LAMOTRIGINE,Nc1nnc(-c2cccc(Cl)c2Cl)c(N)n1,4.0,C9H7Cl2N5,256.10
CHEMBL29919,ELPETRIGINE,Nc1cnc(-c2cc(Cl)cc(Cl)c2Cl)c(N)n1,2.0,C10H7Cl3N4,289.55
CHEMBL30008,FLUNARIZINE,Fc1ccc(C(c2ccc(F)cc2)N2CCN(C/C=C/c3ccccc3)CC2)cc1,2.0,C26H26F2N2,404.50
CHEMBL29798,BEMARINONE,COc1ccc2[nH]c(=O)nc(C)c2c1OC,2.0,C11H12N2O3,220.23
CHEMBL742,KETAMINE,CNC1(c2ccccc2Cl)CCCCC1=O,4.0,C13H16ClNO,237.73
CHEMBL25843,REMACEMIDE,CC(Cc1ccccc1)(NC(=O)CN)c1ccccc1,2.0,C17H20N2O,268.36
CHEMBL416755,OXOLINIC ACID,CCn1cc(C(=O)O)c(=O)c2cc3c(cc21)OCO3,2.0,C13H11NO5,261.23
CHEMBL29404,ENECADIN,Cc1nc(OCCCCCN2CCCCC2)cc(-c2ccc(F)cc2)n1,2.0,C21H28FN3O,357.47
CHEMBL744,RILUZOLE,Nc1nc2ccc(OC(F)(F)F)cc2s1,4.0,C8H5F3N2OS,234.20
CHEMBL29757,D-ASPARTATE,N[C@H](CC(=O)O)C(=O)O,2.0,C4H7NO4,133.10
CHEMBL28636,DERACOXIB,COc1ccc(-c2cc(C(F)F)nn2-c2ccc(S(N)(=O)=O)cc2)cc1F,2.0,C17H14F3N3O3S,397.38
CHEMBL28527,MAVACOXIB,NS(=O)(=O)c1ccc(-n2nc(C(F)(F)F)cc2-c2ccc(F)cc2)cc1,2.0,C16H11F4N3O2S,385.34
CHEMBL29188,LOMERIZINE,COc1ccc(CN2CCN(C(c3ccc(F)cc3)c3ccc(F)cc3)CC2)c(OC)c1OC,2.0,C27H30F2N2O3,468.54
CHEMBL746,NEDOCROMIL,CCCc1c2oc(C(=O)O)cc(=O)c2cc2c(=O)cc(C(=O)O)n(CC)c12,4.0,C19H17NO7,371.35
CHEMBL281724,LUBELUZOLE,CN(c1nc2ccccc2s1)C1CCN(C[C@H](O)COc2ccc(F)c(F)c2)CC1,2.0,C22H25F2N3O2S,433.52
CHEMBL747,CYCLOGUANIL,CC1(C)N=C(N)N=C(N)N1c1ccc(Cl)cc1,2.0,C11H14ClN5,251.72
CHEMBL748,PRALIDOXIME CHLORIDE,C[n+]1ccccc1/C=N/O.[Cl-],4.0,C7H9ClN2O,172.62
CHEMBL29609,PLECONARIL,Cc1cc(CCCOc2c(C)cc(-c3noc(C(F)(F)F)n3)cc2C)on1,2.0,C18H18F3N3O3,381.35
CHEMBL29835,BESIPIRDINE,CCCN(c1ccncc1)n1ccc2ccccc21,2.0,C16H17N3,251.33
CHEMBL282575,ESTRADIOL BENZOATE,C[C@]12CC[C@@H]3c4ccc(OC(=O)c5ccccc5)cc4CC[C@H]3[C@@H]1CC[C@@H]2O,2.0,C25H28O3,376.50
CHEMBL750,ZONISAMIDE,NS(=O)(=O)Cc1noc2ccccc12,4.0,C8H8N2O3S,212.23
CHEMBL28196,ISBOGREL,O=C(O)CCCC/C=C(/c1ccccc1)c1cccnc1,2.0,C18H19NO2,281.36
CHEMBL28854,SIPATRIGINE,CN1CCN(c2ncc(-c3cc(Cl)cc(Cl)c3Cl)c(N)n2)CC1,2.0,C15H16Cl3N5,372.69
CHEMBL28509,EDELFOSINE,CCCCCCCCCCCCCCCCCCOCC(COP(=O)([O-])OCC[N+](C)(C)C)OC,2.0,C27H58NO6P,523.74
CHEMBL28079,ZAPRINAST,CCCOc1ccccc1-c1nc2[nH]nnc2c(=O)[nH]1,2.0,C13H13N5O2,271.28
CHEMBL28979,VAMICAMIDE,CC(CC(C(N)=O)(c1ccccc1)c1ccccn1)N(C)C,2.0,C18H23N3O,297.40
CHEMBL29292,UBENIMEX,CC(C)C[C@H](NC(=O)[C@@H](O)[C@H](N)Cc1ccccc1)C(=O)O,2.0,C16H24N2O4,308.38
CHEMBL280531,TIVICICLOVIR,Nc1nc2c(ncn2CC(CO)CO)c(=O)[nH]1,2.0,C9H13N5O3,239.24
CHEMBL752,ADENOSINE PHOSPHATE,Nc1ncnc2c1ncn2[C@@H]1O[C@H](COP(=O)(O)O)[C@@H](O)[C@H]1O,4.0,C10H14N5O7P,347.22
CHEMBL28564,ELIPRODIL,OC(CN1CCC(Cc2ccc(F)cc2)CC1)c1ccc(Cl)cc1,2.0,C20H23ClFNO,347.86
CHEMBL286020,SULMAZOLE,COc1cc([S+](C)[O-])ccc1-c1nc2cccnc2[nH]1,2.0,C14H13N3O2S,287.34
CHEMBL28930,ILMOFOSINE,CCCCCCCCCCCCCCCCSCC(COC)COP(=O)([O-])OCC[N+](C)(C)C,2.0,C26H56NO5PS,525.78
CHEMBL31882,DEZAGUANINE,Nc1cc2[nH]cnc2c(=O)[nH]1,2.0,C6H6N4O,150.14
CHEMBL753,PHENOXYBENZAMINE,CC(COc1ccccc1)N(CCCl)Cc1ccccc1,4.0,C18H22ClNO,303.83
CHEMBL283403,ENVIROXIME,CC(C)S(=O)(=O)n1c(N)nc2ccc(/C(=N/O)c3ccccc3)cc21,2.0,C17H18N4O3S,358.42
CHEMBL284642,BIZELESIN,Cc1c[nH]c2c(O)cc3c(c12)[C@H](CCl)CN3C(=O)c1cc2cc(NC(=O)Nc3ccc4[nH]c(C(=O)N5C[C@@H](CCl)c6c5cc(O)c5[nH]cc(C)c65)cc4c3)ccc2[nH]1,2.0,C43H36Cl2N8O5,815.72
CHEMBL31907,CETABEN,CCCCCCCCCCCCCCCCNc1ccc(C(=O)O)cc1,2.0,C23H39NO2,361.57
CHEMBL754,FOSCARNET SODIUM,O=C([O-])P(=O)([O-])[O-].[Na+].[Na+].[Na+],4.0,CNa3O5P,191.95
CHEMBL284483,COFORMYCIN,OC[C@H]1O[C@@H](n2cnc3c2N=CNC[C@H]3O)[C@H](O)[C@@H]1O,2.0,C11H16N4O5,284.27
CHEMBL31965,CANERTINIB,C=CC(=O)Nc1cc2c(Nc3ccc(F)c(Cl)c3)ncnc2cc1OCCCN1CCOCC1,3.0,C24H25ClFN5O3,485.95
CHEMBL287677,DEXFADROSTAT,N#Cc1ccc([C@H]2CCCc3cncn32)cc1,2.0,C14H13N3,223.28
CHEMBL757,NANDROLONE,C[C@]12CC[C@H]3[C@@H](CCC4=CC(=O)CC[C@@H]43)[C@@H]1CC[C@@H]2O,3.0,C18H26O2,274.40
CHEMBL435951,MITOZOLOMIDE,NC(=O)c1ncn2c(=O)n(CCCl)nnc12,2.0,C7H7ClN6O2,242.63
CHEMBL760,ANAGRELIDE,O=C1CN2Cc3c(ccc(Cl)c3Cl)N=C2N1,4.0,C10H7Cl2N3O,256.09
CHEMBL31400,ELINAFIDE,O=C1c2cccc3cccc(c23)C(=O)N1CCNCCCNCCN1C(=O)c2cccc3cccc(c23)C1=O,2.0,C31H28N4O4,520.59
CHEMBL761,NAPHAZOLINE,c1ccc2c(CC3=NCCN3)cccc2c1,4.0,C14H14N2,210.28
CHEMBL31634,BRIVUDINE,O=c1[nH]c(=O)n([C@H]2C[C@H](O)[C@@H](CO)O2)cc1/C=C/Br,2.0,C11H13BrN2O5,333.14
CHEMBL31836,PIPEROXAN,c1ccc2c(c1)OCC(CN1CCCCC1)O2,2.0,C14H19NO2,233.31
CHEMBL762,OXYMETAZOLINE,Cc1cc(C(C)(C)C)c(O)c(C)c1CC1=NCCN1,4.0,C16H24N2O,260.38
CHEMBL31891,BRODIMOPRIM,COc1cc(Cc2cnc(N)nc2N)cc(OC)c1Br,2.0,C13H15BrN4O2,339.19
CHEMBL32039,TETROXOPRIM,COCCOc1c(OC)cc(Cc2cnc(N)nc2N)cc1OC,2.0,C16H22N4O4,334.38
CHEMBL32573,TRAMAZOLINE,c1cc2c(c(NC3=NCCN3)c1)CCCC2,2.0,C13H17N3,215.30
CHEMBL32510,CLOFILIUM PHOSPHATE,CCCCCCC[N+](CC)(CC)CCCCc1ccc(Cl)cc1.O=P([O-])(O)O,2.0,C21H39ClNO4P,435.97
CHEMBL31422,MALTOL,Cc1occc(=O)c1O,3.0,C6H6O3,126.11
CHEMBL286398,PROPYLENE GLYCOL,CC(O)CO,3.0,C3H8O2,76.10
CHEMBL31601,REMIKIREN,CC(C)(C)S(=O)(=O)C[C@@H](Cc1ccccc1)C(=O)N[C@@H](Cc1c[nH]cn1)C(=O)N[C@@H](CC1CCCCC1)[C@@H](O)[C@@H](O)C1CC1,2.0,C33H50N4O6S,630.85
CHEMBL31574,FISETIN,O=c1c(O)c(-c2ccc(O)c(O)c2)oc2cc(O)ccc12,2.0,C15H10O6,286.24
CHEMBL286013,DIMEBUTIC ACID,CCC(C)(C)C(=O)O,2.0,C6H12O2,116.16
CHEMBL765,GUANETHIDINE,N=C(N)NCCN1CCCCCCC1,4.0,C10H22N4,198.31
CHEMBL766,CILASTATIN,CC1(C)C[C@@H]1C(=O)N/C(=C\CCCCSC[C@H](N)C(=O)O)C(=O)O,4.0,C16H26N2O5S,358.46
CHEMBL768,ESMOLOL,COC(=O)CCc1ccc(OCC(O)CNC(C)C)cc1,4.0,C16H25NO4,295.38
CHEMBL770,TOLAZOLINE,c1ccc(CC2=NCCN2)cc1,4.0,C10H12N2,160.22
CHEMBL285347,BIAPENEM,C[C@@H](O)[C@H]1C(=O)N2C(C(=O)[O-])=C(SC3Cn4cnc[n+]4C3)[C@H](C)[C@H]12,2.0,C15H18N4O4S,350.40
CHEMBL771,CYCLOSERINE,N[C@@H]1CONC1=O,4.0,C3H6N2O2,102.09
CHEMBL285123,(D)-SERINE,N[C@H](CO)C(=O)O,3.0,C3H7NO3,105.09
CHEMBL148,IMIPENEM ANHYDROUS,C[C@@H](O)[C@H]1C(=O)N2C(C(=O)O)=C(SCCNC=N)C[C@H]12,4.0,C12H17N3O4S,299.35
CHEMBL772,RESERPINE,COC(=O)[C@H]1[C@H]2C[C@@H]3c4[nH]c5cc(OC)ccc5c4CCN3C[C@H]2C[C@@H](OC(=O)c2cc(OC)c(OC)c(OC)c2)[C@@H]1OC,4.0,C33H40N2O9,608.69
CHEMBL773,GLYCINE,NCC(=O)O,4.0,C2H5NO2,75.07
CHEMBL283820,SPIROGLUMIDE,O=C(O)CC[C@@H](NC(=O)c1cc(Cl)cc(Cl)c1)C(=O)N1CCC2(CCCC2)CC1,2.0,C21H26Cl2N2O4,441.36
CHEMBL30400,OXILOFRINE,CNC(C)C(O)c1ccc(O)cc1,2.0,C10H15NO2,181.24
CHEMBL30746,SOTERENOL,CC(C)NCC(O)c1ccc(O)c(NS(C)(=O)=O)c1,2.0,C12H20N2O4S,288.37
CHEMBL284377,DEXFOSFOSERINE,N[C@@H](COP(=O)(O)O)C(=O)O,2.0,C3H8NO6P,185.07
CHEMBL284907,ELMUSTINE,O=NN(CCCl)C(=O)NCCO,2.0,C5H10ClN3O3,195.61
CHEMBL776,METAPROTERENOL,CC(C)NCC(O)c1cc(O)cc(O)c1,4.0,C11H17NO3,211.26
CHEMBL777,CLAVULANIC ACID,O=C(O)[C@H]1/C(=C/CO)O[C@@H]2CC(=O)N21,4.0,C8H9NO5,199.16
CHEMBL285855,FANTOFARONE,COc1ccc(CCN(C)CCCOc2ccc(S(=O)(=O)c3c(C(C)C)cn4ccccc34)cc2)cc1OC,2.0,C31H38N2O5S,550.72
CHEMBL778,DEXMEDETOMIDINE,Cc1cccc([C@H](C)c2c[nH]cn2)c1C,4.0,C13H16N2,200.28
CHEMBL779,TADALAFIL,CN1CC(=O)N2[C@H](c3ccc4c(c3)OCO4)c3[nH]c4ccccc4c3C[C@@H]2C1=O,4.0,C22H19N3O4,389.41
CHEMBL416578,BEFLOXATONE,COC[C@H]1CN(c2ccc(OCC[C@@H](O)C(F)(F)F)cc2)C(=O)O1,2.0,C15H18F3NO5,349.31
CHEMBL291233,OBIDOXIME CHLORIDE,O/N=C/c1cc[n+](COC[n+]2ccc(/C=N/O)cc2)cc1.[Cl-].[Cl-],2.0,C14H16Cl2N4O3,359.21
CHEMBL33986,BUTORPHANOL,Oc1ccc2c(c1)[C@@]13CCCC[C@@]1(O)[C@@H](C2)N(CC1CCC1)CC3,4.0,C21H29NO2,327.47
CHEMBL32994,AMSILAROTENE,C[Si](C)(C)c1cc(C(=O)Nc2ccc(C(=O)O)cc2)cc([Si](C)(C)C)c1,2.0,C20H27NO3Si2,385.61
CHEMBL34234,IBROLIPIM,CCOP(=O)(Cc1ccc(C(=O)Nc2ccc(Br)cc2C#N)cc1)OCC,2.0,C19H20BrN2O4P,451.26
CHEMBL433041,EPTASTIGMINE,CCCCCCCNC(=O)Oc1ccc2c(c1)[C@]1(C)CCN(C)[C@@H]1N2C,2.0,C21H33N3O2,359.51
CHEMBL33211,ISOXEPAC,O=C(O)Cc1ccc2c(c1)C(=O)c1ccccc1CO2,2.0,C16H12O4,268.27
CHEMBL780,PENTETIC ACID,O=C(O)CN(CCN(CC(=O)O)CC(=O)O)CCN(CC(=O)O)CC(=O)O,4.0,C14H23N3O10,393.35
CHEMBL781,MAZINDOL,OC1(c2ccc(Cl)cc2)c2ccccc2C2=NCCN21,4.0,C16H13ClN2O,284.75
CHEMBL284116,5-AMINOVALERIC ACID,NCCCCC(=O)O,1.0,C5H11NO2,117.15
CHEMBL33845,DICHLOROPHEN,Oc1ccc(Cl)cc1Cc1cc(Cl)ccc1O,2.0,C13H10Cl2O2,269.13
CHEMBL32227,ZINDOXIFENE,CCn1c(-c2ccc(OC(C)=O)cc2)c(C)c2cc(OC(C)=O)ccc21,2.0,C21H21NO4,351.40
CHEMBL290106,BITHIONOL,Oc1c(Cl)cc(Cl)cc1Sc1cc(Cl)cc(Cl)c1O,4.0,C12H6Cl4O2S,356.06
CHEMBL782,TOLBUTAMIDE,CCCCNC(=O)NS(=O)(=O)c1ccc(C)cc1,4.0,C12H18N2O3S,270.35
CHEMBL783,NATEGLINIDE,CC(C)[C@H]1CC[C@H](C(=O)N[C@H](Cc2ccccc2)C(=O)O)CC1,4.0,C19H27NO3,317.43
CHEMBL284768,MIFOBATE,COP(=O)(OC)OC(c1ccc(Cl)cc1)P(=O)(OC)OC,2.0,C11H17ClO7P2,358.65
CHEMBL150,KAEMPFEROL,O=c1c(O)c(-c2ccc(O)cc2)oc2cc(O)cc(O)c12,1.0,C15H10O6,286.24
CHEMBL33864,"LIPOIC ACID, ALPHA",O=C(O)CCCCC1CCSS1,3.0,C8H14O2S2,206.33
CHEMBL284616,CHLOROGENIC ACID,O=C(/C=C/c1ccc(O)c(O)c1)O[C@@H]1C[C@](O)(C(=O)O)C[C@@H](O)[C@H]1O,2.0,C16H18O9,354.31
CHEMBL32350,PIRLINDOLE,Cc1ccc2c(c1)c1c3n2CCNC3CCC1,2.0,C15H18N2,226.32
CHEMBL32479,BROTIZOLAM,Cc1nnc2n1-c1sc(Br)cc1C(c1ccccc1Cl)=NC2,4.0,C15H10BrClN4S,393.70
CHEMBL151,LUTEOLIN,O=c1cc(-c2ccc(O)c(O)c2)oc2cc(O)cc(O)c12,2.0,C15H10O6,286.24
CHEMBL417675,PALMIDROL,CCCCCCCCCCCCCCCC(=O)NCCO,3.0,C18H37NO2,299.50
CHEMBL285852,ACRONINE,COc1cc2c(c3c1c(=O)c1ccccc1n3C)C=CC(C)(C)O2,2.0,C20H19NO3,321.38
CHEMBL786,TAMOXIFEN CITRATE,CC/C(=C(\c1ccccc1)c1ccc(OCCN(C)C)cc1)c1ccccc1.O=C(O)CC(O)(CC(=O)O)C(=O)O,4.0,C32H37NO8,563.65
CHEMBL787,MONTELUKAST,CC(C)(O)c1ccccc1CC[C@@H](SCC1(CC(=O)O)CC1)c1cccc(/C=C/c2ccc3ccc(Cl)cc3n2)c1,4.0,C35H36ClNO3S,586.20
CHEMBL32778,TRIMEDOXIME,O/N=C/c1cc[n+](CCC[n+]2ccc(/C=N/O)cc2)cc1,2.0,C15H18N4O2+2,286.33
CHEMBL32911,CARZELESIN,CCN(CC)c1ccc2cc(C(=O)Nc3ccc4[nH]c(C(=O)N5C[C@@H](CCl)c6c5cc(OC(=O)Nc5ccccc5)c5[nH]cc(C)c65)cc4c3)oc2c1,2.0,C41H37ClN6O5,729.24
CHEMBL284328,HOMIDIUM BROMIDE,CC[n+]1c(-c2ccccc2)c2cc(N)ccc2c2ccc(N)cc21.[Br-],2.0,C21H20BrN3,394.32
CHEMBL788,IDOXURIDINE,O=c1[nH]c(=O)n([C@H]2C[C@H](O)[C@@H](CO)O2)cc1I,4.0,C9H11IN2O5,354.10
CHEMBL431701,SILYBIN A,COc1cc([C@H]2Oc3cc([C@H]4Oc5cc(O)cc(O)c5C(=O)[C@@H]4O)ccc3O[C@@H]2CO)ccc1O,3.0,C25H22O10,482.44
CHEMBL36015,PIBROZELESIN,COC(=O)c1c(C)[nH]c2c(OC(=O)N3CCN(C)CC3)cc3c(c12)[C@H](CBr)CN3C(=O)c1cc2cc(OC)c(OC)c(OC)c2[nH]1,2.0,C32H36BrN5O8,698.57
CHEMBL789,RATHYRONINE,NC(Cc1cc(I)c(Oc2ccc(O)c(I)c2)c(I)c1)C(=O)O,2.0,C15H12I3NO4,650.98
CHEMBL35493,ADOZELESIN,Cc1c[nH]c2c1[C@@]13C[C@@H]1CN(C(=O)c1cc4cc(NC(=O)c5cc6ccccc6o5)ccc4[nH]1)C3=CC2=O,2.0,C30H22N4O4,502.53
CHEMBL287542,RAFOXANIDE,O=C(Nc1ccc(Oc2ccc(Cl)cc2)c(Cl)c1)c1cc(I)cc(I)c1O,2.0,C19H11Cl2I2NO3,626.02
CHEMBL36255,COMBRETASTATIN A-1,COc1ccc(/C=C\c2cc(OC)c(OC)c(OC)c2)c(O)c1O,1.0,C18H20O6,332.35
CHEMBL285913,TREQUINSIN,COc1cc2c(cc1OC)-c1c/c(=N\c3c(C)cc(C)cc3C)n(C)c(=O)n1CC2,2.0,C24H27N3O3,405.50
CHEMBL35337,AMFONELIC ACID,CCn1cc(C(=O)O)c(=O)c2ccc(Cc3ccccc3)nc21,2.0,C18H16N2O3,308.34
CHEMBL287257,DICLOFENSINE,COc1ccc2c(c1)CN(C)CC2c1ccc(Cl)c(Cl)c1,2.0,C17H17Cl2NO,322.24
CHEMBL36506,NOVOBIOCIN,CO[C@@H]1[C@@H](OC(N)=O)[C@@H](O)[C@H](Oc2ccc3c(O)c(NC(=O)c4ccc(O)c(CC=C(C)C)c4)c(=O)oc3c2C)OC1(C)C,4.0,C31H36N2O11,612.63
CHEMBL152,CIDOFOVIR ANHYDROUS,Nc1ccn(C[C@@H](CO)OCP(=O)(O)O)c(=O)n1,4.0,C8H14N3O6P,279.19
CHEMBL790,CHLORHEXIDINE,N=C(NCCCCCCNC(=N)NC(=N)Nc1ccc(Cl)cc1)NC(=N)Nc1ccc(Cl)cc1,4.0,C22H30Cl2N10,505.46
CHEMBL32838,FUMAGILLIN,CO[C@@H]1[C@H](OC(=O)/C=C/C=C/C=C/C=C/C(=O)O)CC[C@]2(CO2)[C@H]1[C@@]1(C)O[C@@H]1CC=C(C)C,2.0,C26H34O7,458.55
CHEMBL286452,ALFATRADIOL,C[C@]12CC[C@@H]3c4ccc(O)cc4CC[C@H]3[C@@H]1CC[C@H]2O,2.0,C18H24O2,272.39
CHEMBL35241,DIMINAZENE,N=C(N)c1ccc(/N=N/Nc2ccc(C(=N)N)cc2)cc1,2.0,C14H15N7,281.32
CHEMBL32800,FENOTEROL,CC(Cc1ccc(O)cc1)NCC(O)c1cc(O)cc(O)c1,4.0,C17H21NO4,303.36
CHEMBL36342,OCTENIDINE HYDROCHLORIDE,CCCCCCCCN=c1ccn(CCCCCCCCCCn2ccc(=NCCCCCCCC)cc2)cc1.Cl.Cl,2.0,C36H64Cl2N4,623.84
CHEMBL35306,NIKKOMYCIN,C[C@@H]([C@H](N)C(=O)N[C@H](C(=O)O)[C@H]1O[C@@H](n2ccc(=O)[nH]c2=O)[C@H](O)[C@@H]1O)[C@H](O)c1ccc(O)cn1,1.0,C20H25N5O10,495.45
CHEMBL792,URIC ACID,Oc1nc(O)c2nc(O)[nH]c2n1,2.0,C5H4N4O3,168.11
CHEMBL284121,ILX23-7553,C=C1/C(=C\C=C2/CCC[C@]3(C)C([C@H](C)CC#CC(C)(C)O)=CC[C@@H]23)C[C@@H](O)C[C@@H]1O,1.0,C27H38O3,410.60
CHEMBL34246,IPROZILAMINE,CSc1c(Cl)nc(NC(C)C)nc1N1CCN(C)CC1,2.0,C13H22ClN5S,315.87
CHEMBL34722,THIAMIPRINE,Cn1cnc([N+](=O)[O-])c1Sc1nc(N)nc2[nH]cnc12,2.0,C9H8N8O2S,292.28
CHEMBL35033,EMIVIRINE,CCOCn1c(Cc2ccccc2)c(C(C)C)c(=O)[nH]c1=O,2.0,C17H22N2O3,302.37
CHEMBL796,METHYLPHENIDATE,COC(=O)C(c1ccccc1)C1CCCCN1,4.0,C14H19NO2,233.31
CHEMBL285674,ESTAZOLAM,Clc1ccc2c(c1)C(c1ccccc1)=NCc1nncn1-2,4.0,C16H11ClN4,294.75
CHEMBL797,PHENSUXIMIDE,CN1C(=O)CC(c2ccccc2)C1=O,4.0,C11H11NO2,189.21
CHEMBL36565,LORZAFONE ANHYDROUS,CN(C(=O)CNC(=O)CN)c1ccc(Cl)cc1C(=O)c1ccccc1Cl,2.0,C18H17Cl2N3O3,394.26
CHEMBL34259,METHOTREXATE,CN(Cc1cnc2nc(N)nc(N)c2n1)c1ccc(C(=O)N[C@@H](CCC(=O)O)C(=O)O)cc1,4.0,C20H22N8O5,454.45
CHEMBL34412,LOMETREXOL,Nc1nc2c(c(=O)[nH]1)C[C@@H](CCc1ccc(C(=O)N[C@@H](CCC(=O)O)C(=O)O)cc1)CN2,2.0,C21H25N5O6,443.46
CHEMBL36503,CERONAPRIL,NCCCC[C@H](OP(=O)(O)CCCCc1ccccc1)C(=O)N1CCC[C@H]1C(=O)O,2.0,C21H33N2O6P,440.48
CHEMBL284092,GEPIRONE,CC1(C)CC(=O)N(CCCCN2CCN(c3ncccn3)CC2)C(=O)C1,4.0,C19H29N5O2,359.47
CHEMBL34431,CILOSTAMIDE,CN(C(=O)CCCOc1ccc2[nH]c(=O)ccc2c1)C1CCCCC1,2.0,C20H26N2O3,342.44
CHEMBL799,CILOSTAZOL,O=C1CCc2cc(OCCCCc3nnnn3C3CCCCC3)ccc2N1,4.0,C20H27N5O2,369.47
CHEMBL284838,K-134,O=C(NCCCOc1ccc2[nH]c(=O)ccc2c1)N(C1CC1)[C@@H]1CCCC[C@H]1O,2.0,C22H29N3O4,399.49
CHEMBL33958,CLOFURAC,O=C1Cc2cc(Cl)c(C3CCCCC3)cc2O1,2.0,C14H15ClO2,250.72
CHEMBL36016,DIAZIQUONE,CCOC(=O)NC1=C(N2CC2)C(=O)C(NC(=O)OCC)=C(N2CC2)C1=O,2.0,C16H20N4O6,364.36
CHEMBL35802,PENTAQUINE,COc1cc(NCCCCCNC(C)C)c2ncccc2c1,2.0,C18H27N3O,301.43
CHEMBL38380,FASUDIL,O=S(=O)(c1cccc2cnccc12)N1CCCNCC1,3.0,C14H17N3O2S,291.38
CHEMBL35505,DIHYDRALAZINE,N/N=c1\[nH][nH]/c(=N\N)c2ccccc12,3.0,C8H10N6,190.21
CHEMBL432481,DEFERITRIN,C[C@]1(C(=O)O)CSC(c2ccc(O)cc2O)=N1,2.0,C11H11NO4S,253.28
CHEMBL34124,OLODANRIGAN,COc1ccc2c(c1OCc1ccccc1)C[C@@H](C(=O)O)N(C(=O)C(c1ccccc1)c1ccccc1)C2,2.0,C32H29NO5,507.59
CHEMBL38224,INDOLIDAN,CC1(C)C(=O)Nc2ccc(C3=NNC(=O)CC3)cc21,2.0,C14H15N3O2,257.29
CHEMBL35228,PYRONARIDINE,COc1ccc2nc3cc(Cl)ccc3c(Nc3cc(CN4CCCC4)c(O)c(CN4CCCC4)c3)c2n1,3.0,C29H32ClN5O2,518.06
CHEMBL802,MINOXIDIL,Nc1cc(N2CCCCC2)nc(N)[n+]1[O-],4.0,C9H15N5O,209.25
CHEMBL154,NAPROXEN,COc1ccc2cc([C@H](C)C(=O)O)ccc2c1,4.0,C14H14O3,230.26
CHEMBL416956,MEFLOQUINE,OC(c1cc(C(F)(F)F)nc2c(C(F)(F)F)cccc12)C1CCCCN1,4.0,C17H16F6N2O,378.32
CHEMBL803,CYTARABINE,Nc1ccn([C@@H]2O[C@H](CO)[C@@H](O)[C@@H]2O)c(=O)n1,4.0,C9H13N3O5,243.22
CHEMBL35057,TIOSPIRONE,O=C1CC2(CCCC2)CC(=O)N1CCCCN1CCN(c2nsc3ccccc23)CC1,2.0,C24H32N4O2S,440.61
CHEMBL284733,DICLAZURIL,N#CC(c1ccc(Cl)cc1)c1c(Cl)cc(-n2ncc(=O)[nH]c2=O)cc1Cl,2.0,C17H9Cl3N4O2,407.64
CHEMBL416230,DECOQUINATE,CCCCCCCCCCOc1cc2c(O)c(C(=O)OCC)cnc2cc1OCC,2.0,C24H35NO5,417.55
CHEMBL290578,CAMBENDAZOLE,CC(C)OC(=O)Nc1ccc2[nH]c(-c3cscn3)nc2c1,2.0,C14H14N4O2S,302.36
CHEMBL37161,FENBENDAZOLE,COC(=O)Nc1nc2cc(Sc3ccccc3)ccc2[nH]1,2.0,C15H13N3O2S,299.36
CHEMBL806,FLUTAMIDE,CC(C)C(=O)Nc1ccc([N+](=O)[O-])c(C(F)(F)F)c1,4.0,C11H11F3N2O3,276.21
CHEMBL290352,CEP-1347,CCSCc1ccc2c(c1)c1c3c(c4c5cc(CSCC)ccc5n5c4c1n2[C@H]1C[C@](O)(C(=O)OC)[C@]5(C)O1)CNC3=O,3.0,C33H33N3O5S2,615.78
CHEMBL35084,CANDOXATRIL,COCCOC[C@H](CC1(C(=O)N[C@H]2CC[C@@H](C(=O)O)CC2)CCCC1)C(=O)Oc1ccc2c(c1)CCC2,2.0,C29H41NO7,515.65
CHEMBL37935,COLURACETAM,Cc1oc2nc3c(c(NC(=O)CN4CCCC4=O)c2c1C)CCCC3,2.0,C19H23N3O3,341.41
CHEMBL807,MEMANTINE,CC12CC3CC(C)(C1)CC(N)(C3)C2,4.0,C12H21N,179.31
CHEMBL37676,APC-100,Cc1c(C)c2c(c(C)c1O)CCC(C)(C)O2,1.0,C14H20O2,220.31
CHEMBL289351,FOSBRETABULIN DISODIUM,COc1ccc(/C=C\c2cc(OC)c(OC)c(OC)c2)cc1OP(=O)([O-])[O-].[Na+].[Na+],2.0,C18H19Na2O8P,440.30
CHEMBL808,ECONAZOLE,Clc1ccc(COC(Cn2ccnc2)c2ccc(Cl)cc2Cl)cc1,4.0,C18H15Cl3N2O,381.69
CHEMBL36648,LONAPALENE,COc1c(OC)c(OC(C)=O)c2cc(Cl)ccc2c1OC(C)=O,2.0,C16H15ClO6,338.74
CHEMBL36591,ALAPROCLATE,CC(N)C(=O)OC(C)(C)Cc1ccc(Cl)cc1,2.0,C13H18ClNO2,255.75
CHEMBL287064,NOMELIDINE,CNC/C=C(/c1ccc(Br)cc1)c1cccnc1,2.0,C15H15BrN2,303.20
CHEMBL36994,ANIRACETAM,COc1ccc(C(=O)N2CCCC2=O)cc1,2.0,C12H13NO3,219.24
CHEMBL809,SERTRALINE,CN[C@H]1CC[C@@H](c2ccc(Cl)c(Cl)c2)c2ccccc21,4.0,C17H17Cl2N,306.24
CHEMBL36715,PIRACETAM,NC(=O)CN1CCCC1=O,4.0,C6H10N2O2,142.16
CHEMBL36633,OXIRACETAM,NC(=O)CN1CC(O)CC1=O,3.0,C6H10N2O3,158.16
CHEMBL810,TEMOZOLOMIDE,Cn1nnc2c(C(N)=O)ncn2c1=O,4.0,C6H6N6O2,194.15
CHEMBL37390,PROXYPHYLLINE,CC(O)Cn1cnc2c1c(=O)n(C)c(=O)n2C,2.0,C10H14N4O3,238.25
CHEMBL37387,BROPIRIMINE,Nc1nc(=O)c(Br)c(-c2ccccc2)[nH]1,2.0,C10H8BrN3O,266.10
CHEMBL811,BROMPHENIRAMINE,CN(C)CCC(c1ccc(Br)cc1)c1ccccn1,4.0,C16H19BrN2,319.25
CHEMBL37744,ZIMELDINE,CN(C)C/C=C(/c1ccc(Br)cc1)c1cccnc1,4.0,C16H17BrN2,317.23
CHEMBL34913,TILMACOXIB,Cc1nc(C2CCCCC2)c(-c2ccc(S(N)(=O)=O)c(F)c2)o1,2.0,C16H19FN2O3S,338.40
CHEMBL285517,PHENERIDINE,CCOC(=O)C1(c2ccccc2)CCN(CCc2ccccc2)CC1,2.0,C22H27NO2,337.46
CHEMBL812,PYRIDOSTIGMINE BROMIDE,CN(C)C(=O)Oc1ccc[n+](C)c1.[Br-],4.0,C9H13BrN2O2,261.12
CHEMBL813,EPROSARTAN,CCCCc1ncc(/C=C(\Cc2cccs2)C(=O)O)n1Cc1ccc(C(=O)O)cc1,4.0,C23H24N2O4S,424.52
CHEMBL40124,PAZELLIPTINE,CCN(CC)CCCNc1nccc2c(C)c3[nH]c4ccncc4c3cc12,2.0,C22H27N5,361.49
CHEMBL38120,TAMETRALINE,CN[C@@H]1CC[C@@H](c2ccccc2)c2ccccc21,2.0,C17H19N,237.35
CHEMBL36584,METOCHALCONE,COc1ccc(/C=C/C(=O)c2ccc(OC)cc2OC)cc1,2.0,C18H18O4,298.34
CHEMBL39999,TROVIRDINE,S=C(NCCc1ccccn1)Nc1ccc(Br)cn1,2.0,C13H13BrN4S,337.25
CHEMBL289469,GRANISETRON,CN1C2CCCC1CC(NC(=O)c1nn(C)c3ccccc13)C2,4.0,C18H24N4O,312.42
CHEMBL39664,SELFOTEL,O=C(O)[C@@H]1C[C@H](CP(=O)(O)O)CCN1,2.0,C7H14NO5P,223.16
CHEMBL39541,DOLASTATIN-10,CC[C@H](C)[C@@H]([C@@H](CC(=O)N1CCC[C@H]1[C@H](OC)[C@@H](C)C(=O)N[C@@H](Cc1ccccc1)c1nccs1)OC)N(C)C(=O)[C@@H](NC(=O)[C@H](C(C)C)N(C)C)C(C)C,2.0,C42H68N6O6S,785.11
CHEMBL814,FLUVOXAMINE,COCCCC/C(=N\OCCN)c1ccc(C(F)(F)F)cc1,4.0,C15H21F3N2O2,318.34
CHEMBL815,DINOPROST,CCCCC[C@H](O)/C=C/[C@@H]1[C@@H](C/C=C\CCCC(=O)O)[C@@H](O)C[C@H]1O,4.0,C20H34O5,354.49
CHEMBL290507,ENVIRADENE,C/C=C(\c1ccccc1)c1ccc2nc(N)n(S(=O)(=O)C(C)C)c2c1,2.0,C19H21N3O2S,355.46
CHEMBL39861,PELRETIN,CC1=C(/C=C/C(C)=C/C=C/c2ccc(C(=O)O)cc2)C(C)(C)CCC1,2.0,C23H28O2,336.48
CHEMBL816,ETHYLENEDIAMINE,NCCN,3.0,C2H8N2,60.10
CHEMBL39516,FOSTEDIL,CCOP(=O)(Cc1ccc(-c2nc3ccccc3s2)cc1)OCC,2.0,C18H20NO3PS,361.40
CHEMBL288149,SUTEZOLID,CC(=O)NC[C@H]1CN(c2ccc(N3CCSCC3)c(F)c2)C(=O)O1,2.0,C16H20FN3O3S,353.42
CHEMBL39373,ANTHRAMYCIN,Cc1ccc2c(c1O)NC(O)C1CC(/C=C/C(N)=O)=CN1C2=O,2.0,C16H17N3O4,315.33
CHEMBL37624,LOVIRIDE,CC(=O)c1ccc(C)cc1NC(C(N)=O)c1c(Cl)cccc1Cl,2.0,C17H16Cl2N2O2,351.23
CHEMBL39736,BUFORMIN,CCCCNC(=N)NC(=N)N,4.0,C6H15N5,157.22
CHEMBL38827,LUMEFANTRINE,CCCCN(CCCC)CC(O)c1cc(Cl)cc2c1-c1ccc(Cl)cc1/C2=C/c1ccc(Cl)cc1,4.0,C30H32Cl3NO,528.95
CHEMBL817,TOLAZAMIDE,Cc1ccc(S(=O)(=O)NC(=O)NN2CCCCCC2)cc1,4.0,C14H21N3O3S,311.41
CHEMBL38943,GW501516,Cc1cc(SCc2sc(-c3ccc(C(F)(F)F)cc3)nc2C)ccc1OCC(=O)O,2.0,C21H18F3NO3S2,453.51
CHEMBL818,IOBENGUANE,N=C(N)NCc1cccc(I)c1,4.0,C8H10IN3,275.09
CHEMBL819,OXACILLIN,Cc1onc(-c2ccccc2)c1C(=O)N[C@@H]1C(=O)N2[C@@H]1SC(C)(C)[C@@H]2C(=O)O,4.0,C19H19N3O5S,401.44
CHEMBL290960,NIFURTIMOX,CC1CS(=O)(=O)CCN1/N=C/c1ccc([N+](=O)[O-])o1,4.0,C10H13N3O5S,287.30
CHEMBL38458,LEDOXANTRONE,CCN(CC)CCn1nc2c3c(c(NCCN)ccc31)Sc1cc(O)ccc1-2,2.0,C21H27N5OS,397.55
CHEMBL820,BUSULFAN,CS(=O)(=O)OCCCCOS(C)(=O)=O,4.0,C6H14O6S2,246.31
CHEMBL263807,RIMAZOLIUM METILSULFATE,CCOC(=O)c1c[n+](C)c2n(c1=O)C(C)CCC2.COS(=O)(=O)[O-],2.0,C14H22N2O7S,362.40
CHEMBL289228,TIPIFARNIB,Cn1cncc1[C@@](N)(c1ccc(Cl)cc1)c1ccc2c(c1)c(-c1cccc(Cl)c1)cc(=O)n2C,3.0,C27H22Cl2N4O,489.41
CHEMBL821,GUANIDINE,N=C(N)N,4.0,CH5N3,59.07
CHEMBL822,TERBINAFINE,CN(C/C=C/C#CC(C)(C)C)Cc1cccc2ccccc12,4.0,C21H25N,291.44
CHEMBL37683,ESAFLOXACIN,CCn1cc(C(=O)O)c(=O)c2cc(F)c(N3CCC(N)C3)nc21,2.0,C15H17FN4O3,320.32
CHEMBL290299,RONIDAZOLE,Cn1c([N+](=O)[O-])cnc1COC(N)=O,2.0,C6H8N4O4,200.15
CHEMBL826,ENOXACIN,CCn1cc(C(=O)O)c(=O)c2cc(F)c(N3CCNCC3)nc21,4.0,C15H17FN4O3,320.32
CHEMBL290194,ALIZAPRIDE,C=CCN1CCCC1CNC(=O)c1cc2nn[nH]c2cc1OC,3.0,C16H21N5O2,315.38
CHEMBL38434,BREQUINAR,Cc1c(-c2ccc(-c3ccccc3F)cc2)nc2ccc(F)cc2c1C(=O)O,2.0,C23H15F2NO2,375.37
CHEMBL37681,SPARFOSIC ACID,O=C(O)CC(NC(=O)CP(=O)(O)O)C(=O)O,2.0,C6H10NO8P,255.12
CHEMBL38992,ETISULERGINE,CCN(CC)S(=O)(=O)N[C@H]1C[C@@H]2c3cccc4[nH]cc(c34)C[C@H]2N(C)C1,2.0,C19H28N4O2S,376.53
CHEMBL39560,ACEPROMAZINE,CC(=O)c1ccc2c(c1)N(CCCN(C)C)c1ccccc1S2,2.0,C19H22N2OS,326.47
CHEMBL38594,BATANOPRIDE,CCN(CC)CCNC(=O)c1cc(Cl)c(N)cc1OC(C)C(C)=O,2.0,C17H26ClN3O3,355.87
CHEMBL827,DEXMETHYLPHENIDATE,COC(=O)[C@H](c1ccccc1)[C@H]1CCCCN1,4.0,C14H19NO2,233.31
CHEMBL289116,ROGLETIMIDE,CCC1(c2ccncc2)CCC(=O)NC1=O,2.0,C12H14N2O2,218.26
CHEMBL264374,BEZAFIBRATE,CC(C)(Oc1ccc(CCNC(=O)c2ccc(Cl)cc2)cc1)C(=O)O,3.0,C19H20ClNO4,361.83
CHEMBL828,PHENOTHIAZINE,c1ccc2c(c1)Nc1ccccc1S2,2.0,C12H9NS,199.28
CHEMBL829,METHYLPROMAZINE,CC(CN(C)C)CN1c2ccccc2Sc2ccccc21,4.0,C18H22N2S,298.45
CHEMBL38938,DIMETRIDAZOLE,Cc1ncc([N+](=O)[O-])n1C,2.0,C5H7N3O2,141.13
CHEMBL37971,NANTERINONE,Cc1cn(-c2cc(C)c3[nH]c(=O)ccc3c2)c(C)n1,2.0,C15H15N3O,253.31
CHEMBL290624,CHLORACYZINE,CCN(CC)CCC(=O)N1c2ccccc2Sc2ccc(Cl)cc21,2.0,C19H21ClN2OS,360.91
CHEMBL43128,PRIMAQUINE PHOSPHATE,COc1cc(NC(C)CCCN)c2ncccc2c1.O=P(O)(O)O.O=P(O)(O)O,4.0,C15H27N3O9P2,455.34
CHEMBL37858,SARAFLOXACIN,O=C(O)c1cn(-c2ccc(F)cc2)c2cc(N3CCNCC3)c(F)cc2c1=O,2.0,C20H17F2N3O3,385.37
CHEMBL43185,PIPERINE,O=C(/C=C/C=C/c1ccc2c(c1)OCO2)N1CCCCC1,2.0,C17H19NO3,285.34
CHEMBL288114,GALLIC ACID,O=C(O)c1cc(O)c(O)c(O)c1,2.0,C7H6O5,170.12
CHEMBL43184,AMINACRINE,Nc1c2ccccc2nc2ccccc12,2.0,C13H10N2,194.24
CHEMBL830,EFLORNITHINE,NCCCC(N)(C(=O)O)C(F)F,4.0,C6H12F2N2O2,182.17
CHEMBL39933,CARABERSAT,CC(=O)c1ccc2c(c1)[C@H](NC(=O)c1ccc(F)cc1)[C@@H](O)C(C)(C)O2,2.0,C20H20FNO4,357.38
CHEMBL41849,DENZIMOL,OC(Cn1ccnc1)c1ccc(CCc2ccccc2)cc1,2.0,C19H20N2O,292.38
CHEMBL416801,NAFIMIDONE,O=C(Cn1ccnc1)c1ccc2ccccc2c1,2.0,C15H12N2O,236.27
CHEMBL413376,SURAMIN HEXASODIUM,Cc1ccc(C(=O)Nc2ccc(S(=O)(=O)[O-])c3cc(S(=O)(=O)[O-])cc(S(=O)(=O)[O-])c23)cc1NC(=O)c1cccc(NC(=O)Nc2cccc(C(=O)Nc3cc(C(=O)Nc4ccc(S(=O)(=O)[O-])c5cc(S(=O)(=O)[O-])cc(S(=O)(=O)[O-])c45)ccc3C)c2)c1.[Na+].[Na+].[Na+].[Na+].[Na+].[Na+],3.0,C51H34N6Na6O23S6,1429.19
CHEMBL41194,PRATOSARTAN,CCCc1nc2c(n1Cc1ccc(-c3ccccc3-c3nnn[nH]3)cc1)C(=O)CCCC2,2.0,C25H26N6O,426.52
CHEMBL831,LOXAPINE,CN1CCN(C2=Nc3ccccc3Oc3ccc(Cl)cc32)CC1,4.0,C18H18ClN3O,327.81
CHEMBL289556,OMAPATRILAT,O=C(N[C@H]1CCS[C@H]2CCC[C@@H](C(=O)O)N2C1=O)[C@@H](S)Cc1ccccc1,2.0,C19H24N2O4S2,408.55
CHEMBL39677,ACRIDINE,c1ccc2nc3ccccc3cc2c1,2.0,C13H9N,179.22
CHEMBL289093,BUTOXAMINE,COc1ccc(OC)c(C(O)C(C)NC(C)(C)C)c1,2.0,C15H25NO3,267.37
CHEMBL832,SULFINPYRAZONE,O=C1C(CC[S+]([O-])c2ccccc2)C(=O)N(c2ccccc2)N1c1ccccc1,4.0,C23H20N2O3S,404.49
CHEMBL288470,AMINOPYRINE,Cc1c(N(C)C)c(=O)n(-c2ccccc2)n1C,4.0,C13H17N3O,231.30
CHEMBL41632,TIRATRICOL,O=C(O)Cc1cc(I)c(Oc2ccc(O)c(I)c2)c(I)c1,3.0,C14H9I3O4,621.93
CHEMBL833,TICLOPIDINE,Clc1ccccc1CN1CCc2sccc2C1,4.0,C14H14ClNS,263.79
CHEMBL291053,THYROPROPIC ACID,O=C(O)CCc1cc(I)c(Oc2ccc(O)c(I)c2)c(I)c1,2.0,C15H11I3O4,635.96
CHEMBL290916,EDARAVONE,CC1=NN(c2ccccc2)C(=O)C1,4.0,C10H10N2O,174.20
CHEMBL834,PAMIDRONIC ACID,NCCC(O)(P(=O)(O)O)P(=O)(O)O,4.0,C3H11NO7P2,235.07
CHEMBL289480,RILMENIDINE,C1COC(NC(C2CC2)C2CC2)=N1,4.0,C10H16N2O,180.25
CHEMBL291157,ROSOXACIN,CCn1cc(C(=O)O)c(=O)c2ccc(-c3ccncc3)cc21,2.0,C17H14N2O3,294.31
CHEMBL38700,ELVUCITABINE,Nc1nc(=O)n([C@@H]2C=C[C@H](CO)O2)cc1F,2.0,C9H10FN3O3,227.19
CHEMBL288496,BROMINDIONE,O=C1c2ccccc2C(=O)C1c1ccc(Br)cc1,2.0,C15H9BrO2,301.14
CHEMBL38824,DAPITANT,COc1ccccc1[C@H](C)C(=O)N1C[C@@H]2[C@H](C1)C(c1ccccc1)(c1ccccc1)CC[C@@]2(O)c1ccccc1OC,2.0,C37H39NO4,561.72
CHEMBL296522,RENZAPRIDE,COc1cc(N)c(Cl)cc1C(=O)NC1CCN2CCCC1C2,3.0,C16H22ClN3O2,323.82
CHEMBL836,TAMSULOSIN,CCOc1ccccc1OCCN[C@H](C)Cc1ccc(OC)c(S(N)(=O)=O)c1,4.0,C20H28N2O5S,408.52
CHEMBL837,7-ETHYL-10-HYDROXYCAMPTOTHECIN,CCc1c2c(nc3ccc(O)cc13)-c1cc3c(c(=O)n1C2)COC(=O)[C@]3(O)CC,2.0,C22H20N2O5,392.41
CHEMBL297884,CILUPREVIR,COc1ccc2c(O[C@@H]3C[C@H]4C(=O)N[C@]5(C(=O)O)C[C@H]5/C=C\CCCCC[C@H](NC(=O)OC5CCCC5)C(=O)N4C3)cc(-c3csc(NC(C)C)n3)nc2c1,2.0,C40H50N6O8S,774.94
CHEMBL430554,LIBENZAPRIL,NCCCC[C@H](N[C@H]1CCc2ccccc2N(CC(=O)O)C1=O)C(=O)O,2.0,C18H25N3O5,363.41
CHEMBL158,AZTREONAM,C[C@H]1[C@H](NC(=O)/C(=N\OC(C)(C)C(=O)O)c2csc(N)n2)C(=O)N1S(=O)(=O)O,4.0,C13H17N5O8S2,435.44
CHEMBL44354,CEFTAZIDIME,CC(C)(O/N=C(\C(=O)N[C@@H]1C(=O)N2C(C(=O)[O-])=C(C[n+]3ccccc3)CS[C@H]12)c1csc(N)n1)C(=O)O,4.0,C22H22N6O7S2,546.59
CHEMBL838,BENAZEPRIL,CCOC(=O)[C@H](CCc1ccccc1)N[C@H]1CCc2ccccc2N(CC(=O)O)C1=O,4.0,C24H28N2O5,424.50
CHEMBL41286,DIACEREIN,CC(=O)Oc1cccc2c1C(=O)c1c(OC(C)=O)cc(C(=O)O)cc1C2=O,3.0,C19H12O8,368.30
CHEMBL41355,EZOGABINE,CCOC(=O)Nc1ccc(NCc2ccc(F)cc2)cc1N,4.0,C16H18FN3O2,303.34
CHEMBL40356,LINOGLIRIDE,CN1CCC/C1=N\C(=N\c1ccccc1)N1CCOCC1,2.0,C16H22N4O,286.38
CHEMBL288441,BOSUTINIB,COc1cc(Nc2c(C#N)cnc3cc(OCCCN4CCN(C)CC4)c(OC)cc23)c(Cl)cc1Cl,4.0,C26H29Cl2N5O3,530.46
CHEMBL40611,MIDAGLIZOLE,c1ccc(C(CC2=NCCN2)c2ccccn2)cc1,2.0,C16H17N3,251.33
CHEMBL839,CARTEOLOL,CC(C)(C)NCC(O)COc1cccc2c1CCC(=O)N2,4.0,C16H24N2O3,292.38
CHEMBL841,LOPERAMIDE,CN(C)C(=O)C(CCN1CCC(O)(c2ccc(Cl)cc2)CC1)(c1ccccc1)c1ccccc1,4.0,C29H33ClN2O2,477.05
CHEMBL297407,LODINIXIL,Cc1cccc(Nc2cc(Cl)nc(N(C)C)n2)c1C,2.0,C14H17ClN4,276.77
CHEMBL40357,ARONIXIL,Cc1cccc(Nc2cc(Cl)nc(NCC(=O)O)n2)c1C,2.0,C14H15ClN4O2,306.75
CHEMBL289832,LICOSTINEL,O=c1[nH]c2cc(Cl)c(Cl)c([N+](=O)[O-])c2[nH]c1=O,2.0,C8H3Cl2N3O4,276.04
CHEMBL842,CHLOROTHIAZIDE,NS(=O)(=O)c1cc2c(cc1Cl)N=CNS2(=O)=O,4.0,C7H6ClN3O4S2,295.73
CHEMBL843,ROSIGLITAZONE MALEATE,CN(CCOc1ccc(CC2SC(=O)NC2=O)cc1)c1ccccn1.O=C(O)/C=C\C(=O)O,4.0,C22H23N3O7S,473.51
CHEMBL448416,LIDAMIDINE,CNC(=N)NC(=O)Nc1c(C)cccc1C,2.0,C11H16N4O,220.28
CHEMBL844,BRIMONIDINE,Brc1c(NC2=NCCN2)ccc2nccnc12,4.0,C11H10BrN5,292.14
CHEMBL295416,PIRINIXIC ACID,Cc1cccc(Nc2cc(Cl)nc(SCC(=O)O)n2)c1C,2.0,C14H14ClN3O2S,323.81
CHEMBL43452,POMALIDOMIDE,Nc1cccc2c1C(=O)N(C1CCC(=O)NC1=O)C2=O,4.0,C13H11N3O4,273.25
CHEMBL846,CALCITRIOL,C=C1/C(=C\C=C2/CCC[C@]3(C)[C@@H]([C@H](C)CCCC(C)(C)O)CC[C@@H]23)C[C@@H](O)C[C@@H]1O,4.0,C27H44O3,416.65
CHEMBL42126,PICLAMILAST,COc1ccc(C(=O)Nc2c(Cl)cncc2Cl)cc1OC1CCCC1,2.0,C18H18Cl2N2O3,381.26
CHEMBL295316,PLUMBAGIN,CC1=CC(=O)c2c(O)cccc2C1=O,1.0,C11H8O3,188.18
CHEMBL847,OXAMNIQUINE,CC(C)NCC1CCc2cc(CO)c([N+](=O)[O-])cc2N1,4.0,C14H21N3O3,279.34
CHEMBL42583,SAMPATRILAT,CS(=O)(=O)N[C@@H](CCCCN)C(=O)NC[C@H](CC1(C(=O)N[C@@H](Cc2ccc(O)cc2)C(=O)O)CCCC1)C(=O)O,2.0,C26H40N4O9S,584.69
CHEMBL298019,PIRODAVIR,CCOC(=O)c1ccc(OCCC2CCN(c3ccc(C)nn3)CC2)cc1,2.0,C21H27N3O3,369.47
CHEMBL848,LENALIDOMIDE,Nc1cccc2c1CN(C1CCC(=O)NC1=O)C2=O,4.0,C13H13N3O3,259.26
CHEMBL42336,METHIONINE,CSCC[C@H](N)C(=O)O,3.0,C5H11NO2S,149.21
CHEMBL42442,OXFENDAZOLE,COC(=O)Nc1nc2cc([S+]([O-])c3ccccc3)ccc2[nH]1,2.0,C15H13N3O3S,315.35
CHEMBL42403,BORIC ACID,OB(O)O,3.0,H3BO3,61.83
CHEMBL298283,RELOMYCIN,CC[C@H]1OC(=O)C[C@@H](O)[C@H](C)[C@@H](O[C@@H]2O[C@H](C)[C@@H](O[C@H]3C[C@@](C)(O)[C@@H](O)[C@H](C)O3)[C@H](N(C)C)[C@H]2O)[C@@H](CCO)C[C@@H](C)C(=O)/C=C/C(C)=C/[C@@H]1CO[C@@H]1O[C@H](C)[C@@H](O)[C@@H](OC)[C@H]1OC,2.0,C46H79NO17,918.13
CHEMBL42743,TYLOSIN,CC[C@H]1OC(=O)C[C@@H](O)[C@H](C)[C@@H](O[C@@H]2O[C@H](C)[C@@H](O[C@H]3C[C@@](C)(O)[C@@H](O)[C@H](C)O3)[C@H](N(C)C)[C@H]2O)[C@@H](CC=O)C[C@@H](C)C(=O)/C=C/C(C)=C/[C@@H]1CO[C@@H]1O[C@H](C)[C@@H](O)[C@@H](OC)[C@H]1OC,2.0,C46H77NO17,916.11
CHEMBL42407,LANEPITANT,COc1ccccc1CN(C[C@@H](Cc1c[nH]c2ccccc12)NC(=O)CN1CCC(N2CCCCC2)CC1)C(C)=O,2.0,C33H45N5O3,559.76
CHEMBL849,TRICLOSAN,Oc1cc(Cl)ccc1Oc1ccc(Cl)cc1Cl,4.0,C12H7Cl3O2,289.55
CHEMBL42641,PROXICROMIL,CCCc1c2c(c(O)c3c(=O)cc(C(=O)O)oc13)CCCC2,2.0,C17H18O5,302.33
CHEMBL42161,MISONIDAZOLE,COCC(O)Cn1ccnc1[N+](=O)[O-],2.0,C7H11N3O4,201.18
CHEMBL296035,BUFURALOL,CCc1cccc2cc(C(O)CNC(C)(C)C)oc12,2.0,C16H23NO2,261.37
CHEMBL291278,N-METHYL-D-ASPARTIC ACID (NMDA),CN[C@H](CC(=O)O)C(=O)O,2.0,C5H9NO4,147.13
CHEMBL43482,MITONAFIDE,CN(C)CCN1C(=O)c2cccc3cc([N+](=O)[O-])cc(c23)C1=O,2.0,C16H15N3O4,313.31
CHEMBL46874,PINAFIDE,O=C1c2cccc3cc([N+](=O)[O-])cc(c23)C(=O)N1CCN1CCCC1,2.0,C18H17N3O4,339.35
CHEMBL850,SPARFLOXACIN,C[C@@H]1CN(c2c(F)c(N)c3c(=O)c(C(=O)O)cn(C4CC4)c3c2F)C[C@H](C)N1,4.0,C19H22F2N4O3,392.41
CHEMBL42055,E-FLUPENTIXOL,OCCN1CCN(CC/C=C2\c3ccccc3Sc3ccc(C(F)(F)F)cc32)CC1,2.0,C23H25F3N2OS,434.53
CHEMBL294951,PIZOTYLINE,CN1CCC(=C2c3ccccc3CCc3sccc32)CC1,2.0,C19H21NS,295.45
CHEMBL852,MELPHALAN,N[C@@H](Cc1ccc(N(CCCl)CCCl)cc1)C(=O)O,4.0,C13H18Cl2N2O2,305.21
CHEMBL297302,BENPERIDOL,O=C(CCCN1CCC(n2c(=O)[nH]c3ccccc32)CC1)c1ccc(F)cc1,4.0,C22H24FN3O2,381.45
CHEMBL853,ZALCITABINE,Nc1ccn([C@H]2CC[C@@H](CO)O2)c(=O)n1,4.0,C9H13N3O3,211.22
CHEMBL440294,PIPAMPERONE,NC(=O)C1(N2CCCCC2)CCN(CCCC(=O)c2ccc(F)cc2)CC1,3.0,C21H30FN3O2,375.49
CHEMBL855,TRIPROLIDINE,Cc1ccc(/C(=C\CN2CCCC2)c2ccccn2)cc1,4.0,C19H22N2,278.40
CHEMBL297362,XYLAZINE,Cc1cccc(C)c1NC1=NCCCS1,2.0,C12H16N2S,220.34
CHEMBL45029,MEPHOBARBITAL,CCC1(c2ccccc2)C(=O)NC(=O)N(C)C1=O,4.0,C13H14N2O3,246.27
CHEMBL44426,PIPENDOXIFENE,Cc1c(-c2ccc(O)cc2)n(Cc2ccc(OCCN3CCCCC3)cc2)c2ccc(O)cc12,2.0,C29H32N2O3,456.59
CHEMBL46399,PHENAZOCINE,CC1C2Cc3ccc(O)cc3C1(C)CCN2CCc1ccccc1,2.0,C22H27NO,321.46
CHEMBL296419,ASTEMIZOLE,COc1ccc(CCN2CCC(Nc3nc4ccccc4n3Cc3ccc(F)cc3)CC2)cc1,4.0,C28H31FN4O,458.58
CHEMBL46740,BAZEDOXIFENE,Cc1c(-c2ccc(O)cc2)n(Cc2ccc(OCCN3CCCCCC3)cc2)c2ccc(O)cc12,4.0,C30H34N2O3,470.61
CHEMBL290429,CARFENTANIL,CCC(=O)N(c1ccccc1)C1(C(=O)OC)CCN(CCc2ccccc2)CC1,2.0,C24H30N2O3,394.51
CHEMBL856,PRIMIDONE,CCC1(c2ccccc2)C(=O)NCNC1=O,4.0,C12H14N2O2,218.26
CHEMBL857,BIOTIN,O=C(O)CCCC[C@@H]1SC[C@@H]2NC(=O)N[C@@H]21,4.0,C10H16N2O3S,244.32
CHEMBL435170,ADAPROLOL,CC(C)NCC(O)COc1ccc(CC(=O)OCCC23CC4CC(CC(C4)C2)C3)cc1,2.0,C26H39NO4,429.60
CHEMBL43068,VALINE,CC(C)[C@H](N)C(=O)O,2.0,C5H11NO2,117.15
CHEMBL858,EDETIC ACID,O=C(O)CN(CCN(CC(=O)O)CC(=O)O)CC(=O)O,3.0,C10H16N2O8,292.24
CHEMBL431928,RACEMORAMIDE,CC(CN1CCOCC1)C(C(=O)N1CCCC1)(c1ccccc1)c1ccccc1,2.0,C25H32N2O2,392.54
CHEMBL859,OXYPURINOL,Oc1nc(O)c2cn[nH]c2n1,2.0,C5H4N4O2,152.11
CHEMBL861,MEPHENYTOIN,CCC1(c2ccccc2)NC(=O)N(C)C1=O,4.0,C12H14N2O2,218.26
CHEMBL46917,CARBARIL,CNC(=O)Oc1cccc2ccccc12,4.0,C12H11NO2,201.22
CHEMBL862,GUANFACINE,N=C(N)NC(=O)Cc1c(Cl)cccc1Cl,4.0,C9H9Cl2N3O,246.10
CHEMBL46423,NEVANIMIBE,CC(C)c1cccc(C(C)C)c1NC(=O)NCC1(c2ccc(N(C)C)cc2)CCCC1,2.0,C27H39N3O,421.63
CHEMBL47072,KETOBEMIDONE,CCC(=O)C1(c2cccc(O)c2)CCN(C)CC1,2.0,C15H21NO2,247.34
CHEMBL863,CYSTEINE,N[C@@H](CS)C(=O)O,4.0,C3H7NO2S,121.16
CHEMBL295409,TIAMENIDINE,Cc1csc(Cl)c1NC1=NCCN1,2.0,C8H10ClN3S,215.71
CHEMBL46516,FLUSPIRILENE,O=C1NCN(c2ccccc2)C12CCN(CCCC(c1ccc(F)cc1)c1ccc(F)cc1)CC2,4.0,C29H31F2N3O,475.58
CHEMBL295467,NISOXETINE,CNCCC(Oc1ccccc1OC)c1ccccc1,2.0,C17H21NO2,271.36
CHEMBL44955,CLOPIPAZAN,CN1CCC(=C2c3ccccc3Oc3ccc(Cl)cc32)CC1,2.0,C19H18ClNO,311.81
CHEMBL864,CARBINOXAMINE,CN(C)CCOC(c1ccc(Cl)cc1)c1ccccn1,4.0,C16H19ClN2O,290.79
CHEMBL43064,CINNARIZINE,C(=C/c1ccccc1)\CN1CCN(C(c2ccccc2)c2ccccc2)CC1,4.0,C26H28N2,368.52
CHEMBL295433,ORBIFLOXACIN,C[C@@H]1CN(c2c(F)c(F)c3c(=O)c(C(=O)O)cn(C4CC4)c3c2F)C[C@H](C)N1,2.0,C19H20F3N3O3,395.38
CHEMBL295829,OXAMETACIN,COc1ccc2c(c1)c(CC(=O)NO)c(C)n2C(=O)c1ccc(Cl)cc1,2.0,C19H17ClN2O4,372.81
CHEMBL45305,BEFIRADOL,Cc1ccc(CNCC2(F)CCN(C(=O)c3ccc(F)c(Cl)c3)CC2)nc1,2.0,C20H22ClF2N3O,393.87
CHEMBL43048,MIDOMAFETAMINE,CNC(C)Cc1ccc2c(c1)OCO2,3.0,C11H15NO2,193.25
CHEMBL289192,CAROCAINIDE,CNC(=O)Nc1c(OCCN2CCCC2)c(OC)c2occc2c1OC,2.0,C18H25N3O5,363.41
CHEMBL46469,ANTHRALIN,O=C1c2c(O)cccc2Cc2cccc(O)c21,2.0,C14H10O3,226.23
CHEMBL295124,BERBERINE,COc1ccc2cc3[n+](cc2c1OC)CCc1cc2c(cc1-3)OCO2,4.0,C20H18NO4+,336.37
CHEMBL47050,PENFLURIDOL,OC1(c2ccc(Cl)c(C(F)(F)F)c2)CCN(CCCC(c2ccc(F)cc2)c2ccc(F)cc2)CC1,2.0,C28H27ClF5NO,523.97
CHEMBL46765,BEMORADAN,CC1CC(=O)NN=C1c1ccc2c(c1)OCC(=O)N2,2.0,C13H13N3O3,259.26
CHEMBL865,VALDECOXIB,Cc1onc(-c2ccccc2)c1-c1ccc(S(N)(=O)=O)cc1,4.0,C16H14N2O3S,314.37
CHEMBL296913,PARECOXIB SODIUM,CCC(=O)[N-]S(=O)(=O)c1ccc(-c2c(-c3ccccc3)noc2C)cc1.[Na+],4.0,C19H17N2NaO4S,392.41
CHEMBL46730,PHENANTHRENE,c1ccc2c(c1)ccc1ccccc12,1.0,C14H10,178.23
CHEMBL46618,OTAMIXABAN,COC(=O)[C@H](Cc1cccc(C(=N)N)c1)[C@@H](C)NC(=O)c1ccc(-c2cc[n+]([O-])cc2)cc1,3.0,C25H26N4O4,446.51
CHEMBL44884,ETHAMBUTOL,CC[C@@H](CO)NCCN[C@@H](CC)CO,4.0,C10H24N2O2,204.31
CHEMBL297550,TIMEFURONE,COc1c2occc2c(OC)c2c(=O)cc(CSC)oc12,2.0,C15H14O5S,306.34
CHEMBL44746,KHELLIN,COc1c2occc2c(OC)c2c(=O)cc(C)oc12,2.0,C14H12O5,260.24
CHEMBL46058,ETHYL CHLORIDE,CCCl,4.0,C2H5Cl,64.52
CHEMBL44618,CHLOROFORM,ClC(Cl)Cl,4.0,CHCl3,119.38
CHEMBL298194,MUROCAINIDE,CNC(=O)Nc1c(OCCN2CCCCC2)c(OC)c2occc2c1OC,2.0,C19H27N3O5,377.44
CHEMBL297453,EPIGALOCATECHIN GALLATE,O=C(O[C@@H]1Cc2c(O)cc(O)cc2O[C@@H]1c1cc(O)c(O)c(O)c1)c1cc(O)c(O)c(O)c1,3.0,C22H18O11,458.38
CHEMBL866,MYCOPHENOLIC ACID,COc1c(C)c2c(c(O)c1C/C=C(\C)CCC(=O)O)C(=O)OC2,4.0,C17H20O6,320.34
CHEMBL44657,ETOPOSIDE,COc1cc([C@@H]2c3cc4c(cc3[C@@H](O[C@@H]3O[C@@H]5CO[C@@H](C)O[C@H]5[C@H](O)[C@H]3O)[C@H]3COC(=O)[C@H]23)OCO4)cc(OC)c1O,4.0,C29H32O13,588.56
CHEMBL44752,METHYL P-TOLUENESULFONYL-L-ARGININATE,COC(=O)[C@H](CCCNC(=N)N)NS(=O)(=O)c1ccc(C)cc1,1.0,C14H22N4O4S,342.42
CHEMBL867,IOPANOIC ACID,CCC(Cc1c(I)cc(I)c(N)c1I)C(=O)O,4.0,C11H12I3NO2,570.93
CHEMBL44793,GAVESTINEL,O=C(/C=C/c1c(C(=O)O)[nH]c2cc(Cl)cc(Cl)c12)Nc1ccccc1,2.0,C18H12Cl2N2O3,375.21
CHEMBL46547,SARMAZENIL,CCOC(=O)c1ncn2c1CN(C)C(=O)c1c(Cl)cccc1-2,2.0,C15H14ClN3O3,319.75
CHEMBL46286,OMACETAXINE MEPESUCCINATE,COC(=O)C[C@](O)(CCCC(C)(C)O)C(=O)O[C@@H]1C(OC)=C[C@]23CCCN2CCc2cc4c(cc2[C@H]13)OCO4,4.0,C29H39NO9,545.63
CHEMBL48449,CANTHARIDIN,C[C@@]12C(=O)OC(=O)[C@]1(C)[C@H]1CC[C@@H]2O1,4.0,C10H12O4,196.20
CHEMBL47405,ETANIDAZOLE,O=C(Cn1ccnc1[N+](=O)[O-])NCCO,2.0,C7H10N4O4,214.18
CHEMBL47955,EPEREZOLID,CC(=O)NC[C@H]1CN(c2ccc(N3CCN(C(=O)CO)CC3)c(F)c2)C(=O)O1,2.0,C18H23FN4O5,394.40
CHEMBL48092,PIRMAGREL,O=C(O)CCCCCc1cccc2cncn12,2.0,C13H16N2O2,232.28
CHEMBL47298,TILORONE,CCN(CC)CCOc1ccc2c(c1)C(=O)c1cc(OCCN(CC)CC)ccc1-2,2.0,C25H34N2O3,410.56
CHEMBL262777,VANCOMYCIN,CN[C@H](CC(C)C)C(=O)N[C@H]1C(=O)N[C@@H](CC(N)=O)C(=O)N[C@H]2C(=O)N[C@H]3C(=O)N[C@H](C(=O)N[C@H](C(=O)O)c4cc(O)cc(O)c4-c4cc3ccc4O)[C@H](O)c3ccc(c(Cl)c3)Oc3cc2cc(c3O[C@@H]2O[C@H](CO)[C@@H](O)[C@H](O)[C@H]2O[C@H]2C[C@](C)(N)[C@H](O)[C@H](C)O2)Oc2ccc(cc2Cl)[C@H]1O,4.0,C66H75Cl2N9O24,1449.27
CHEMBL869,NITROFURAZONE,NC(=O)N/N=C/c1ccc([N+](=O)[O-])o1,4.0,C6H6N4O4,198.14
CHEMBL45686,PANAMESINE,COc1ccc(N2C[C@H](CN3CCC(O)(c4ccc5c(c4)OCO5)CC3)OC2=O)cc1,2.0,C23H26N2O6,426.47
CHEMBL870,ALENDRONIC ACID,NCCCC(O)(P(=O)(O)O)P(=O)(O)O,4.0,C4H13NO7P2,249.10
CHEMBL871,ETIDRONIC ACID,CC(O)(P(=O)(O)O)P(=O)(O)O,4.0,C2H8O7P2,206.03
CHEMBL295619,RUFLOXACIN,CN1CCN(c2c(F)cc3c(=O)c(C(=O)O)cn4c3c2SCC4)CC1,2.0,C17H18FN3O3S,363.41
CHEMBL49642,INDIBULIN,O=C(Nc1ccncc1)C(=O)c1cn(Cc2ccc(Cl)cc2)c2ccccc12,2.0,C22H16ClN3O2,389.84
CHEMBL46257,PUTRESCINE,NCCCCN,3.0,C4H12N2,88.15
CHEMBL159,VINBLASTINE,CC[C@]1(O)C[C@@H]2CN(CCc3c([nH]c4ccccc34)[C@@](C(=O)OC)(c3cc4c(cc3OC)N(C)[C@H]3[C@@](O)(C(=O)OC)[C@H](OC(C)=O)[C@]5(CC)C=CCN6CC[C@]43[C@@H]65)C2)C1,4.0,C46H58N4O9,810.99
CHEMBL296468,BMS-387032,CC(C)(C)c1cnc(CSc2cnc(NC(=O)C3CCNCC3)s2)o1,1.0,C17H24N4O2S2,380.54
CHEMBL45816,MIBEFRADIL,COCC(=O)O[C@]1(CCN(C)CCCc2nc3ccccc3[nH]2)CCc2cc(F)ccc2[C@@H]1C(C)C,4.0,C29H38FN3O3,495.64
CHEMBL295698,LEVOKETOCONAZOLE,CC(=O)N1CCN(c2ccc(OC[C@@H]3CO[C@@](Cn4ccnc4)(c4ccc(Cl)cc4Cl)O3)cc2)CC1,4.0,C26H28Cl2N4O4,531.44
CHEMBL48396,ACEDIASULFONE,Nc1ccc(S(=O)(=O)c2ccc(NCC(=O)O)cc2)cc1,2.0,C14H14N2O4S,306.34
CHEMBL298470,TAFENOQUINE,COc1cc(C)c2c(Oc3cccc(C(F)(F)F)c3)c(OC)cc(NC(C)CCCN)c2n1,4.0,C24H28F3N3O3,463.50
CHEMBL301370,OPAVIRALINE,CC[C@H]1C(=O)Nc2ccc(F)cc2N1C(=O)OC(C)C,2.0,C14H17FN2O3,280.30
CHEMBL49429,LIXIVAPTAN,Cc1ccc(F)cc1C(=O)Nc1ccc(C(=O)N2Cc3cccn3Cc3ccccc32)c(Cl)c1,3.0,C27H21ClFN3O2,473.94
CHEMBL49442,AMETANTRONE,O=C1c2ccccc2C(=O)c2c(NCCNCCO)ccc(NCCNCCO)c21,2.0,C22H28N4O4,412.49
CHEMBL297792,S-3304,Cc1ccc(C#Cc2ccc(S(=O)(=O)N[C@H](Cc3c[nH]c4ccccc34)C(=O)O)s2)cc1,1.0,C24H20N2O4S2,464.57
CHEMBL299613,2-METHOXYESTRADIOL,COc1cc2c(cc1O)CC[C@@H]1[C@@H]2CC[C@]2(C)[C@@H](O)CC[C@@H]12,2.0,C19H26O3,302.41
CHEMBL49035,CROMAKALIM,CC1(C)Oc2ccc(C#N)cc2C(N2CCCC2=O)C1O,2.0,C16H18N2O3,286.33
CHEMBL877,TRANEXAMIC ACID,NC[C@H]1CC[C@H](C(=O)O)CC1,4.0,C8H15NO2,157.21
CHEMBL878,METOLAZONE,Cc1ccccc1N1C(=O)c2cc(S(N)(=O)=O)c(Cl)cc2NC1C,4.0,C16H16ClN3O3S,365.84
CHEMBL300337,ENALKIREN,COc1ccc(C[C@H](NC(=O)CC(C)(C)N)C(=O)N[C@@H](Cc2c[nH]cn2)C(=O)N[C@@H](CC2CCCCC2)[C@@H](O)[C@@H](O)CC(C)C)cc1,2.0,C35H56N6O6,656.87
CHEMBL300072,PRANAZEPIDE,O=C(N[C@H]1N=C(c2ccccc2F)c2cccc3c2N(CC3)C1=O)c1cc2ccccc2[nH]1,2.0,C26H19FN4O2,438.46
CHEMBL880,FAMCICLOVIR,CC(=O)OCC(CCn1cnc2cnc(N)nc21)COC(C)=O,4.0,C14H19N5O4,321.34
CHEMBL300058,BREQUINAR SODIUM,Cc1c(-c2ccc(-c3ccccc3F)cc2)nc2ccc(F)cc2c1C(=O)[O-].[Na+],2.0,C23H14F2NNaO2,397.36
CHEMBL48166,HOMIDIUM,CC[n+]1c(-c2ccccc2)c2cc(N)ccc2c2ccc(N)cc21,2.0,C21H20N3+,314.41
CHEMBL50444,MEGLUTOL,CC(O)(CC(=O)O)CC(=O)O,2.0,C6H10O5,162.14
CHEMBL49080,CLENBUTEROL,CC(C)(C)NCC(O)c1cc(Cl)c(N)c(Cl)c1,2.0,C12H18Cl2N2O,277.19
CHEMBL301327,LEVORMELOXIFENE,COc1ccc2c(c1)OC(C)(C)[C@@H](c1ccccc1)[C@@H]2c1ccc(OCCN2CCCC2)cc1,2.0,C30H35NO3,457.61
CHEMBL885,EMTRICITABINE,Nc1nc(=O)n([C@@H]2CS[C@H](CO)O2)cc1F,4.0,C8H10FN3O3S,247.25
CHEMBL49120,PD-0166285,CCN(CC)CCOc1ccc(Nc2ncc3cc(-c4c(Cl)cccc4Cl)c(=O)n(C)c3n2)cc1,1.0,C26H27Cl2N5O2,512.44
CHEMBL48361,DABIGATRAN,Cn1c(CNc2ccc(C(=N)N)cc2)nc2cc(C(=O)N(CCC(=O)O)c3ccccn3)ccc21,3.0,C25H25N7O3,471.52
CHEMBL51085,EBSELEN,O=c1c2ccccc2[se]n1-c1ccccc1,3.0,C13H9NOSe,274.18
CHEMBL887,RASAGILINE,C#CCN[C@@H]1CCc2ccccc21,4.0,C12H13N,171.24
CHEMBL48802,SULFORAPHANE,C[S+]([O-])CCCCN=C=S,3.0,C6H11NOS2,177.29
CHEMBL888,GEMCITABINE,Nc1ccn([C@@H]2O[C@H](CO)[C@@H](O)C2(F)F)c(=O)n1,4.0,C9H11F2N3O4,263.20
CHEMBL52091,CYCLOBUTOIC ACID,CC(O)(CC(=O)O)C1CCCCC1,2.0,C10H18O3,186.25
CHEMBL889,PALIFOSFAMIDE,O=P(O)(NCCCl)NCCCl,3.0,C4H11Cl2N2O2P,221.02
CHEMBL431733,NAMODENOSON,CNC(=O)[C@H]1O[C@@H](n2cnc3c(NCc4cccc(I)c4)nc(Cl)nc32)[C@H](O)[C@@H]1O,3.0,C18H18ClIN6O4,544.74
CHEMBL296306,LACTULOSE,OC[C@H]1O[C@@H](O[C@@H]2[C@@H](CO)O[C@](O)(CO)[C@H]2O)[C@H](O)[C@@H](O)[C@H]1O,4.0,C12H22O11,342.30
CHEMBL52333,ROLOFYLLINE,CCCn1c(=O)c2nc(C34CC5CC(CC3C5)C4)[nH]c2n(CCC)c1=O,3.0,C20H28N4O2,356.47
CHEMBL301829,CP-195543,O=C(O)c1ccc(C(F)(F)F)cc1-c1ccc2c(c1)OC[C@H](Cc1ccccc1)[C@H]2O,2.0,C24H19F3O4,428.41
CHEMBL48582,SAFINAMIDE MESYLATE,CS(=O)(=O)O.C[C@H](NCc1ccc(OCc2cccc(F)c2)cc1)C(N)=O,4.0,C18H23FN2O5S,398.46
CHEMBL891,CLOXACILLIN,Cc1onc(-c2ccccc2Cl)c1C(=O)N[C@@H]1C(=O)N2[C@@H]1SC(C)(C)[C@@H]2C(=O)O,4.0,C19H18ClN3O5S,435.89
CHEMBL892,UFIPRAZOLE,COc1ccc2[nH]c(SCc3ncc(C)c(OC)c3C)nc2c1,2.0,C17H19N3O2S,329.43
CHEMBL299400,BUTORPHANOL TARTRATE,O=C(O)C(O)C(O)C(=O)O.Oc1ccc2c(c1)[C@@]13CCCC[C@@]1(O)[C@@H](C2)N(CC1CCC1)CC3,4.0,C25H35NO8,477.55
CHEMBL296588,PEPSTATIN,CC(C)CC(=O)N[C@H](C(=O)N[C@H](C(=O)N[C@@H](CC(C)C)[C@@H](O)CC(=O)N[C@@H](C)C(=O)N[C@@H](CC(C)C)[C@@H](O)CC(=O)O)C(C)C)C(C)C,2.0,C34H63N5O9,685.90
CHEMBL893,DICLOXACILLIN,Cc1onc(-c2c(Cl)cccc2Cl)c1C(=O)N[C@@H]1C(=O)N2[C@@H]1SC(C)(C)[C@@H]2C(=O)O,4.0,C19H17Cl2N3O5S,470.33
CHEMBL894,BUPROPION,CC(NC(C)(C)C)C(=O)c1cccc(Cl)c1,4.0,C13H18ClNO,239.75
CHEMBL50588,EMETINE,CC[C@H]1CN2CCc3cc(OC)c(OC)cc3[C@@H]2C[C@@H]1C[C@H]1NCCc2cc(OC)c(OC)cc21,4.0,C29H40N2O4,480.65
CHEMBL895,NALBUPHINE,Oc1ccc2c3c1O[C@H]1[C@@H](O)CC[C@@]4(O)[C@@H](C2)N(CC2CCC2)CC[C@]314,4.0,C21H27NO4,357.45
CHEMBL301926,ABUNIDAZOLE,Cn1c([N+](=O)[O-])cnc1C(O)c1cc(C(C)(C)C)ccc1O,2.0,C15H19N3O4,305.33
CHEMBL50472,FENMETOZOLE,Clc1ccc(OCC2=NCCN2)cc1Cl,2.0,C10H10Cl2N2O,245.11
CHEMBL52440,DEXTROMETHORPHAN,COc1ccc2c(c1)[C@]13CCCC[C@@H]1[C@H](C2)N(C)CC3,4.0,C18H25NO,271.40
CHEMBL896,HYDROXYZINE,OCCOCCN1CCN(C(c2ccccc2)c2ccc(Cl)cc2)CC1,4.0,C21H27ClN2O2,374.91
CHEMBL897,PROBENECID,CCCN(CCC)S(=O)(=O)c1ccc(C(=O)O)cc1,4.0,C13H19NO4S,285.37
CHEMBL898,DIFLUNISAL,O=C(O)c1cc(-c2ccc(F)cc2F)ccc1O,4.0,C13H8F2O3,250.20
CHEMBL440115,FK453,O=C(/C=C/c1c(-c2ccccc2)nn2ccccc12)N1CCCC[C@@H]1CCO,1.0,C23H25N3O2,375.47
CHEMBL900,ORPHENADRINE,Cc1ccccc1C(OCCN(C)C)c1ccccc1,4.0,C18H23NO,269.39
CHEMBL300049,ALEMCINAL,CC[C@H]1OC(=O)[C@H](C)[C@@H](O[C@H]2C[C@@](C)(OC)C[C@H](C)O2)[C@H](C)[C@@H](O[C@@H]2O[C@H](C)C[C@H](N(C)CC)[C@H]2O)[C@@]2(C)CC(C)=C(O2)[C@H](C)[C@@H](O)[C@H]1C,2.0,C38H67NO10,697.95
CHEMBL51396,ROLZIRACETAM,O=C1CCC2CCC(=O)N12,2.0,C7H9NO2,139.15
CHEMBL50882,TIRAPAZAMINE,Nc1n[n+]([O-])c2ccccc2[n+]1[O-],3.0,C7H6N4O2,178.15
CHEMBL51483,GOSSYPOL,Cc1cc2c(C(C)C)c(O)c(O)c(C=O)c2c(O)c1-c1c(C)cc2c(C(C)C)c(O)c(O)c(C=O)c2c1O,3.0,C30H30O8,518.56
CHEMBL902,FAMOTIDINE,NC(N)=Nc1nc(CSCC/C(N)=N/S(N)(=O)=O)cs1,4.0,C8H15N7O2S3,337.46
CHEMBL299155,TRANSTORINE,O=C(O)c1cc(=O)c2ccccc2[nH]1,1.0,C10H7NO3,189.17
CHEMBL53292,ISOXICAM,Cc1cc(NC(=O)C2=C(O)c3ccccc3S(=O)(=O)N2C)no1,4.0,C14H13N3O5S,335.34
CHEMBL53929,OCTOPAMINE,NCC(O)c1ccc(O)cc1,2.0,C8H11NO2,153.18
CHEMBL51149,GALLOPAMIL,COc1ccc(CCN(C)CCCC(C#N)(c2cc(OC)c(OC)c(OC)c2)C(C)C)cc1OC,2.0,C28H40N2O5,484.64
CHEMBL53463,DOXORUBICIN,COc1cccc2c1C(=O)c1c(O)c3c(c(O)c1C2=O)C[C@@](O)(C(=O)CO)C[C@@H]3O[C@H]1C[C@H](N)[C@H](O)[C@H](C)O1,4.0,C27H29NO11,543.53
CHEMBL904,DEXMETHYLPHENIDATE HYDROCHLORIDE,COC(=O)[C@H](c1ccccc1)[C@H]1CCCCN1.Cl,4.0,C14H20ClNO2,269.77
CHEMBL905,RIZATRIPTAN,CN(C)CCc1c[nH]c2ccc(Cn3cncn3)cc12,4.0,C15H19N5,269.35
CHEMBL298359,MITOMYCIN A,COC1=C(C)C(=O)C2=C(C1=O)[C@@H](COC(N)=O)[C@@]1(OC)[C@H]3N[C@H]3CN21,3.0,C16H19N3O6,349.34
CHEMBL51620,PIRIQUALONE,Cc1ccccc1-n1c(/C=C/c2ccccn2)nc2ccccc2c1=O,2.0,C22H17N3O,339.40
CHEMBL301958,SURONACRINE,OC1CCCc2nc3ccccc3c(NCc3ccccc3)c21,2.0,C20H20N2O,304.39
CHEMBL49943,FENPIPRANE,c1ccc(C(CCN2CCCCC2)c2ccccc2)cc1,2.0,C20H25N,279.43
CHEMBL50262,DITIOMUSTINE,O=NN(CCCl)C(=O)NCCSSCCNC(=O)N(CCCl)N=O,2.0,C10H18Cl2N6O4S2,421.33
CHEMBL54126,NEOSTIGMINE BROMIDE,CN(C)C(=O)Oc1cccc([N+](C)(C)C)c1.[Br-],2.0,C12H19BrN2O2,303.20
CHEMBL51934,VELNACRINE,Nc1c2c(nc3ccccc13)CCCC2O,2.0,C13H14N2O,214.27
CHEMBL908,CHLORPROTHIXENE,CN(C)CC/C=C1/c2ccccc2Sc2ccc(Cl)cc21,4.0,C18H18ClNS,315.87
CHEMBL53366,IMIDAFENACIN,Cc1nccn1CCC(C(N)=O)(c1ccccc1)c1ccccc1,3.0,C20H21N3O,319.41
CHEMBL53904,ZUCLOPENTHIXOL,OCCN1CCN(CC/C=C2/c3ccccc3Sc3ccc(Cl)cc32)CC1,3.0,C22H25ClN2OS,400.98
CHEMBL296602,INDATRALINE,CNC1CC(c2ccc(Cl)c(Cl)c2)c2ccccc21,2.0,C16H15Cl2N,292.21
CHEMBL52939,SARPOGRELATE,COc1cccc(CCc2ccccc2OCC(CN(C)C)OC(=O)CCC(=O)O)c1,3.0,C24H31NO6,429.51
CHEMBL52125,CHLORPROETHAZINE,CCN(CC)CCCN1c2ccccc2Sc2ccc(Cl)cc21,2.0,C19H23ClN2S,346.93
CHEMBL52247,TALSUPRAM,CNCCCC1(c2ccccc2)SC(C)(C)c2ccccc21,2.0,C20H25NS,311.49
CHEMBL299233,TALOPRAM,CNCCCC1(c2ccccc2)OC(C)(C)c2ccccc21,2.0,C20H25NO,295.43
CHEMBL911,ZOLPIDEM,Cc1ccc(-c2nc3ccc(C)cn3c2CC(=O)N(C)C)cc1,4.0,C19H21N3O,307.40
CHEMBL51910,GEVOTROLINE,Fc1ccc2[nH]c3c(c2c1)CN(CCCc1cccnc1)CC3,2.0,C19H20FN3,309.39
CHEMBL300443,CARVOTROLINE,Fc1ccc2[nH]c3c(c2c1)CN(CCc1ccncc1)CC3,2.0,C18H18FN3,295.36
CHEMBL50300,FOSFONET,O=C(O)CP(=O)(O)O,2.0,C2H5O5P,140.03
CHEMBL301742,ARBACLOFEN,NC[C@H](CC(=O)O)c1ccc(Cl)cc1,3.0,C10H12ClNO2,213.66
CHEMBL914,FEXOFENADINE,CC(C)(C(=O)O)c1ccc(C(O)CCCN2CCC(C(O)(c3ccccc3)c3ccccc3)CC2)cc1,4.0,C32H39NO4,501.67
CHEMBL52885,ENMD-981693,Cn1cc(C2=C(c3cn(C)c4cc([N+](=O)[O-])ccc34)C(=O)NC2=O)c2ccccc21,2.0,C22H16N4O4,400.39
CHEMBL915,NEDOCROMIL SODIUM,CCCc1c2oc(C(=O)[O-])cc(=O)c2cc2c(=O)cc(C(=O)[O-])n(CC)c12.[Na+].[Na+],4.0,C19H15NNa2O7,415.31
CHEMBL296373,EDATREXATE,CCC(Cc1cnc2nc(N)nc(N)c2n1)c1ccc(C(=O)N[C@@H](CCC(=O)O)C(=O)O)cc1,2.0,C22H25N7O5,467.49
CHEMBL916,TIROFIBAN,CCCCS(=O)(=O)N[C@@H](Cc1ccc(OCCCCC2CCNCC2)cc1)C(=O)O,4.0,C22H36N2O5S,440.61
CHEMBL53418,DANTHRON,O=C1c2cccc(O)c2C(=O)c2c(O)cccc21,4.0,C14H8O4,240.21
CHEMBL52609,DOXRIBTIMINE,Cc1cn([C@H]2C[C@H](O)[C@@H](CO)O2)c(=O)[nH]c1=O,2.0,C10H14N2O5,242.23
CHEMBL917,FLOXURIDINE,O=c1[nH]c(=O)n([C@H]2C[C@H](O)[C@@H](CO)O2)cc1F,4.0,C9H11FN2O5,246.19
CHEMBL918,PHENACEMIDE,NC(=O)NC(=O)Cc1ccccc1,4.0,C9H10N2O2,178.19
CHEMBL919,FOSPHENYTOIN SODIUM,O=C1NC(c2ccccc2)(c2ccccc2)C(=O)N1COP(=O)([O-])[O-].[Na+].[Na+],4.0,C16H13N2Na2O6P,406.24
CHEMBL920,CHOLINE,C[N+](C)(C)CCO,4.0,C5H14NO+,104.17
CHEMBL300138,ENZASTAURIN,Cn1cc(C2=C(c3cn(C4CCN(Cc5ccccn5)CC4)c4ccccc34)C(=O)NC2=O)c2ccccc21,3.0,C32H29N5O2,515.62
CHEMBL54349,ALPIDEM,CCCN(CCC)C(=O)Cc1c(-c2ccc(Cl)cc2)nc2ccc(Cl)cn12,4.0,C21H23Cl2N3O,404.34
CHEMBL922,ADEFOVIR DIPIVOXIL,CC(C)(C)C(=O)OCOP(=O)(COCCn1cnc2c(N)ncnc21)OCOC(=O)C(C)(C)C,4.0,C20H32N5O8P,501.48
CHEMBL55624,DARGLITAZONE,Cc1oc(-c2ccccc2)nc1CCC(=O)c1ccc(CC2SC(=O)NC2=O)cc1,2.0,C23H20N2O4S,420.49
CHEMBL161,CEFTRIAXONE,CO/N=C(\C(=O)N[C@@H]1C(=O)N2C(C(=O)O)=C(CSc3nc(=O)c(O)nn3C)CS[C@H]12)c1csc(N)n1,4.0,C18H18N8O7S3,554.59
CHEMBL923,RISEDRONIC ACID,O=P(O)(O)C(O)(Cc1cccnc1)P(=O)(O)O,4.0,C7H11NO7P2,283.11
CHEMBL924,ZOLEDRONIC ACID ANHYDROUS,O=P(O)(O)C(O)(Cn1ccnc1)P(=O)(O)O,4.0,C5H10N2O7P2,272.09
CHEMBL55214,NERIDRONIC ACID,NCCCCCC(O)(P(=O)(O)O)P(=O)(O)O,3.0,C6H17NO7P2,277.15
CHEMBL55812,OLPADRONIC ACID,CN(C)CCC(O)(P(=O)(O)O)P(=O)(O)O,2.0,C5H15NO7P2,263.12
CHEMBL53950,INCADRONIC ACID,O=P(O)(O)C(NC1CCCCCC1)P(=O)(O)O,2.0,C8H19NO6P2,287.19
CHEMBL56585,CYCLAZOCINE,C[C@H]1[C@H]2Cc3ccc(O)cc3[C@]1(C)CCN2CC1CC1,2.0,C18H25NO,271.40
CHEMBL264241,ANIDULAFUNGIN,CCCCCOc1ccc(-c2ccc(-c3ccc(C(=O)N[C@H]4C[C@@H](O)[C@@H](O)NC(=O)[C@@H]5[C@@H](O)[C@@H](C)CN5C(=O)[C@H]([C@@H](C)O)NC(=O)[C@H]([C@H](O)[C@@H](O)c5ccc(O)cc5)NC(=O)[C@@H]5C[C@@H](O)CN5C(=O)[C@H]([C@@H](C)O)NC4=O)cc3)cc2)cc1,4.0,C58H73N7O17,1140.25
CHEMBL925,TYROSINE,N[C@@H](Cc1ccc(O)cc1)C(=O)O,4.0,C9H11NO3,181.19
CHEMBL926,DOBUTAMINE,CC(CCc1ccc(O)cc1)NCCc1ccc(O)c(O)c1,4.0,C18H23NO3,301.39
CHEMBL52606,COLFORSIN,C=C[C@@]1(C)CC(=O)[C@]2(O)[C@@]3(C)[C@@H](O)CCC(C)(C)[C@@H]3[C@H](O)[C@H](OC(C)=O)[C@@]2(C)O1,2.0,C22H34O7,410.51
CHEMBL301523,PHENYLALANINE,N[C@@H](Cc1ccccc1)C(=O)O,3.0,C9H11NO2,165.19
CHEMBL56021,LEVACETYLLEUCINE,CC(=O)N[C@@H](CC(C)C)C(=O)O,4.0,C8H15NO3,173.21
CHEMBL294029,RAVUCONAZOLE,C[C@@H](c1nc(-c2ccc(C#N)cc2)cs1)[C@](O)(Cn1cncn1)c1ccc(F)cc1F,2.0,C22H17F2N5OS,437.48
CHEMBL291962,LEUCINE,CC(C)C[C@H](N)C(=O)O,3.0,C6H13NO2,131.17
CHEMBL927,CEFDINIR,C=CC1=C(C(=O)O)N2C(=O)[C@@H](NC(=O)/C(=N\O)c3csc(N)n3)[C@H]2SC1,4.0,C14H13N5O5S2,395.42
CHEMBL54976,TRYPTOPHAN,N[C@@H](Cc1c[nH]c2ccccc12)C(=O)O,4.0,C11H12N2O2,204.23
CHEMBL54922,PROLINE,O=C(O)[C@@H]1CCCN1,2.0,C5H9NO2,115.13
CHEMBL928,DANTROLENE SODIUM,O=C1CN(/N=C/c2ccc(-c3ccc([N+](=O)[O-])cc3)o2)C(=O)[N-]1.[Na+],4.0,C14H9N4NaO5,336.24
CHEMBL298734,LONAFARNIB,NC(=O)N1CCC(CC(=O)N2CCC([C@H]3c4ncc(Br)cc4CCc4cc(Cl)cc(Br)c43)CC2)CC1,4.0,C27H31Br2ClN4O2,638.83
CHEMBL446143,ORNITHINE,NCCC[C@H](N)C(=O)O,3.0,C5H12N2O2,132.16
CHEMBL292439,NORLEUCINE,CCCC[C@H](N)C(=O)O,1.0,C6H13NO2,131.18
CHEMBL54440,MEVASTATIN,CC[C@H](C)C(=O)O[C@H]1CCC=C2C=C[C@H](C)[C@H](CC[C@@H]3C[C@@H](O)CC(=O)O3)[C@H]21,2.0,C23H34O5,390.52
CHEMBL54893,UC 781,CC(C)=CCOc1cc(NC(=S)c2ccoc2C)ccc1Cl,1.0,C17H18ClNO2S,335.86
CHEMBL929,DELAVIRDINE MESYLATE,CC(C)Nc1cccnc1N1CCN(C(=O)c2cc3cc(NS(C)(=O)=O)ccc3[nH]2)CC1.CS(=O)(=O)O,4.0,C23H32N6O6S2,552.68
CHEMBL930,GLUTAMINE,NC(=O)CC[C@H](N)C(=O)O,4.0,C5H10N2O3,146.15
CHEMBL56367,NIMESULIDE,CS(=O)(=O)Nc1ccc([N+](=O)[O-])cc1Oc1ccccc1,4.0,C13H12N2O5S,308.31
CHEMBL298817,ALBACONAZOLE,C[C@@H](n1cnc2cc(Cl)ccc2c1=O)[C@](O)(Cn1cncn1)c1ccc(F)cc1F,2.0,C20H16ClF2N5O2,431.83
CHEMBL931,HALOTHANE,FC(F)(F)C(Cl)Br,4.0,C2HBrClF3,197.38
CHEMBL54918,5-FLUOROURIDINE,O=c1[nH]c(=O)n([C@@H]2O[C@H](CO)[C@@H](O)[C@H]2O)cc1F,2.0,C9H11FN2O6,262.19
CHEMBL932,DIPYRIDAMOLE,OCCN(CCO)c1nc(N2CCCCC2)c2nc(N(CCO)CCO)nc(N3CCCCC3)c2n1,4.0,C24H40N8O4,504.64
CHEMBL57358,ENOFELAST,Cc1cc(/C=C/c2ccc(F)cc2)cc(C)c1O,2.0,C16H15FO,242.29
CHEMBL432103,PIRMENOL,CC1CCCC(C)N1CCCC(O)(c1ccccc1)c1ccccn1,2.0,C22H30N2O,338.49
CHEMBL934,METYRAPONE,CC(C)(C(=O)c1cccnc1)c1cccnc1,4.0,C14H14N2O,226.28
CHEMBL300982,LICOFELONE,CC1(C)Cc2c(-c3ccccc3)c(-c3ccc(Cl)cc3)c(CC(=O)O)n2C1,2.0,C23H22ClNO2,379.89
CHEMBL936,DIPHENIDOL,OC(CCCN1CCCCC1)(c1ccccc1)c1ccccc1,4.0,C21H27NO,309.45
CHEMBL937,DIETHYLCARBAMAZINE CITRATE,CCN(CC)C(=O)N1CCN(C)CC1.O=C(O)CC(O)(CC(=O)O)C(=O)O,4.0,C16H29N3O8,391.42
CHEMBL57241,FLUTROLINE,OC(CCCN1CCc2c(c3cc(F)ccc3n2-c2ccc(F)cc2)C1)c1ccc(F)cc1,2.0,C27H25F3N2O,450.50
CHEMBL56318,METIOPRIM,COc1cc(Cc2cnc(N)nc2N)cc(OC)c1SC,2.0,C14H18N4O2S,306.39
CHEMBL293299,ADITOPRIM,COc1cc(Cc2cnc(N)nc2N)cc(OC)c1N(C)C,2.0,C15H21N5O2,303.37
CHEMBL57242,AZILSARTAN,CCOc1nc2cccc(C(=O)O)c2n1Cc1ccc(-c2ccccc2-c2noc(=O)[nH]2)cc1,3.0,C25H20N4O5,456.46
CHEMBL163,RITONAVIR,CC(C)c1nc(CN(C)C(=O)N[C@H](C(=O)N[C@@H](Cc2ccccc2)C[C@H](O)[C@H](Cc2ccccc2)NC(=O)OCc2cncs2)C(C)C)cs1,4.0,C37H48N6O5S2,720.96
CHEMBL939,GEFITINIB,COc1cc2ncnc(Nc3ccc(F)c(Cl)c3)c2cc1OCCCN1CCOCC1,4.0,C22H24ClFN4O3,446.91
CHEMBL298406,ECOPIPAM,CN1CCc2cc(Cl)c(O)cc2[C@H]2c3ccccc3CC[C@@H]21,3.0,C19H20ClNO,313.83
CHEMBL55400,PROFLAVINE,Nc1ccc2cc3ccc(N)cc3nc2c1,2.0,C13H11N3,209.25
CHEMBL940,GABAPENTIN,NCC1(CC(=O)O)CCCCC1,4.0,C9H17NO2,171.24
CHEMBL301267,ARTEMOTIL,CCO[C@H]1O[C@@H]2O[C@@]3(C)CC[C@H]4[C@H](C)CC[C@@H]([C@H]1C)[C@@]24OO3,2.0,C17H28O5,312.41
CHEMBL57185,FLAVODILOL,CCCNCC(O)COc1ccc2c(=O)cc(-c3ccccc3)oc2c1,2.0,C21H23NO4,353.42
CHEMBL291338,"3,3',4',5-TETRACHLOROSALICYLANILIDE",O=C(Nc1ccc(Cl)c(Cl)c1)c1cc(Cl)cc(Cl)c1O,4.0,C13H7Cl4NO2,351.02
CHEMBL58323,LACOSAMIDE,COC[C@@H](NC(C)=O)C(=O)NCc1ccccc1,4.0,C13H18N2O3,250.30
CHEMBL56900,LERISETRON,c1ccc(Cn2c(N3CCNCC3)nc3ccccc32)cc1,3.0,C18H20N4,292.39
CHEMBL941,IMATINIB,Cc1ccc(NC(=O)c2ccc(CN3CCN(C)CC3)cc2)cc1Nc1nccc(-c2cccnc2)n1,4.0,C29H31N7O,493.62
CHEMBL56564,TROPISETRON,CN1[C@@H]2CC[C@H]1C[C@@H](OC(=O)c1c[nH]c3ccccc13)C2,4.0,C17H20N2O2,284.36
CHEMBL301265,PRAMIPEXOLE,CCCN[C@H]1CCc2nc(N)sc2C1,4.0,C10H17N3S,211.33
CHEMBL942,BISACODYL,CC(=O)Oc1ccc(C(c2ccc(OC(C)=O)cc2)c2ccccn2)cc1,4.0,C22H19NO4,361.40
CHEMBL292702,MAYTANSINE,COc1cc2cc(c1Cl)N(C)C(=O)C[C@H](OC(=O)[C@H](C)N(C)C(C)=O)[C@]1(C)O[C@H]1[C@H](C)[C@@H]1C[C@@](O)(NC(=O)O1)[C@H](OC)/C=C/C=C(\C)C2,2.0,C34H46ClN3O10,692.21
CHEMBL56337,EPALRESTAT,CC(/C=C1\SC(=S)N(CC(=O)O)C1=O)=C\c1ccccc1,4.0,C15H13NO3S2,319.41
CHEMBL292008,LOXORIBINE,C=CCn1c(=O)n([C@@H]2O[C@H](CO)[C@@H](O)[C@H]2O)c2nc(N)[nH]c(=O)c21,2.0,C13H17N5O6,339.31
CHEMBL944,CHLOROPROCAINE HYDROCHLORIDE,CCN(CC)CCOC(=O)c1ccc(N)cc1Cl.Cl,4.0,C13H20Cl2N2O2,307.22
CHEMBL57684,SEMOTIADIL,COc1ccc(OCCCN(C)CCOc2ccc3c(c2)OCO3)c([C@H]2Sc3ccccc3N(C)C2=O)c1,2.0,C29H32N2O6S,536.65
CHEMBL945,AMILORIDE,N=C(N)NC(=O)c1nc(Cl)c(N)nc1N,4.0,C6H8ClN7O,229.63
CHEMBL946,AZATADINE,CN1CCC(=C2c3ccccc3CCc3cccnc32)CC1,4.0,C20H22N2,290.41
CHEMBL292187,ELOPIPRAZOLE,Fc1ccc(-c2ccc(CN3CCN(c4cccc5ccoc45)CC3)[nH]2)cc1,2.0,C23H22FN3O,375.45
CHEMBL293526,REGLITAZAR,Cc1oc(-c2ccccc2)nc1CCOc1ccc(CC2C(=O)NOC2=O)cc1,2.0,C22H20N2O5,392.41
CHEMBL58792,FLUANISONE,COc1ccccc1N1CCN(CCCC(=O)c2ccc(F)cc2)CC1,2.0,C21H25FN2O2,356.44
CHEMBL57004,SITAMAQUINE,CCN(CC)CCCCCCNc1cc(OC)cc2c(C)ccnc12,2.0,C21H33N3O,343.52
CHEMBL58510,CHLOROQUINE PHOSPHATE,CCN(CC)CCCC(C)Nc1ccnc2cc(Cl)ccc12.O=P(O)(O)O.O=P(O)(O)O,4.0,C18H32ClN3O8P2,515.87
CHEMBL291747,THREONINE,C[C@@H](O)[C@H](N)C(=O)O,2.0,C4H9NO3,119.12
CHEMBL61301,TECASTEMIZOLE,Fc1ccc(Cn2c(NC3CCNCC3)nc3ccccc32)cc1,2.0,C19H21FN4,324.40
CHEMBL58752,PIMONIDAZOLE,O=[N+]([O-])c1nccn1CC(O)CN1CCCCC1,2.0,C11H18N4O3,254.29
CHEMBL292009,BUPARVAQUONE,CC(C)(C)[C@H]1CC[C@H](CC2=C(O)C(=O)c3ccccc3C2=O)CC1,2.0,C21H26O3,326.44
CHEMBL58711,TIVIRAPINE,CC(C)=CCN1Cc2c(Cl)ccc3[nH]c(=S)n(c23)C[C@@H]1C,2.0,C16H20ClN3S,321.88
CHEMBL951,IOPHENDYLATE,CCOC(=O)CCCCCCCCC(C)c1ccc(I)cc1,4.0,C19H29IO2,416.34
CHEMBL57997,T-62,Nc1sc2c(c1C(=O)c1ccc(Cl)cc1)CCCC2,2.0,C15H14ClNOS,291.80
CHEMBL294199,CAPSAICIN,COc1cc(CNC(=O)CCCC/C=C/C(C)C)ccc1O,4.0,C18H27NO3,305.42
CHEMBL293802,ARPROMIDINE,N=C(NCCCc1c[nH]cn1)NCCC(c1ccc(F)cc1)c1ccccn1,2.0,C21H25FN6,380.47
CHEMBL953,ENTACAPONE,CCN(CC)C(=O)/C(C#N)=C/c1cc(O)c(O)c([N+](=O)[O-])c1,4.0,C14H15N3O5,305.29
CHEMBL293743,FENLEUTON,CC(C#Cc1cccc(Oc2ccc(F)cc2)c1)N(O)C(N)=O,2.0,C17H15FN2O3,314.32
CHEMBL58355,PIROXIMONE,CCc1[nH]c(=O)[nH]c1C(=O)c1ccncc1,2.0,C11H11N3O2,217.23
CHEMBL61593,CYCLOTHIAZIDE,NS(=O)(=O)c1cc2c(cc1Cl)NC(C1CC3C=CC1C3)NS2(=O)=O,4.0,C14H16ClN3O4S2,389.89
CHEMBL61872,TALAMPANEL,CC(=O)N1N=C(c2ccc(N)cc2)c2cc3c(cc2C[C@H]1C)OCO3,2.0,C19H19N3O3,337.38
CHEMBL58061,CO-TRIMOXAZOLE,COc1cc(Cc2cnc(N)nc2N)cc(OC)c1OC.Cc1cc(NS(=O)(=O)c2ccc(N)cc2)no1,3.0,C24H29N7O6S,543.61
CHEMBL954,ENCLOMIPHENE,CCN(CC)CCOc1ccc(/C(=C(/Cl)c2ccccc2)c2ccccc2)cc1,3.0,C26H28ClNO,405.97
CHEMBL300555,SPIROXATRINE,O=C1NCN(c2ccccc2)C12CCN(CC1COc3ccccc3O1)CC2,2.0,C22H25N3O3,379.46
CHEMBL61946,CARAMIPHEN,CCN(CC)CCOC(=O)C1(c2ccccc2)CCCC1,2.0,C18H27NO2,289.42
CHEMBL956,SUPROFEN,CC(C(=O)O)c1ccc(C(=O)c2cccs2)cc1,4.0,C14H12O3S,260.31
CHEMBL57895,EFAROXAN,CCC1(C2=NCCN2)Cc2ccccc2O1,2.0,C13H16N2O,216.28
CHEMBL59356,ATRELEUTON,C[C@H](C#Cc1ccc(Cc2ccc(F)cc2)s1)N(O)C(N)=O,2.0,C16H15FN2O2S,318.37
CHEMBL292687,DINITROCHLOROBENZENE,O=[N+]([O-])c1ccc(Cl)c([N+](=O)[O-])c1,1.0,C6H3ClN2O4,202.55
CHEMBL303062,SECURININE,O=C1C=C2C=C[C@@H]3C[C@@]2(O1)[C@H]1CCCCN31,2.0,C13H15NO2,217.27
CHEMBL957,BOSENTAN,COc1ccccc1Oc1c(NS(=O)(=O)c2ccc(C(C)(C)C)cc2)nc(-c2ncccn2)nc1OCCO,4.0,C27H29N5O6S,551.63
CHEMBL959,RIMANTADINE,CC(N)C12CC3CC(CC(C3)C1)C2,4.0,C12H21N,179.31
CHEMBL960,LEFLUNOMIDE,Cc1oncc1C(=O)Nc1ccc(C(F)(F)F)cc1,4.0,C12H9F3N2O2,270.21
CHEMBL62193,SULFADIMETHOXINE,COc1cc(NS(=O)(=O)c2ccc(N)cc2)nc(OC)n1,4.0,C12H14N4O4S,310.34
CHEMBL961,DITIOCARB,CCN(CC)C(=S)S,2.0,C5H11NS2,149.28
CHEMBL60889,MOSAPRIDE,CCOc1cc(N)c(Cl)cc1C(=O)NCC1CN(Cc2ccc(F)cc2)CCO1,3.0,C21H25ClFN3O3,421.90
CHEMBL61780,TEZOSENTAN,COc1ccccc1Oc1c(NS(=O)(=O)c2ccc(C(C)C)cn2)nc(-c2ccnc(-c3nnn[nH]3)c2)nc1OCCO,3.0,C27H27N9O6S,605.64
CHEMBL61006,PHENYLPROPANOLAMINE,CC(N)C(O)c1ccccc1,4.0,C9H13NO,151.21
CHEMBL300841,TEMOCAPRILAT,O=C(O)CN1C[C@@H](c2cccs2)SC[C@H](N[C@@H](CCc2ccccc2)C(=O)O)C1=O,2.0,C21H24N2O5S2,448.57
CHEMBL61495,CRISNATOL,CC(CO)(CO)NCc1cc2c3ccccc3ccc2c2ccccc12,2.0,C23H23NO2,345.44
CHEMBL962,EPOPROSTENOL SODIUM,CCCCC[C@H](O)/C=C/[C@@H]1[C@H]2C/C(=C/CCCC(=O)[O-])O[C@H]2C[C@H]1O.[Na+],4.0,C20H31NaO5,374.45
CHEMBL963,OXYMORPHONE,CN1CC[C@]23c4c5ccc(O)c4O[C@H]2C(=O)CC[C@@]3(O)[C@H]1C5,4.0,C17H19NO4,301.34
CHEMBL964,DISULFIRAM,CCN(CC)C(=S)SSC(=S)N(CC)CC,4.0,C10H20N2S4,296.55
CHEMBL292376,TECALCET,COc1cccc([C@@H](C)NCCCc2ccccc2Cl)c1,2.0,C18H22ClNO,303.83
CHEMBL965,CARBAMOYLCHOLINE,C[N+](C)(C)CCOC(N)=O,4.0,C6H15N2O2+,147.20
CHEMBL64545,MECLOFENOXATE,CN(C)CCOC(=O)COc1ccc(Cl)cc1,2.0,C12H16ClNO3,257.72
CHEMBL291770,FLUTEMAZEPAM,CN1C(=O)C(O)N=C(c2ccccc2F)c2cc(Cl)ccc21,2.0,C16H12ClFN2O2,318.74
CHEMBL967,TEMAZEPAM,CN1C(=O)C(O)N=C(c2ccccc2)c2cc(Cl)ccc21,4.0,C16H13ClN2O2,300.75
CHEMBL968,FLURAZEPAM,CCN(CC)CCN1C(=O)CN=C(c2ccccc2F)c2cc(Cl)ccc21,4.0,C21H23ClFN3O,387.89
CHEMBL969,PRAZEPAM,O=C1CN=C(c2ccccc2)c2cc(Cl)ccc2N1CC1CC1,4.0,C19H17ClN2O,324.81
CHEMBL970,HALAZEPAM,O=C1CN=C(c2ccccc2)c2cc(Cl)ccc2N1CC(F)(F)F,4.0,C17H12ClF3N2O,352.74
CHEMBL971,PENTOBARBITAL SODIUM,CCCC(C)C1(CC)C(=O)N=C([O-])NC1=O.[Na+],4.0,C11H17N2NaO3,248.26
CHEMBL972,SELEGILINE,C#CCN(C)[C@H](C)Cc1ccccc1,4.0,C13H17N,187.29
CHEMBL973,TERIFLUNOMIDE,C/C(O)=C(\C#N)C(=O)Nc1ccc(C(F)(F)F)cc1,4.0,C12H9F3N2O2,270.21
CHEMBL61479,SIRAMESINE,Fc1ccc(-n2cc(CCCCN3CCC4(CC3)OCc3ccccc34)c3ccccc32)cc1,2.0,C30H31FN2O,454.59
CHEMBL64130,NAPABUCASIN,CC(=O)c1cc2c(o1)C(=O)c1ccccc1C2=O,3.0,C14H8O4,240.21
CHEMBL60550,TERLAKIREN,CSC[C@H](NC(=O)[C@H](Cc1ccccc1)NC(=O)N1CCOCC1)C(=O)N[C@@H](CC1CCCCC1)[C@@H](O)C(=O)OC(C)C,2.0,C31H48N4O7S,620.81
CHEMBL59990,MAFOSFAMIDE,O=P1(N(CCCl)CCCl)NC(SCCS(=O)(=O)O)CCO1,2.0,C9H19Cl2N2O5PS2,401.27
CHEMBL975,MESNA,O=S(=O)([O-])CCS.[Na+],4.0,C2H5NaO3S2,164.18
CHEMBL64677,DOXEFAZEPAM,O=C1C(O)N=C(c2ccccc2F)c2cc(Cl)ccc2N1CCO,2.0,C17H14ClFN2O3,348.76
CHEMBL63055,ALRESTATIN,O=C(O)CN1C(=O)c2cccc3cccc(c23)C1=O,2.0,C14H9NO4,255.23
CHEMBL64249,CLOROTEPINE,CN1CCN(C2Cc3ccccc3Sc3ccc(Cl)cc32)CC1,2.0,C19H21ClN2S,344.91
CHEMBL61511,PERFOSFAMIDE,O=P1(N(CCCl)CCCl)NC(OO)CCO1,2.0,C7H15Cl2N2O4P,293.09
CHEMBL63323,NIFLUMIC ACID,O=C(O)c1cccnc1Nc1cccc(C(F)(F)F)c1,2.0,C13H9F3N2O2,282.22
CHEMBL436559,CARIPORIDE,CC(C)c1ccc(C(=O)N=C(N)N)cc1S(C)(=O)=O,2.0,C12H17N3O3S,283.35
CHEMBL64391,ITRACONAZOLE,CCC(C)n1ncn(-c2ccc(N3CCN(c4ccc(OCC5COC(Cn6cncn6)(c6ccc(Cl)cc6Cl)O5)cc4)CC3)cc2)c1=O,4.0,C35H38Cl2N8O4,705.65
CHEMBL303960,RIVENPROST,COCc1cccc(C[C@H](O)/C=C/[C@H]2[C@H](O)CC(=O)[C@@H]2CCSCCCC(=O)OC)c1,2.0,C24H34O6S,450.60
CHEMBL64360,ENIPORIDE,Cc1cc(-n2cccc2)c(S(C)(=O)=O)cc1C(=O)N=C(N)N,2.0,C14H16N4O3S,320.37
CHEMBL62382,METHYLSELENOCYSTEINE,C[Se]C[C@H](N)C(=O)O,1.0,C4H9NO2Se,182.08
CHEMBL304639,ZOLASARTAN,CCCCc1nc(Cl)c(C(=O)O)n1Cc1ccc2oc(-c3ccccc3-c3nnn[nH]3)c(Br)c2c1,2.0,C24H20BrClN6O3,555.82
CHEMBL305544,SAPRISARTAN,CCc1nc(C2CC2)c(C(N)=O)n1Cc1ccc2oc(-c3ccccc3NS(=O)(=O)C(F)(F)F)c(Br)c2c1,2.0,C25H22BrF3N4O4S,611.44
CHEMBL64894,GENTIAN VIOLET,CN(C)c1ccc(C(=C2C=CC(=[N+](C)C)C=C2)c2ccc(N(C)C)cc2)cc1.[Cl-],4.0,C25H30ClN3,407.99
CHEMBL64706,ORBOFIBAN,CCOC(=O)CCNC(=O)N[C@H]1CCN(c2ccc(C(=N)N)cc2)C1=O,2.0,C17H23N5O4,361.40
CHEMBL976,PRAZIQUANTEL,O=C(C1CCCCC1)N1CC(=O)N2CCc3ccccc3C2C1,4.0,C19H24N2O2,312.41
CHEMBL64979,EPSIPRANTEL,O=C(C1CCCCC1)N1CC(=O)N2CCCc3ccccc3C2C1,2.0,C20H26N2O2,326.44
CHEMBL63440,ALOXISTATIN,CCOC(=O)[C@H]1O[C@@H]1C(=O)N[C@@H](CC(C)C)C(=O)NCCC(C)C,2.0,C17H30N2O5,342.44
CHEMBL65067,DOFEQUIDAR,O=C(C(c1ccccc1)c1ccccc1)N1CCN(CC(O)COc2cccc3ncccc23)CC1,2.0,C30H31N3O3,481.60
CHEMBL977,HYDROCORTISONE HEMISUCCINATE ANHYDROUS,C[C@]12CCC(=O)C=C1CC[C@@H]1[C@@H]2[C@@H](O)C[C@@]2(C)[C@H]1CC[C@]2(O)C(=O)COC(=O)CCC(=O)O,4.0,C25H34O8,462.54
CHEMBL978,METHACHOLINE,CC(=O)OC(C)C[N+](C)(C)C,4.0,C8H18NO2+,160.24
CHEMBL435966,NIMORAZOLE,O=[N+]([O-])c1cncn1CCN1CCOCC1,3.0,C9H14N4O3,226.24
CHEMBL979,MEPROBAMATE,CCCC(C)(COC(N)=O)COC(N)=O,4.0,C9H18N2O4,218.25
CHEMBL304253,TOLONIDINE,Cc1ccc(NC2=NCCN2)c(Cl)c1,2.0,C10H12ClN3,209.68
CHEMBL304432,NITROSCANATE,O=[N+]([O-])c1ccc(Oc2ccc(N=C=S)cc2)cc1,2.0,C13H8N2O3S,272.29
CHEMBL63544,BENZOTRIPT,O=C(N[C@@H](Cc1c[nH]c2ccccc12)C(=O)O)c1ccc(Cl)cc1,2.0,C18H15ClN2O3,342.78
CHEMBL64195,BECLAMIDE,O=C(CCCl)NCc1ccccc1,2.0,C10H12ClNO,197.66
CHEMBL62735,FASIPLON,CCc1c(OC)nc2nc(-c3noc(C)n3)cn2c1C,2.0,C13H15N5O2,273.30
CHEMBL435176,SIBRAFIBAN,CCOC(=O)COC1CCN(C(=O)[C@H](C)NC(=O)c2ccc(/C(N)=N/O)cc2)CC1,2.0,C20H28N4O6,420.47
CHEMBL980,GUAIFENESIN,COc1ccccc1OCC(O)CO,4.0,C10H14O4,198.22
CHEMBL981,FENOFIBRIC ACID,CC(C)(Oc1ccc(C(=O)c2ccc(Cl)cc2)cc1)C(=O)O,4.0,C17H15ClO4,318.76
CHEMBL65030,VAPIPROST,O=C(O)CC/C=C\CC[C@@H]1[C@@H](N2CCCCC2)[C@@H](O)C[C@@H]1OCc1ccc(-c2ccccc2)cc1,2.0,C30H39NO4,477.65
CHEMBL62381,SODIUM BUTYRATE,CCCC(=O)[O-].[Na+],2.0,C4H7NaO2,110.09
CHEMBL292707,IBUPROXAM,CC(C)Cc1ccc(C(C)C(=O)NO)cc1,2.0,C13H19NO2,221.30
CHEMBL982,NALMEFENE,C=C1CC[C@@]2(O)[C@H]3Cc4ccc(O)c5c4[C@@]2(CCN3CC2CC2)[C@H]1O5,4.0,C21H25NO3,339.44
CHEMBL418134,BUNITROLOL,CC(C)(C)NCC(O)COc1ccccc1C#N,2.0,C14H20N2O2,248.33
CHEMBL66648,TANIPLON,COc1nc2nc(-c3noc(C)n3)cn2c2c1CCCC2,2.0,C14H15N5O2,285.31
CHEMBL65717,MEPINDOLOL,Cc1cc2c(OCC(O)CNC(C)C)cccc2[nH]1,2.0,C15H22N2O2,262.35
CHEMBL305380,BUPRANOLOL,Cc1ccc(Cl)c(OCC(O)CNC(C)(C)C)c1,2.0,C14H22ClNO2,271.79
CHEMBL293030,BUNOLOL,CC(C)(C)NCC(O)COc1cccc2c1CCCC2=O,2.0,C17H25NO3,291.39
CHEMBL62919,ALTANSERIN,O=C(c1ccc(F)cc1)C1CCN(CCn2c(=S)[nH]c3ccccc3c2=O)CC1,2.0,C22H22FN3O2S,411.50
CHEMBL65567,CREATININE,CN1CC(=O)NC1=N,3.0,C4H7N3O,113.12
CHEMBL983,SUCCINYLCHOLINE CHLORIDE,C[N+](C)(C)CCOC(=O)CCC(=O)OCC[N+](C)(C)C.[Cl-].[Cl-],4.0,C14H30Cl2N2O4,361.31
CHEMBL984,MIVACURIUM CHLORIDE,COc1cc2c(cc1OC)[C@@H](Cc1cc(OC)c(OC)c(OC)c1)[N+](C)(CCCOC(=O)CC/C=C/CCC(=O)OCCC[N+]1(C)CCc3cc(OC)c(OC)cc3[C@H]1Cc1cc(OC)c(OC)c(OC)c1)CC2.[Cl-].[Cl-],4.0,C58H80Cl2N2O14,1100.18
CHEMBL985,UREA,NC(N)=O,4.0,CH4N2O,60.06
CHEMBL65547,PSILOCIN,CN(C)CCc1c[nH]c2cccc(O)c12,2.0,C12H16N2O,204.27
CHEMBL275321,GANTACURIUM CHLORIDE,COc1cc2c(cc1OC)[C@H](c1cc(OC)c(OC)c(OC)c1)[N@@+](C)(CCCOC(=O)/C=C(\Cl)C(=O)OCCC[N@+]1(C)CCc3cc(OC)c(OC)cc3[C@H]1Cc1cc(OC)c(OC)c(OC)c1)CC2.[Cl-].[Cl-],2.0,C53H69Cl3N2O14,1064.49
CHEMBL65375,TIPIRACIL HYDROCHLORIDE,Cl.N=C1CCCN1Cc1[nH]c(=O)[nH]c(=O)c1Cl,4.0,C9H12Cl2N4O2,279.13
CHEMBL291657,CRINECERFONT,C#CCN(c1nc(-c2cc(C)c(OC)cc2Cl)c(C)s1)[C@@H](CC1CC1)c1ccc(C)c(F)c1,4.0,C27H28ClFN2OS,483.05
CHEMBL66092,LAQUINIMOD,CCN(C(=O)c1c(O)c2c(Cl)cccc2n(C)c1=O)c1ccccc1,3.0,C19H17ClN2O3,356.81
CHEMBL67279,TALABOSTAT,CC(C)[C@H](N)C(=O)N1CCC[C@H]1B(O)O,3.0,C9H19BN2O3,214.07
CHEMBL67776,PAQUINIMOD,CCc1cccc2c1c(O)c(C(=O)N(CC)c1ccccc1)c(=O)n2C,2.0,C21H22N2O3,350.42
CHEMBL68117,VOSAROXIN,CN[C@H]1CN(c2ccc3c(=O)c(C(=O)O)cn(-c4nccs4)c3n2)C[C@@H]1OC,3.0,C18H19N5O4S,401.45
CHEMBL304902,CLOTHIAPINE,CN1CCN(C2=Nc3ccccc3Sc3ccc(Cl)cc32)CC1,2.0,C18H18ClN3S,343.88
CHEMBL165,RESVERATROL,Oc1ccc(/C=C/c2cc(O)cc(O)c2)cc1,3.0,C14H12O3,228.25
CHEMBL63756,FLUPERLAPINE,CN1CCN(C2=Nc3cc(F)ccc3Cc3ccccc32)CC1,2.0,C19H20FN3,309.39
CHEMBL308005,MIFENTIDINE,CC(C)/N=C/Nc1ccc(-c2c[nH]cn2)cc1,2.0,C13H16N4,228.30
CHEMBL68055,ACOLBIFENE,CC1=C(c2ccc(O)cc2)[C@H](c2ccc(OCCN3CCCCC3)cc2)Oc2cc(O)ccc21,3.0,C29H31NO4,457.57
CHEMBL304383,SARCOSINE,CNCC(=O)O,2.0,C3H7NO2,89.09
CHEMBL63857,PHENOLPHTHALEIN,O=C1OC(c2ccc(O)cc2)(c2ccc(O)cc2)c2ccccc21,4.0,C20H14O4,318.33
CHEMBL305187,IFENPRODIL,CC(C(O)c1ccc(O)cc1)N1CCC(Cc2ccccc2)CC1,2.0,C21H27NO2,325.45
CHEMBL69759,SONEPIPRAZOLE,NS(=O)(=O)c1ccc(N2CCN(CC[C@@H]3OCCc4ccccc43)CC2)cc1,2.0,C21H27N3O3S,401.53
CHEMBL67096,TOLIPROLOL,Cc1cccc(OCC(O)CNC(C)C)c1,2.0,C13H21NO2,223.32
CHEMBL986,RETINOL,CC1=C(/C=C/C(C)=C/C=C/C(C)=C/CO)C(C)(C)CCC1,4.0,C20H30O,286.46
CHEMBL65794,CEFPIROME,CO/N=C(\C(=O)N[C@@H]1C(=O)N2C(C(=O)[O-])=C(C[n+]3cccc4c3CCC4)CS[C@H]12)c1csc(N)n1,4.0,C22H22N6O5S2,514.59
CHEMBL304087,MERIMEPODIB,COc1cc(NC(=O)Nc2cccc(CNC(=O)O[C@H]3CCOC3)c2)ccc1-c1cnco1,2.0,C23H24N4O6,452.47
CHEMBL989,FLUOCINOLONE ACETONIDE,CC1(C)O[C@@H]2C[C@H]3[C@@H]4C[C@H](F)C5=CC(=O)C=C[C@]5(C)[C@@]4(F)[C@@H](O)C[C@]3(C)[C@]2(C(=O)CO)O1,4.0,C24H30F2O6,452.49
CHEMBL303182,SULAMSEROD,CS(=O)(=O)NCCN1CCC(CCC(=O)c2cc(Cl)c(N)c3c2OCCO3)CC1,2.0,C19H28ClN3O5S,445.97
CHEMBL990,BUTENAFINE,CN(Cc1ccc(C(C)(C)C)cc1)Cc1cccc2ccccc12,4.0,C23H27N,317.48
CHEMBL303933,PIPERAQUINE,Clc1ccc2c(N3CCN(CCCN4CCN(c5ccnc6cc(Cl)ccc56)CC4)CC3)ccnc2c1,3.0,C29H32Cl2N6,535.52
CHEMBL70246,ACEFYLLINE,Cn1c(=O)c2c(ncn2CC(=O)O)n(C)c1=O,4.0,C9H10N4O4,238.20
CHEMBL69679,ZATEBRADINE,COc1ccc(CCN(C)CCCN2CCc3cc(OC)c(OC)cc3CC2=O)cc1OC,2.0,C26H36N2O5,456.58
CHEMBL69139,LIXAZINONE,CN(C(=O)CCCOc1ccc2c(c1)CN1CC(=O)NC1=N2)C1CCCCC1,2.0,C21H28N4O3,384.48
CHEMBL69308,PELUBIPROFEN,CC(C(=O)O)c1ccc(/C=C2\CCCCC2=O)cc1,3.0,C16H18O3,258.32
CHEMBL991,STAVUDINE,Cc1cn([C@H]2C=C[C@@H](CO)O2)c(=O)[nH]c1=O,4.0,C10H12N2O4,224.22
CHEMBL65789,SARDOMOZIDE,N=C(N)c1cccc2c1CC/C2=N\N=C(N)N,2.0,C11H14N6,230.27
CHEMBL66115,DOXECITINE,Nc1ccn([C@H]2C[C@H](O)[C@@H](CO)O2)c(=O)n1,2.0,C9H13N3O4,227.22
CHEMBL305745,BIDISOMIDE,CC(=O)N(CCC(CCN1CCCCC1)(C(N)=O)c1ccccc1Cl)C(C)C,2.0,C22H34ClN3O2,407.99
CHEMBL307346,CETRIMONIUM BROMIDE,CCCCCCCCCCCCCCCC[N+](C)(C)C.[Br-],2.0,C19H42BrN,364.46
CHEMBL70209,ZALTIDINE,Cc1ncc(-c2csc(N=C(N)N)n2)[nH]1,2.0,C8H10N6S,222.28
CHEMBL70088,RITIPENEM,C[C@@H](O)[C@H]1C(=O)N2C(C(=O)O)=C(COC(N)=O)S[C@H]12,2.0,C10H12N2O6S,288.28
CHEMBL68262,IRLOXACIN,CCn1cc(C(=O)O)c(=O)c2cc(F)c(-n3cccc3)cc21,2.0,C16H13FN2O3,300.29
CHEMBL68332,DATELLIPTIUM CHLORIDE,CCN(CC)CC[n+]1ccc2c(C)c3[nH]c4ccc(O)cc4c3c(C)c2c1.[Cl-],2.0,C23H28ClN3O,397.95
CHEMBL69271,NAXAGOLIDE,CCCN1CCO[C@@H]2c3cc(O)ccc3CC[C@H]21,2.0,C15H21NO2,247.34
CHEMBL995,LOSARTAN POTASSIUM,CCCCc1nc(Cl)c(CO)n1Cc1ccc(-c2ccccc2-c2nnn[n-]2)cc1.[K+],4.0,C22H22ClKN6O,461.01
CHEMBL996,CEFOXITIN,CO[C@@]1(NC(=O)Cc2cccs2)C(=O)N2C(C(=O)O)=C(COC(N)=O)CS[C@@H]21,4.0,C16H17N3O7S2,427.46
CHEMBL307697,SIVIFENE,O=[N+]([O-])c1ccc(NN=C(c2ccc(O)cc2)c2ccc(O)cc2)c([N+](=O)[O-])c1,2.0,C19H14N4O6,394.34
CHEMBL70046,SORIVUDINE,O=c1[nH]c(=O)n([C@@H]2O[C@H](CO)[C@@H](O)[C@@H]2O)cc1/C=C/Br,4.0,C11H13BrN2O6,349.14
CHEMBL305775,ROCASTINE,CN(C)CCC1CN(C)C(=S)c2cccnc2O1,2.0,C13H19N3OS,265.38
CHEMBL997,IBANDRONIC ACID,CCCCCN(C)CCC(O)(P(=O)(O)O)P(=O)(O)O,4.0,C9H23NO7P2,319.23
CHEMBL998,LORATADINE,CCOC(=O)N1CCC(=C2c3ccc(Cl)cc3CCc3cccnc32)CC1,4.0,C22H23ClN2O2,382.89
CHEMBL71752,VINPOCETINE,CCOC(=O)C1=C[C@]2(CC)CCCN3CCc4c(n1c1ccccc41)[C@@H]32,4.0,C22H26N2O2,350.46
CHEMBL305660,EBASTINE,CC(C)(C)c1ccc(C(=O)CCCN2CCC(OC(c3ccccc3)c3ccccc3)CC2)cc1,4.0,C32H39NO2,469.67
CHEMBL69998,FIROCOXIB,CC1(C)OC(=O)C(OCC2CC2)=C1c1ccc(S(C)(=O)=O)cc1,2.0,C17H20O5S,336.41
CHEMBL67654,CAREBASTINE,CC(C)(C(=O)O)c1ccc(C(=O)CCCN2CCC(OC(c3ccccc3)c3ccccc3)CC2)cc1,2.0,C32H37NO4,499.65
CHEMBL1000,CETIRIZINE,O=C(O)COCCN1CCN(C(c2ccccc2)c2ccc(Cl)cc2)CC1,4.0,C21H25ClN2O3,388.90
CHEMBL70159,CARMOXIROLE,O=C(O)c1ccc2[nH]cc(CCCCN3CC=C(c4ccccc4)CC3)c2c1,2.0,C24H26N2O2,374.48
CHEMBL307214,TAMITINOL,CCNCc1c(CSC)cnc(C)c1O,2.0,C11H18N2OS,226.34
CHEMBL431367,ROXINDOLE,Oc1ccc2[nH]cc(CCCCN3CC=C(c4ccccc4)CC3)c2c1,2.0,C23H26N2O,346.47
CHEMBL69178,LUPITIDINE,Cc1ccc(Cc2c[nH]c(NCCSCc3ccc(CN(C)C)o3)nc2=O)cn1,2.0,C21H27N5O2S,413.55
CHEMBL70418,CLOBAZAM,CN1C(=O)CC(=O)N(c2ccccc2)c2cc(Cl)ccc21,4.0,C16H13ClN2O2,300.75
CHEMBL71685,DALTROBAN,O=C(O)Cc1ccc(CCNS(=O)(=O)c2ccc(Cl)cc2)cc1,2.0,C16H16ClNO4S,353.83
CHEMBL1002,LEVOSALBUTAMOL,CC(C)(C)NC[C@H](O)c1ccc(O)c(CO)c1,4.0,C13H21NO3,239.31
CHEMBL1003,CLAVULANATE POTASSIUM,O=C([O-])[C@H]1/C(=C/CO)O[C@@H]2CC(=O)N21.[K+],4.0,C8H8KNO5,237.25
CHEMBL1004,DOXYLAMINE,CN(C)CCOC(C)(c1ccccc1)c1ccccn1,4.0,C17H22N2O,270.38
CHEMBL442174,APADOLINE,CCCNC(=O)c1ccc2c(c1)N([C@H](C)CN1CCCC1)c1ccccc1S2,2.0,C23H29N3OS,395.57
CHEMBL70972,SERATRODAST,CC1=C(C)C(=O)C(C(CCCCCC(=O)O)c2ccccc2)=C(C)C1=O,4.0,C22H26O4,354.45
CHEMBL70566,EPTAZOCINE,CN1CC[C@]2(C)C[C@@H](Cc3ccc(O)cc32)C1,2.0,C15H21NO,231.34
CHEMBL1005,REMIFENTANIL,CCC(=O)N(c1ccccc1)C1(C(=O)OC)CCN(CCC(=O)OC)CC1,4.0,C20H28N2O5,376.45
CHEMBL70598,TEMELASTINE,Cc1ccc(Cc2c[nH]c(NCCCCc3ncc(Br)cc3C)nc2=O)cn1,2.0,C21H24BrN5O,442.36
CHEMBL443793,MITOFLAXONE,O=C(O)Cc1cccc2c(=O)cc(-c3ccccc3)oc12,2.0,C17H12O4,280.28
CHEMBL71263,VADIMEZAN,Cc1ccc2c(=O)c3cccc(CC(=O)O)c3oc2c1C,3.0,C17H14O4,282.30
CHEMBL70927,DEFERIPRONE,Cc1c(O)c(=O)ccn1C,4.0,C7H9NO2,139.15
CHEMBL302795,TENOXICAM,CN1C(C(=O)Nc2ccccn2)=C(O)c2sccc2S1(=O)=O,2.0,C13H11N3O4S2,337.38
CHEMBL73451,MEQUITAZINE,c1ccc2c(c1)Sc1ccccc1N2CC1CN2CCC1CC2,2.0,C20H22N2S,322.48
CHEMBL70971,CARBENDAZIM,COC(=O)Nc1nc2ccccc2[nH]1,1.0,C9H9N3O2,191.19
CHEMBL305666,LURTOTECAN,CC[C@@]1(O)C(=O)OCc2c1cc1n(c2=O)Cc2c-1nc1cc3c(cc1c2CN1CCN(C)CC1)OCCO3,2.0,C28H30N4O6,518.57
CHEMBL1006,AMIFOSTINE,NCCCNCCSP(=O)(O)O,4.0,C5H15N2O3PS,214.23
CHEMBL70352,BENACTYZINE,CCN(CC)CCOC(=O)C(O)(c1ccccc1)c1ccccc1,2.0,C20H25NO3,327.42
CHEMBL1008,BEPRIDIL,CC(C)COCC(CN(Cc1ccccc1)c1ccccc1)N1CCCC1,4.0,C24H34N2O,366.55
CHEMBL1009,LEVODOPA,N[C@@H](Cc1ccc(O)c(O)c1)C(=O)O,4.0,C9H11NO4,197.19
CHEMBL1010,CEFOTAXIME SODIUM,CO/N=C(\C(=O)N[C@@H]1C(=O)N2C(C(=O)[O-])=C(COC(C)=O)CS[C@H]12)c1csc(N)n1.[Na+],4.0,C16H16N5NaO7S2,477.46
CHEMBL304818,DOCEBENONE,CC1=C(C)C(=O)C(CCCCC#CCCCC#CCO)=C(C)C1=O,2.0,C21H26O3,326.44
CHEMBL308954,ETRAVIRINE,Cc1cc(C#N)cc(C)c1Oc1nc(Nc2ccc(C#N)cc2)nc(N)c1Br,4.0,C20H15BrN6O,435.29
CHEMBL72115,SUPIDIMIDE,O=C1NCCCC1N1C(=O)c2ccccc2S1(=O)=O,2.0,C12H12N2O4S,280.30
CHEMBL71733,TRIGONELLAMIDE,C[n+]1cccc(C(N)=O)c1,2.0,C7H9N2O+,137.16
CHEMBL305906,CETYLPYRIDINIUM,CCCCCCCCCCCCCCCC[n+]1ccccc1,3.0,C21H38N+,304.54
CHEMBL70611,AZALANSTAT,Nc1ccc(SC[C@@H]2CO[C@](CCc3ccc(Cl)cc3)(Cn3ccnc3)O2)cc1,2.0,C22H24ClN3O2S,429.97
CHEMBL306700,VILOXAZINE,CCOc1ccccc1OCC1CNCCO1,4.0,C13H19NO3,237.30
CHEMBL70663,DAPIVIRINE,Cc1cc(C)c(Nc2ccnc(Nc3ccc(C#N)cc3)n2)c(C)c1,3.0,C20H19N5,329.41
CHEMBL1013,LORACARBEF ANHYDROUS,N[C@@H](C(=O)N[C@@H]1C(=O)N2C(C(=O)O)=C(Cl)CC[C@H]12)c1ccccc1,4.0,C16H16ClN3O4,349.77
CHEMBL74632,MOXALACTAM,CO[C@@]1(NC(=O)C(C(=O)O)c2ccc(O)cc2)C(=O)N2C(C(=O)O)=C(CSc3nnnn3C)CO[C@@H]21,4.0,C20H20N6O9S,520.48
CHEMBL72400,ZOLOPERONE,COc1ccccc1N1CCN(CCc2oc(=O)[nH]c2-c2ccc(F)cc2)CC1,2.0,C22H24FN3O3,397.45
CHEMBL73193,FIDEXABAN,CN1CCN=C1c1cccc(Oc2nc(Oc3cc(C(=N)N)ccc3O)c(F)c(N(C)CC(=O)O)c2F)c1,2.0,C25H24F2N6O5,526.50
CHEMBL73383,LODIPERONE,O=c1[nH]c(-c2ccc(F)cc2)c(CCN2CCN(c3cc(Cl)cc(Cl)c3)CC2)o1,2.0,C21H20Cl2FN3O2,436.31
CHEMBL312448,XYLOMETAZOLINE,Cc1cc(C(C)(C)C)cc(C)c1CC1=NCCN1,4.0,C16H24N2,244.38
CHEMBL308148,SAREDUTANT,CC(=O)NC1(c2ccccc2)CCN(CC[C@H](CN(C)C(=O)c2ccccc2)c2ccc(Cl)c(Cl)c2)CC1,3.0,C31H35Cl2N3O2,552.55
CHEMBL306823,SODIUM DICHLOROACETATE,O=C([O-])C(Cl)Cl.[Na+],3.0,C2HCl2NaO2,150.92
CHEMBL73622,BROBACTAM,CC1(C)S[C@@H]2[C@H](Br)C(=O)N2[C@H]1C(=O)O,2.0,C8H10BrNO3S,280.14
CHEMBL305904,ETOXADROL,CC[C@]1(c2ccccc2)OC[C@H]([C@@H]2CCCCN2)O1,2.0,C16H23NO2,261.36
CHEMBL432162,TASOSARTAN,Cc1nc(C)c2c(n1)N(Cc1ccc(-c3ccccc3-c3nnn[nH]3)cc1)C(=O)CC2,2.0,C23H21N7O,411.47
CHEMBL73461,IRINDALONE,O=C1NCCN1CCN1CCN([C@@H]2C[C@@H](c3ccc(F)cc3)c3ccccc32)CC1,2.0,C24H29FN4O,408.52
CHEMBL1014,CANDESARTAN CILEXETIL,CCOc1nc2cccc(C(=O)OC(C)OC(=O)OC3CCCCC3)c2n1Cc1ccc(-c2ccccc2-c2nn[nH]n2)cc1,4.0,C33H34N6O6,610.67
CHEMBL1015,EVANS BLUE FREE ACID,Cc1cc(-c2ccc(/N=N/c3ccc4c(S(=O)(=O)O)cc(S(=O)(=O)O)c(N)c4c3O)c(C)c2)ccc1/N=N/c1ccc2c(S(=O)(=O)O)cc(S(=O)(=O)O)c(N)c2c1O,4.0,C34H28N6O14S4,872.89
CHEMBL1016,CANDESARTAN,CCOc1nc2cccc(C(=O)O)c2n1Cc1ccc(-c2ccccc2-c2nnn[nH]2)cc1,3.0,C24H20N6O3,440.46
CHEMBL1017,TELMISARTAN,CCCc1nc2c(C)cc(-c3nc4ccccc4n3C)cc2n1Cc1ccc(-c2ccccc2C(=O)O)cc1,4.0,C33H30N4O2,514.63
CHEMBL312311,PAROXYPROPIONE,CCC(=O)c1ccc(O)cc1,2.0,C9H10O2,150.18
CHEMBL1018,DIENESTROL,C/C=C(C(=C/C)/c1ccc(O)cc1)\c1ccc(O)cc1,4.0,C18H18O2,266.34
CHEMBL73151,TERGURIDE,CCN(CC)C(=O)N[C@H]1C[C@@H]2c3cccc4[nH]cc(c34)C[C@H]2N(C)C1,2.0,C20H28N4O,340.47
CHEMBL75838,MILACEMIDE,CCCCCNCC(N)=O,2.0,C7H16N2O,144.22
CHEMBL75435,DEXKETOPROFEN,C[C@H](C(=O)O)c1cccc(C(=O)c2ccccc2)c1,4.0,C16H14O3,254.29
CHEMBL73234,CARBETAPENTANE,CCN(CC)CCOCCOC(=O)C1(c2ccccc2)CCCC1,4.0,C20H31NO3,333.47
CHEMBL73416,SARIPIDEM,CCCC(=O)N(C)Cc1c(-c2ccc(Cl)cc2)nc2ccccn12,2.0,C19H20ClN3O,341.84
CHEMBL306280,DIFLOMOTECAN,CC[C@@]1(O)CC(=O)OCc2c1cc1n(c2=O)Cc2cc3cc(F)c(F)cc3nc2-1,2.0,C21H16F2N2O4,398.37
CHEMBL75013,ZANAPEZIL,O=C(CCC1CCN(Cc2ccccc2)CC1)c1ccc2c(c1)NCCCC2,2.0,C25H32N2O,376.54
CHEMBL305686,CORDYCEPIN,Nc1ncnc2c1ncn2[C@@H]1O[C@H](CO)C[C@H]1O,1.0,C10H13N5O3,251.25
CHEMBL1020,TOLMETIN,Cc1ccc(C(=O)c2ccc(CC(=O)O)n2C)cc1,4.0,C15H15NO3,257.29
CHEMBL166,MELARSOPROL,Nc1nc(N)nc(Nc2ccc([As]3SCC(CO)S3)cc2)n1,3.0,C12H15AsN6OS2,398.35
CHEMBL1021,NEPAFENAC,NC(=O)Cc1cccc(C(=O)c2ccccc2)c1N,4.0,C15H14N2O2,254.29
CHEMBL75880,PERHEXILINE,C1CCC(C(CC2CCCCN2)C2CCCCC2)CC1,4.0,C19H35N,277.50
CHEMBL311350,PIROMIDIC ACID,CCn1cc(C(=O)O)c(=O)c2cnc(N3CCCC3)nc21,2.0,C14H16N4O3,288.31
CHEMBL1023,BEXAROTENE,C=C(c1ccc(C(=O)O)cc1)c1cc2c(cc1C)C(C)(C)CCC2(C)C,4.0,C24H28O2,348.49
CHEMBL1024,IFOSFAMIDE,O=P1(NCCCl)OCCCN1CCCl,4.0,C7H15Cl2N2O2P,261.09
CHEMBL1025,ISOFLUROPHATE,CC(C)OP(=O)(F)OC(C)C,4.0,C6H14FO3P,184.15
CHEMBL75133,IRX-4204,CC(/C=C/[C@@H]1C[C@]1(C)c1ccc2c(c1)C(C)(C)CCC2(C)C)=C\C(=O)O,2.0,C24H32O2,352.52
CHEMBL74415,CANNABINOL,CCCCCc1cc(O)c2c(c1)OC(C)(C)c1ccc(C)cc1-2,3.0,C21H26O2,310.44
CHEMBL307261,ARTENIMOL,C[C@H]1[C@@H](O)O[C@@H]2O[C@@]3(C)CC[C@H]4[C@H](C)CC[C@@H]1[C@@]24OO3,4.0,C15H24O5,284.35
CHEMBL76222,REBIMASTAT,CNC(=O)[C@@H](NC(=O)[C@H](CC(C)C)NC(=O)[C@@H](S)CCN1C(=O)N(C)C(C)(C)C1=O)C(C)(C)C,2.0,C23H41N5O5S,499.68
CHEMBL75094,PRINOMASTAT,CC1(C)SCCN(S(=O)(=O)c2ccc(Oc3ccncc3)cc2)[C@H]1C(=O)NO,3.0,C18H21N3O5S2,423.52
CHEMBL75153,TIFURAC,CSc1ccc(C(=O)c2cc(CC(=O)O)cc3ccoc23)cc1,2.0,C18H14O4S,326.37
CHEMBL74355,VOLINANSERIN,COc1cccc([C@H](O)C2CCN(CCc3ccc(F)cc3)CC2)c1OC,3.0,C22H28FNO3,373.47
CHEMBL307177,LY-295501,O=C(Nc1ccc(Cl)c(Cl)c1)NS(=O)(=O)c1ccc2c(c1)CCO2,2.0,C15H12Cl2N2O4S,387.24
CHEMBL1026,FENOLDOPAM MESYLATE,CS(=O)(=O)O.Oc1ccc(C2CNCCc3c2cc(O)c(O)c3Cl)cc1,4.0,C17H20ClNO6S,401.87
CHEMBL73822,APAZIQUONE,Cn1c(/C=C/CO)c(CO)c2c1C(=O)C=C(N1CC1)C2=O,3.0,C15H16N2O4,288.30
CHEMBL77921,MEDETOMIDINE,Cc1cccc(C(C)c2c[nH]cn2)c1C,3.0,C13H16N2,200.28
CHEMBL77517,INDISULAM,NS(=O)(=O)c1ccc(S(=O)(=O)Nc2cccc3c(Cl)c[nH]c23)cc1,2.0,C14H12ClN3O4S2,385.85
CHEMBL1027,TIAGABINE,Cc1ccsc1C(=CCCN1CCC[C@@H](C(=O)O)C1)c1sccc1C,4.0,C20H25NO2S2,375.56
CHEMBL76370,TEGASEROD,CCCCCNC(=N)N/N=C/c1c[nH]c2ccc(OC)cc12,4.0,C16H23N5O,301.39
CHEMBL431770,ISTRADEFYLLINE,CCn1c(=O)c2c(nc(/C=C/c3ccc(OC)c(OC)c3)n2C)n(CC)c1=O,4.0,C20H24N4O4,384.44
CHEMBL76591,LAUROCAPRAM,CCCCCCCCCCCCN1CCCCCC1=O,2.0,C18H35NO,281.48
CHEMBL76688,SIVELESTAT,CC(C)(C)C(=O)Oc1ccc(S(=O)(=O)Nc2ccccc2C(=O)NCC(=O)O)cc1,3.0,C20H22N2O7S,434.47
CHEMBL75245,TIOPINAC,O=C(O)Cc1ccc2c(c1)SCc1ccccc1C2=O,2.0,C16H12O3S,284.34
CHEMBL75124,NONIVAMIDE,CCCCCCCCC(=O)NCc1ccc(O)c(OC)c1,3.0,C17H27NO3,293.41
CHEMBL77131,CARBAZERAN,CCNC(=O)OC1CCN(c2nncc3cc(OC)c(OC)cc23)CC1,2.0,C18H24N4O4,360.41
CHEMBL75753,XAMOTEROL,O=C(NCCNCC(O)COc1ccc(O)cc1)N1CCOCC1,2.0,C16H25N3O5,339.39
CHEMBL1029,MIGLUSTAT,CCCCN1C[C@H](O)[C@@H](O)[C@H](O)[C@H]1CO,4.0,C10H21NO4,219.28
CHEMBL77101,DIETHYLHOMOSPERMINE,CCNCCCCNCCCCNCCCCNCC,1.0,C16H38N4,286.51
CHEMBL312109,OXEPINAC,O=C(O)Cc1ccc2c(c1)OCc1ccccc1C2=O,2.0,C16H12O4,268.27
CHEMBL75797,MIXIDINE,COc1ccc(CC/N=C2/CCCN2C)cc1OC,2.0,C15H22N2O2,262.35
CHEMBL77622,DOPEXAMINE,Oc1ccc(CCNCCCCCCNCCc2ccccc2)cc1O,2.0,C22H32N2O2,356.51
CHEMBL307739,IBOPAMINE,CNCCc1ccc(OC(=O)C(C)C)c(OC(=O)C(C)C)c1,2.0,C17H25NO4,307.39
CHEMBL80386,IVOSPEMIN,CCNCC[C@H](O)CNCCCCNC[C@@H](O)CCNCC,3.0,C16H38N4O2,318.51
CHEMBL307429,DUVOGLUSTAT,OC[C@H]1NC[C@H](O)[C@@H](O)[C@@H]1O,2.0,C6H13NO4,163.17
CHEMBL1034,DICLOFENAC SODIUM,O=C([O-])Cc1ccccc1Nc1c(Cl)cccc1Cl.[Na+],4.0,C14H10Cl2NNaO2,318.14
CHEMBL1037,GUANADREL,N=C(N)NCC1COC2(CCCCC2)O1,4.0,C10H19N3O2,213.28
CHEMBL76725,GUANOXAN,N=C(N)NCC1COc2ccccc2O1,2.0,C10H13N3O2,207.23
CHEMBL77305,RUBITECAN,CC[C@@]1(O)C(=O)OCc2c1cc1n(c2=O)Cc2cc3c([N+](=O)[O-])cccc3nc2-1,3.0,C20H15N3O6,393.36
CHEMBL76098,XEMILOFIBAN,C#C[C@H](CC(=O)OCC)NC(=O)CCC(=O)Nc1ccc(C(=N)N)cc1,2.0,C18H22N4O4,358.40
CHEMBL1040,CALCIFEDIOL ANHYDROUS,C=C1CC[C@H](O)C/C1=C/C=C1\CCC[C@]2(C)[C@@H]([C@H](C)CCCC(C)(C)O)CC[C@@H]12,4.0,C27H44O2,400.65
CHEMBL1042,CHOLECALCIFEROL,C=C1CC[C@H](O)C/C1=C/C=C1\CCC[C@]2(C)[C@@H]([C@H](C)CCCC(C)C)CC[C@@H]12,4.0,C27H44O,384.65
CHEMBL76903,OLVANIL,CCCCCCCC/C=C\CCCCCCCC(=O)NCc1ccc(O)c(OC)c1,2.0,C26H43NO3,417.63
CHEMBL312104,RIPISARTAN,CCCc1nc(C)n2[nH]c(=O)nc2c1Cc1ccc(-c2ccccc2-c2nnn[nH]2)cc1,2.0,C23H22N8O,426.48
CHEMBL80830,BUCILLAMINE,CC(C)(S)C(=O)N[C@@H](CS)C(=O)O,3.0,C7H13NO3S2,223.32
CHEMBL440498,CTS-1027,O=C(NO)C1(CS(=O)(=O)c2ccc(Oc3ccc(Cl)cc3)cc2)CCOCC1,2.0,C19H20ClNO6S,425.89
CHEMBL80937,LERGOTRILE,CN1C[C@H](CC#N)C[C@@H]2c3cccc4[nH]c(Cl)c(c34)C[C@H]21,2.0,C17H18ClN3,299.81
CHEMBL1043,DAPSONE,Nc1ccc(S(=O)(=O)c2ccc(N)cc2)cc1,4.0,C12H12N2O2S,248.31
CHEMBL309962,RENTIAPRIL,O=C(O)[C@@H]1CS[C@H](c2ccccc2O)N1C(=O)CCS,2.0,C13H15NO4S2,313.40
CHEMBL78535,ANCRIVIROC,CCO/N=C(\c1ccc(Br)cc1)C1CCN(C2(C)CCN(C(=O)c3c(C)cc[n+]([O-])c3C)CC2)CC1,2.0,C28H37BrN4O3,557.53
CHEMBL312394,GLYCYCLAMIDE,Cc1ccc(S(=O)(=O)NC(=O)NC2CCCCC2)cc1,2.0,C14H20N2O3S,296.39
CHEMBL82301,VICRIVIROC,COC[C@@H](c1ccc(C(F)(F)F)cc1)N1CCN(C2(C)CCN(C(=O)c3c(C)ncnc3C)CC2)C[C@@H]1C,3.0,C28H38F3N5O2,533.64
CHEMBL1046,AMINOCAPROIC ACID,NCCCCCC(=O)O,4.0,C6H13NO2,131.18
CHEMBL78871,GANTOFIBAN,CCOC(=O)CN1CCN(C[C@@H]2CN(c3ccc(C(=N)NC(=O)OC)cc3)C(=O)O2)CC1,2.0,C21H29N5O6,447.49
CHEMBL310160,BIPENAMOL,NCc1ccccc1Sc1ccccc1CO,2.0,C14H15NOS,245.35
CHEMBL421701,DITHIAZANINE IODIDE,CCN1/C(=C/C=C/C=C/c2sc3ccccc3[n+]2CC)Sc2ccccc21.[I-],4.0,C23H23IN2S2,518.49
CHEMBL311300,PELDESINE,Nc1nc2c(Cc3cccnc3)c[nH]c2c(=O)[nH]1,2.0,C12H11N5O,241.25
CHEMBL311498,CIANIDANOL,Oc1cc(O)c2c(c1)O[C@H](c1ccc(O)c(O)c1)[C@@H](O)C2,4.0,C15H14O6,290.27
CHEMBL82663,SIBENADET,O=c1[nH]c2c(O)ccc(CCNCCS(=O)(=O)CCCOCCc3ccccc3)c2s1,2.0,C22H28N2O5S2,464.61
CHEMBL279115,PHORBOL MYRISTATE ACETATE,CCCCCCCCCCCCCC(=O)O[C@@H]1[C@@H](C)[C@@]2(O)[C@@H](C=C(CO)C[C@]3(O)C(=O)C(C)=C[C@@H]23)[C@@H]2C(C)(C)[C@]12OC(C)=O,2.0,C36H56O8,616.84
CHEMBL311206,DALCOTIDINE,CCNC(=O)NCCCOc1cccc(CN2CCCCC2)c1,2.0,C18H29N3O2,319.45
CHEMBL420762,MOZAVAPTAN,Cc1ccccc1C(=O)Nc1ccc(C(=O)N2CCCC(N(C)C)c3ccccc32)cc1,4.0,C27H29N3O2,427.55
CHEMBL79834,SPIRAMIDE,O=C1NCN(c2ccccc2)C12CCN(CCCOc1ccc(F)cc1)CC2,2.0,C22H26FN3O2,383.47
CHEMBL310671,SACCHARIN,O=C1NS(=O)(=O)c2ccccc21,3.0,C7H5NO3S,183.19
CHEMBL79261,DU 125530,O=C1c2ccccc2S(=O)(=O)N1CCCCN1CCN(c2cc(Cl)cc3c2OCCO3)CC1,2.0,C23H26ClN3O5S,492.00
CHEMBL312040,ETONITAZENE,CCOc1ccc(Cc2nc3cc([N+](=O)[O-])ccc3n2CCN(CC)CC)cc1,2.0,C22H28N4O3,396.49
CHEMBL79280,BATABULIN,COc1ccc(NS(=O)(=O)c2c(F)c(F)c(F)c(F)c2F)cc1F,2.0,C13H7F6NO3S,371.26
CHEMBL83894,FANANSERIN,O=S1(=O)c2cccc3cccc(c23)N1CCCN1CCN(c2ccc(F)cc2)CC1,2.0,C23H24FN3O2S,425.53
CHEMBL82700,STRINOLINE,c1ccc2c(c1)ncc1ncnnc12,2.0,C10H6N4,182.19
CHEMBL1051,LATANOPROST,CC(C)OC(=O)CCC/C=C\C[C@@H]1[C@@H](CC[C@@H](O)CCc2ccccc2)[C@H](O)C[C@@H]1O,4.0,C26H40O5,432.60
CHEMBL312443,GABOXADOL,Oc1noc2c1CCNC2,3.0,C6H8N2O2,140.14
CHEMBL84446,FIDARESTAT,NC(=O)[C@@H]1C[C@]2(NC(=O)NC2=O)c2cc(F)ccc2O1,2.0,C12H10FN3O4,279.23
CHEMBL84158,TIAPRIDE,CCN(CC)CCNC(=O)c1cc(S(C)(=O)=O)ccc1OC,3.0,C15H24N2O4S,328.43
CHEMBL311981,FAMIRAPRINIUM,Cc1cc(-c2ccccc2)n[n+](CCCC(=O)O)c1N,2.0,C15H18N3O2+,272.33
CHEMBL83906,IODOALPHIONIC ACID,O=C(O)C(Cc1cc(I)c(O)c(I)c1)c1ccccc1,2.0,C15H12I2O3,494.07
CHEMBL440135,PARAPROPAMOL,CCC(=O)Nc1ccc(O)cc1,2.0,C9H11NO2,165.19
CHEMBL83668,TOLNAFTATE,Cc1cccc(N(C)C(=S)Oc2ccc3ccccc3c2)c1,3.0,C19H17NOS,307.42
CHEMBL315338,RACEPHENICOL,CS(=O)(=O)c1ccc(C(O)C(CO)NC(=O)C(Cl)Cl)cc1,2.0,C12H15Cl2NO5S,356.23
CHEMBL1054,TRICHLORMETHIAZIDE,NS(=O)(=O)c1cc2c(cc1Cl)NC(C(Cl)Cl)NS2(=O)=O,4.0,C8H8Cl3N3O4S2,380.66
CHEMBL84011,NIFURTHIAZOLE,O=CNNc1nc(-c2ccc([N+](=O)[O-])o2)cs1,2.0,C8H6N4O4S,254.23
CHEMBL1055,CHLORTHALIDONE,NS(=O)(=O)c1cc(C2(O)NC(=O)c3ccccc32)ccc1Cl,4.0,C14H11ClN2O4S,338.77
CHEMBL82202,PYRIDOXAL PHOSPHATE ANHYDROUS,Cc1ncc(COP(=O)(O)O)c(C=O)c1O,3.0,C8H10NO6P,247.14
CHEMBL316157,CEPHALORIDINE,O=C(Cc1cccs1)N[C@@H]1C(=O)N2C(C(=O)[O-])=C(C[n+]3ccccc3)CS[C@H]12,4.0,C19H17N3O4S2,415.50
CHEMBL1057,FLUORESCEIN,O=C1OC2(c3ccc(O)cc3Oc3cc(O)ccc32)c2ccccc21,4.0,C20H12O5,332.31
CHEMBL313842,ZARDAVERINE,COc1cc(-c2ccc(=O)[nH]n2)ccc1OC(F)F,2.0,C12H10F2N2O3,268.22
CHEMBL82519,PRIMAPERONE,O=C(CCCN1CCCCC1)c1ccc(F)cc1,2.0,C15H20FNO,249.33
CHEMBL85164,CAMOSTAT MESILATE,CN(C)C(=O)COC(=O)Cc1ccc(OC(=O)c2ccc(NC(=N)N)cc2)cc1.CS(=O)(=O)O,3.0,C21H26N4O8S,494.53
CHEMBL85398,THIAZOLIDINEDIONE,O=C1CSC(=O)N1,3.0,C3H3NO2S,117.13
CHEMBL85959,ENAZADREM,Cc1nc(NCCCCCCc2ccccc2)nc(C)c1O,2.0,C18H25N3O,299.42
CHEMBL316040,TEPOXALIN,COc1ccc(-n2nc(CCC(=O)N(C)O)cc2-c2ccc(Cl)cc2)cc1,2.0,C20H20ClN3O3,385.85
CHEMBL314338,LINETASTINE,CCOC(=O)Oc1ccc(/C=C/C=C/C(=O)NCCN2CCC(OC(c3ccccc3)c3ccccc3)CC2)cc1OC,2.0,C35H40N2O6,584.71
CHEMBL316004,LENPERONE,O=C(CCCN1CCC(C(=O)c2ccc(F)cc2)CC1)c1ccc(F)cc1,2.0,C22H23F2NO2,371.43
CHEMBL1059,PREGABALIN,CC(C)C[C@H](CN)CC(=O)O,4.0,C8H17NO2,159.23
CHEMBL1060,"SODIUM PHOSPHATE, DIBASIC, ANHYDROUS",O=P([O-])([O-])O.[Na+].[Na+],4.0,HNa2O4P,141.96
CHEMBL84617,TREFENTANIL,CCC(=O)N(c1ccccc1F)C1(c2ccccc2)CCN(CCn2nnn(CC)c2=O)CC1,2.0,C25H31FN6O2,466.56
CHEMBL85140,PROTHEOBROMINE,CC(O)Cn1c(=O)c2c(ncn2C)n(C)c1=O,2.0,C10H14N4O3,238.25
CHEMBL311948,LOMIFYLLINE,CC(=O)CCCCn1cnc2c1c(=O)n(C)c(=O)n2C,2.0,C13H18N4O3,278.31
CHEMBL83626,SUCCINOBUCOL,CC(C)(Sc1cc(C(C)(C)C)c(O)c(C(C)(C)C)c1)Sc1cc(C(C)(C)C)c(OC(=O)CCC(=O)O)c(C(C)(C)C)c1,3.0,C35H52O5S2,616.93
CHEMBL83520,LOSOXANTRONE,O=C1c2c(O)cccc2-c2nn(CCNCCO)c3ccc(NCCNCCO)c1c23,2.0,C22H27N5O4,425.49
CHEMBL83527,PTEROSTILBENE,COc1cc(/C=C/c2ccc(O)cc2)cc(OC)c1,2.0,C16H16O3,256.30
CHEMBL84567,TRACAZOLATE,CCCCNc1c(C(=O)OCC)c(C)nc2c1cnn2CC,2.0,C16H24N4O2,304.39
CHEMBL312862,DEMECOLCINE,CN[C@H]1CCc2cc(OC)c(OC)c(OC)c2-c2ccc(OC)c(=O)cc21,2.0,C21H25NO5,371.43
CHEMBL83628,CHROMOCARB,O=C(O)c1cc(=O)c2ccccc2o1,2.0,C10H6O4,190.15
CHEMBL1064,SIMVASTATIN,CCC(C)(C)C(=O)O[C@H]1C[C@@H](C)C=C2C=C[C@H](C)[C@H](CC[C@@H]3C[C@@H](O)CC(=O)O3)[C@H]21,4.0,C25H38O5,418.57
CHEMBL83063,RITODRINE,CC(NCCc1ccc(O)cc1)C(O)c1ccc(O)cc1,4.0,C17H21NO3,287.36
CHEMBL1065,METHYSERGIDE,CC[C@@H](CO)NC(=O)[C@@H]1C=C2c3cccc4c3c(cn4C)C[C@H]2N(C)C1,4.0,C21H27N3O2,353.47
CHEMBL314010,BEVANTOLOL,COc1ccc(CCNCC(O)COc2cccc(C)c2)cc1OC,2.0,C20H27NO4,345.44
CHEMBL87563,GABEXATE,CCOC(=O)c1ccc(OC(=O)CCCCCNC(=N)N)cc1,3.0,C16H23N3O4,321.38
CHEMBL441809,DIPRAFENONE,CCC(C)(C)NCC(O)COc1ccccc1C(=O)CCc1ccccc1,2.0,C23H31NO3,369.50
CHEMBL1067,LICARBAZEPINE,NC(=O)N1c2ccccc2CC(O)c2ccccc21,3.0,C15H14N2O2,254.29
CHEMBL1068,OXCARBAZEPINE,NC(=O)N1c2ccccc2CC(=O)c2ccccc21,4.0,C15H12N2O2,252.27
CHEMBL1069,VALSARTAN,CCCCC(=O)N(Cc1ccc(-c2ccccc2-c2nnn[nH]2)cc1)[C@H](C(=O)O)C(C)C,4.0,C24H29N5O3,435.53
CHEMBL315838,ENCAINIDE,COc1ccc(C(=O)Nc2ccccc2CCC2CCCCN2C)cc1,4.0,C22H28N2O2,352.48
CHEMBL86882,ETILEFRINE,CCNCC(O)c1cccc(O)c1,2.0,C10H15NO2,181.24
CHEMBL86304,MOCLOBEMIDE,O=C(NCCN1CCOCC1)c1ccc(Cl)cc1,4.0,C13H17ClN2O2,268.74
CHEMBL85231,MEDIFOXAMINE,CN(C)CC(Oc1ccccc1)Oc1ccccc1,4.0,C16H19NO2,257.33
CHEMBL313155,NEOTETRAZOLIUM CHLORIDE,[Cl-].[Cl-].c1ccc(-c2nn(-c3ccccc3)[n+](-c3ccc(-c4ccc(-[n+]5nc(-c6ccccc6)nn5-c5ccccc5)cc4)cc3)n2)cc1,1.0,C38H28Cl2N8,667.60
CHEMBL1070,NABUMETONE,COc1ccc2cc(CCC(C)=O)ccc2c1,4.0,C15H16O2,228.29
CHEMBL87543,LORCAINIDE,CC(C)N1CCC(N(C(=O)Cc2ccccc2)c2ccc(Cl)cc2)CC1,2.0,C22H27ClN2O,370.92
CHEMBL1071,OXAPROZIN,O=C(O)CCc1nc(-c2ccccc2)c(-c2ccccc2)o1,4.0,C18H15NO3,293.32
CHEMBL86749,MABUTEROL,CC(C)(C)NCC(O)c1cc(Cl)c(N)c(C(F)(F)F)c1,2.0,C13H18ClF3N2O,310.75
CHEMBL315021,FORASARTAN,CCCCc1nc(CCCC)n(Cc2ccc(-c3ccccc3-c3nnn[nH]3)nc2)n1,2.0,C23H28N8,416.53
CHEMBL314437,MEPTAZINOL,CCC1(c2cccc(O)c2)CCCCN(C)C1,4.0,C15H23NO,233.35
CHEMBL86715,PROCYCLIDINE,OC(CCN1CCCC1)(c1ccccc1)C1CCCCC1,4.0,C19H29NO,287.45
CHEMBL86754,IODOQUINOL,Oc1c(I)cc(I)c2cccnc12,2.0,C9H5I2NO,396.95
CHEMBL87697,EPANOLOL,N#Cc1ccccc1OCC(O)CNCCNC(=O)Cc1ccc(O)cc1,2.0,C20H23N3O4,369.42
CHEMBL1072,BUMETANIDE,CCCCNc1cc(C(=O)O)cc(S(N)(=O)=O)c1Oc1ccccc1,4.0,C17H20N2O5S,364.42
CHEMBL1073,GLIPIZIDE,Cc1cnc(C(=O)NCCc2ccc(S(=O)(=O)NC(=O)NC3CCCCC3)cc2)cn1,4.0,C21H27N5O4S,445.55
CHEMBL87708,LOFEPRAMINE,CN(CCCN1c2ccccc2CCc2ccccc21)CC(=O)c1ccc(Cl)cc1,4.0,C26H27ClN2O,418.97
CHEMBL87223,AMINOQUINURIDE,Cc1cc(N)c2cc(NC(=O)Nc3ccc4nc(C)cc(N)c4c3)ccc2n1,2.0,C21H20N6O,372.43
CHEMBL87493,FENFLURAMINE,CCNC(C)Cc1cccc(C(F)(F)F)c1,4.0,C12H16F3N,231.26
CHEMBL315795,CLOMETHIAZOLE,Cc1ncsc1CCCl,4.0,C6H8ClNS,161.66
CHEMBL315985,ESLICARBAZEPINE,NC(=O)N1c2ccccc2C[C@H](O)c2ccccc21,4.0,C15H14N2O2,254.29
CHEMBL1075,MORICIZINE,CCOC(=O)Nc1ccc2c(c1)N(C(=O)CCN1CCOCC1)c1ccccc1S2,4.0,C22H25N3O4S,427.53
CHEMBL87045,CIFENLINE,c1ccc(C2(c3ccccc3)CC2C2=NCCN2)cc1,2.0,C18H18N2,262.36
CHEMBL87992,ESLICARBAZEPINE ACETATE,CC(=O)O[C@H]1Cc2ccccc2N(C(N)=O)c2ccccc21,4.0,C17H16N2O3,296.33
CHEMBL313302,TRIAZIQUONE,O=C1C=C(N2CC2)C(=O)C(N2CC2)=C1N1CC1,2.0,C12H13N3O2,231.25
CHEMBL443014,CARBOQUONE,COC(COC(N)=O)C1=C(N2CC2)C(=O)C(C)=C(N2CC2)C1=O,2.0,C15H19N3O5,321.33
CHEMBL88055,RIMITEROL,Oc1ccc(C(O)C2CCCCN2)cc1O,2.0,C12H17NO3,223.27
CHEMBL1077,BROMFENAC,Nc1c(CC(=O)O)cccc1C(=O)c1ccc(Br)cc1,4.0,C15H12BrNO3,334.17
CHEMBL1079,TIZANIDINE,Clc1ccc2nsnc2c1NC1=NCCN1,4.0,C9H8ClN5S,253.72
CHEMBL313458,CARSATRIN,OC(CSc1ncnc2[nH]cnc12)CN1CCN(C(c2ccc(F)cc2)c2ccc(F)cc2)CC1,2.0,C25H26F2N6OS,496.59
CHEMBL313006,DALCETRAPIB,CCC(CC)CC1(C(=O)Nc2ccccc2SC(=O)C(C)C)CCCCC1,3.0,C23H35NO2S,389.61
CHEMBL85074,MERIBENDAN,CC1CC(=O)NN=C1c1ccc2[nH]c(-c3cc[nH]n3)nc2c1,2.0,C15H14N6O,294.32
CHEMBL313136,SIMENDAN,CC1CC(=O)NN=C1c1ccc(NN=C(C#N)C#N)cc1,2.0,C14H12N6O,280.29
CHEMBL316197,SANFETRINEM,CO[C@H]1CCC[C@H]2C1=C(C(=O)O)N1C(=O)[C@H]([C@@H](C)O)[C@@H]21,2.0,C14H19NO5,281.31
CHEMBL313971,ZUCAPSAICIN,COc1cc(CNC(=O)CCCC/C=C\C(C)C)ccc1O,3.0,C18H27NO3,305.42
CHEMBL419667,RELCOVAPTAN,COc1ccc(S(=O)(=O)N2c3ccc(Cl)cc3[C@](O)(c3ccccc3Cl)[C@@H]2C(=O)N2CCC[C@H]2C(N)=O)cc1OC,2.0,C28H27Cl2N3O7S,620.51
CHEMBL89598,VIGABATRIN,C=CC(N)CCC(=O)O,4.0,C6H11NO2,129.16
CHEMBL89705,TALLIMUSTINE,Cn1cc(NC(=O)c2cc(NC(=O)c3cc(NC(=O)c4ccc(N(CCCl)CCCl)cc4)cn3C)cn2C)cc1C(=O)NCCC(=N)N,2.0,C32H38Cl2N10O4,697.63
CHEMBL90555,VINCRISTINE,CC[C@]1(O)C[C@H]2CN(CCc3c([nH]c4ccccc34)[C@@](C(=O)OC)(c3cc4c(cc3OC)N(C=O)[C@H]3[C@@](O)(C(=O)OC)[C@H](OC(C)=O)[C@]5(CC)C=CCN6CC[C@]43[C@@H]65)C2)C1,4.0,C46H56N4O10,824.97
CHEMBL87728,ELAROFIBAN,O=C(O)C[C@H](NC(=O)[C@@H]1CCCN(C(=O)CCC2CCNCC2)C1)c1cccnc1,2.0,C22H32N4O4,416.52
CHEMBL1082,AMOXICILLIN,CC1(C)S[C@@H]2[C@H](NC(=O)[C@H](N)c3ccc(O)cc3)C(=O)N2[C@H]1C(=O)O,4.0,C16H19N3O5S,365.41
CHEMBL90214,TICOLUBANT,O=C(O)/C=C/c1nc(CSc2c(Cl)cccc2Cl)ccc1OCCc1ccccc1,2.0,C23H19Cl2NO3S,460.38
CHEMBL90983,TERAMEPROCOL,COc1ccc(C[C@@H](C)[C@@H](C)Cc2ccc(OC)c(OC)c2)cc1OC,2.0,C22H30O4,358.48
CHEMBL329123,ETALOCIB,CCCc1c(OCCCOc2cc(O)c(-c3ccc(F)cc3)cc2CC)cccc1Oc1ccccc1C(=O)O,2.0,C33H33FO6,544.62
CHEMBL90564,MIDAFOTEL,O=C(O)[C@H]1CN(C/C=C/P(=O)(O)O)CCN1,2.0,C8H15N2O5P,250.19
CHEMBL88240,ALNIDITAN,c1ccc2c(c1)CC[C@H](CNCCCNC1=NCCCN1)O2,2.0,C17H26N4O,302.42
CHEMBL89326,MOXILUBANT,COc1cc(C(=O)N(C(C)C)C(C)C)ccc1OCCCCCOc1ccc(C(=N)N)cc1,2.0,C26H37N3O4,455.60
CHEMBL313972,MASOPROCOL,C[C@H](Cc1ccc(O)c(O)c1)[C@@H](C)Cc1ccc(O)c(O)c1,4.0,C18H22O4,302.37
CHEMBL88712,VELIFLAPON,O=C(O)[C@@H](c1ccc(OCc2ccc3ccccc3n2)cc1)C1CCCC1,3.0,C23H23NO3,361.44
CHEMBL315108,AZUMOLENE,O=C1CN(/N=C/c2ncc(-c3ccc(Br)cc3)o2)C(=O)N1,2.0,C13H9BrN4O3,349.14
CHEMBL314854,FINGOLIMOD,CCCCCCCCc1ccc(CCC(N)(CO)CO)cc1,4.0,C19H33NO2,307.48
CHEMBL91829,RUBOXISTAURIN,CN(C)C[C@@H]1CCn2cc(c3ccccc32)C2=C(C(=O)NC2=O)c2cn(c3ccccc23)CCO1,3.0,C28H28N4O3,468.56
CHEMBL88990,NITRAQUAZONE,CCn1c(=O)c2ccccc2n(-c2cccc([N+](=O)[O-])c2)c1=O,2.0,C16H13N3O4,311.30
CHEMBL92484,APTIGANEL,CCc1cccc(N(C)C(=N)Nc2cccc3ccccc23)c1,2.0,C20H21N3,303.41
CHEMBL88153,CDC-801,COc1ccc(C(CC(N)=O)N2C(=O)c3ccccc3C2=O)cc1OC1CCCC1,2.0,C23H24N2O5,408.45
CHEMBL88691,PIROLATE,CCOC(=O)c1nc(=O)c2cc3cc(OC)c(OC)cc3nc2[nH]1,2.0,C16H15N3O5,329.31
CHEMBL91397,RUPATADINE,Cc1cncc(CN2CCC(=C3c4ccc(Cl)cc4CCc4cccnc43)CC2)c1,4.0,C26H26ClN3,415.97
CHEMBL1085,ACETOPHENAZINE,CC(=O)c1ccc2c(c1)N(CCCN1CCN(CCO)CC1)c1ccccc1S2,4.0,C23H29N3O2S,411.57
CHEMBL1086,DIBUCAINE,CCCCOc1cc(C(=O)NCCN(CC)CC)c2ccccc2n1,4.0,C20H29N3O2,343.47
CHEMBL1087,MEPIVACAINE,Cc1cccc(C)c1NC(=O)C1CCCCN1C,4.0,C15H22N2O,246.35
CHEMBL1088,MESORIDAZINE,CN1CCCCC1CCN1c2ccccc2Sc2ccc([S+](C)[O-])cc21,4.0,C21H26N2OS2,386.59
CHEMBL1089,PHENELZINE,NNCCc1ccccc1,4.0,C8H12N2,136.20
CHEMBL94007,ETHACRIDINE,CCOc1ccc2nc3cc(N)ccc3c(N)c2c1,2.0,C15H15N3O,253.30
CHEMBL1090,VIDARABINE,Nc1ncnc2c1ncn2[C@@H]1O[C@H](CO)[C@@H](O)[C@@H]1O,4.0,C10H13N5O4,267.25
CHEMBL92501,CIZOLIRTINE,CN(C)CCOC(c1ccccc1)c1ccnn1C,2.0,C15H21N3O,259.35
CHEMBL90593,PRASTERONE,C[C@]12CC[C@H](O)CC1=CC[C@@H]1[C@@H]2CC[C@]2(C)C(=O)CC[C@@H]12,4.0,C19H28O2,288.43
CHEMBL93747,NETOGLITAZONE,O=C1NC(=O)C(Cc2ccc3cc(OCc4ccccc4F)ccc3c2)S1,2.0,C21H16FNO3S,381.43
CHEMBL421556,ACETIAMINE,CC(=O)OCC/C(SC(C)=O)=C(/C)N(C=O)Cc1cnc(C)nc1N,2.0,C16H22N4O4S,366.44
CHEMBL93070,ALLOMETHADIONE,C=CCN1C(=O)OC(C)C1=O,2.0,C7H9NO3,155.15
CHEMBL1091,HYDROCORTISONE ACETATE,CC(=O)OCC(=O)[C@@]1(O)CC[C@H]2[C@@H]3CCC4=CC(=O)CC[C@]4(C)[C@H]3[C@@H](O)C[C@@]21C,4.0,C23H32O6,404.50
CHEMBL1092,TRIHEXYPHENIDYL HYDROCHLORIDE,Cl.OC(CCN1CCCCC1)(c1ccccc1)C1CCCCC1,4.0,C20H32ClNO,337.94
CHEMBL92444,NIDROXYZONE,NC(=O)N(CCO)/N=C/c1ccc([N+](=O)[O-])o1,2.0,C8H10N4O5,242.19
CHEMBL1093,ARTICAINE,CCCNC(C)C(=O)Nc1c(C)csc1C(=O)OC,4.0,C13H20N2O3S,284.38
CHEMBL93298,AROTINOLOL,CC(C)(C)NCC(O)CSc1nc(-c2ccc(C(N)=O)s2)cs1,3.0,C15H21N3O2S3,371.55
CHEMBL93309,FLUORESONE,CCS(=O)(=O)c1ccc(F)cc1,2.0,C8H9FO2S,188.22
CHEMBL1094,FELBAMATE,NC(=O)OCC(COC(N)=O)c1ccccc1,4.0,C11H14N2O4,238.24
CHEMBL1095,ETHOTOIN,CCN1C(=O)NC(c2ccccc2)C1=O,4.0,C11H12N2O2,204.23
CHEMBL93218,PHETHARBITAL,CCC1(CC)C(=O)NC(=O)N(c2ccccc2)C1=O,2.0,C14H16N2O3,260.29
CHEMBL93124,PITTSBURGH COMPOUND B UNLABELLED,CNc1ccc(-c2nc3ccc(O)cc3s2)cc1,2.0,C14H12N2OS,256.33
CHEMBL329901,AMOLANONE,CCN(CC)CCC1(c2ccccc2)C(=O)Oc2ccccc21,2.0,C20H23NO2,309.41
CHEMBL1096,AMLEXANOX,CC(C)c1ccc2oc3nc(N)c(C(=O)O)cc3c(=O)c2c1,4.0,C16H14N2O4,298.30
CHEMBL1097,ACECAINIDE,CCN(CC)CCNC(=O)c1ccc(NC(C)=O)cc1,2.0,C15H23N3O2,277.37
CHEMBL93645,ACECLOFENAC,O=C(O)COC(=O)Cc1ccccc1Nc1c(Cl)cccc1Cl,2.0,C16H13Cl2NO4,354.19
CHEMBL93385,AMOSCANATE,O=[N+]([O-])c1ccc(Nc2ccc(N=C=S)cc2)cc1,2.0,C13H9N3O2S,271.30
CHEMBL92590,ACETAMINOSALOL,CC(=O)Nc1ccc(OC(=O)c2ccccc2O)cc1,2.0,C15H13NO4,271.27
CHEMBL94192,AMPHOTALIDE,Nc1ccc(OCCCCCN2C(=O)c3ccccc3C2=O)cc1,2.0,C19H20N2O3,324.38
CHEMBL93077,ADRAFINIL,O=C(C[S+]([O-])C(c1ccccc1)c1ccccc1)NO,2.0,C15H15NO3S,289.36
CHEMBL94113,LOTRIFEN,Clc1ccc(-c2nc3c4ccccc4ccn3n2)cc1,2.0,C16H10ClN3,279.73
CHEMBL329203,CYCLOPENTAMINE,CNC(C)CC1CCCC1,2.0,C9H19N,141.26
CHEMBL91238,IPROCLOZIDE,CC(C)NNC(=O)COc1ccc(Cl)cc1,2.0,C11H15ClN2O2,242.71
CHEMBL93836,VALPROMIDE,CCCC(CCC)C(N)=O,2.0,C8H17NO,143.23
CHEMBL94081,ALCLOFENAC,C=CCOc1ccc(CC(=O)O)cc1Cl,4.0,C11H11ClO3,226.66
CHEMBL92401,IPRONIAZID,CC(C)NNC(=O)c1ccncc1,4.0,C9H13N3O,179.22
CHEMBL92870,LIDOFLAZINE,Cc1cccc(C)c1NC(=O)CN1CCN(CCCC(c2ccc(F)cc2)c2ccc(F)cc2)CC1,2.0,C30H35F2N3O,491.63
CHEMBL327235,ALBUTOIN,C=CCN1C(=O)C(CC(C)C)NC1=S,2.0,C10H16N2OS,212.32
CHEMBL93885,NIMIDANE,Cc1cc(Cl)ccc1N=C1SCS1,2.0,C9H8ClNS2,229.76
CHEMBL315877,SUCLOFENIDE,NS(=O)(=O)c1ccc(N2C(=O)CC(c3ccccc3)C2=O)c(Cl)c1,2.0,C16H13ClN2O4S,364.81
CHEMBL1098,BUPIVACAINE,CCCCN1CCCCC1C(=O)Nc1c(C)cccc1C,4.0,C18H28N2O,288.44
CHEMBL93233,CINROMIDE,CCNC(=O)/C=C/c1cccc(Br)c1,2.0,C11H12BrNO,254.13
CHEMBL327407,ETEROBARB,CCC1(c2ccccc2)C(=O)N(COC)C(=O)N(COC)C1=O,2.0,C16H20N2O5,320.35
CHEMBL1099,DIMETHADIONE,CC1(C)OC(=O)NC1=O,2.0,C5H7NO3,129.11
CHEMBL94127,METHETOIN,CCC1(c2ccccc2)C(=O)NC(=O)N1C,2.0,C12H14N2O2,218.26
CHEMBL93268,SODIUM NITRITE,O=N[O-].[Na+],4.0,NNaO2,69.00
CHEMBL1100,PARAMETHADIONE,CCC1(C)OC(=O)N(C)C1=O,4.0,C7H11NO3,157.17
CHEMBL92915,AMINOPENTAMIDE SULFATE,CC(CC(C(N)=O)(c1ccccc1)c1ccccc1)N(C)C,2.0,C19H24N2O,296.41
CHEMBL1101,BIPERIDEN,OC(CCN1CCCCC1)(c1ccccc1)C1CC2C=CC1C2,4.0,C21H29NO,311.47
CHEMBL91688,DECIMEMIDE,CCCCCCCCCCOc1c(OC)cc(C(N)=O)cc1OC,2.0,C19H31NO4,337.46
CHEMBL94087,GLYBUTHIAZOL,CC(C)(C)c1nnc(NS(=O)(=O)c2ccc(N)cc2)s1,2.0,C12H16N4O2S2,312.42
CHEMBL328560,SULTHIAME,NS(=O)(=O)c1ccc(N2CCCCS2(=O)=O)cc1,4.0,C10H14N2O4S2,290.37
CHEMBL1102,GLUTETHIMIDE,CCC1(c2ccccc2)CCC(=O)NC1=O,4.0,C13H15NO2,217.27
CHEMBL1103,FURAZOLIDONE,O=C1OCCN1/N=C/c1ccc([N+](=O)[O-])o1,4.0,C8H7N3O5,225.16
CHEMBL92281,FLUACIZINE,CCN(CC)CCC(=O)N1c2ccccc2Sc2ccc(C(F)(F)F)cc21,2.0,C20H21F3N2OS,394.46
CHEMBL96292,IMPROSULFAN,CS(=O)(=O)OCCCNCCCOS(C)(=O)=O,2.0,C8H19NO6S2,289.38
CHEMBL96868,DIETHADIONE,CCC1(CC)COC(=O)NC1=O,2.0,C8H13NO3,171.20
CHEMBL1104,EDROPHONIUM,CC[N+](C)(C)c1cccc(O)c1,4.0,C10H16NO+,166.24
CHEMBL328250,ADINAZOLAM,CN(C)Cc1nnc2n1-c1ccc(Cl)cc1C(c1ccccc1)=NC2,2.0,C19H18ClN5,351.84
CHEMBL92974,DOXENITOIN,O=C1NCNC1(c1ccccc1)c1ccccc1,2.0,C15H14N2O,238.29
CHEMBL91704,K-777,CN1CCN(C(=O)N[C@@H](Cc2ccccc2)C(=O)N[C@H](/C=C/S(=O)(=O)c2ccccc2)CCc2ccccc2)CC1,2.0,C32H38N4O4S,574.75
CHEMBL413965,FELBINAC,O=C(O)Cc1ccc(-c2ccccc2)cc1,4.0,C14H12O2,212.25
CHEMBL1106,EPINASTINE,NC1=NCC2c3ccccc3Cc3ccccc3N12,4.0,C16H15N3,249.32
CHEMBL1107,HALOFANTRINE,CCCCN(CCCC)CCC(O)c1cc2c(Cl)cc(Cl)cc2c2cc(C(F)(F)F)ccc12,4.0,C26H30Cl2F3NO,500.43
CHEMBL1108,DROPERIDOL,O=C(CCCN1CC=C(n2c(=O)[nH]c3ccccc32)CC1)c1ccc(F)cc1,4.0,C22H22FN3O2,379.44
CHEMBL94454,MIZOLASTINE,CN(c1nccc(=O)[nH]1)C1CCN(c2nc3ccccc3n2Cc2ccc(F)cc2)CC1,4.0,C24H25FN6O,432.50
CHEMBL94657,PATUPILONE,C/C(=C\c1csc(C)n1)[C@@H]1C[C@@H]2O[C@]2(C)CCC[C@H](C)[C@H](O)[C@@H](C)C(=O)C(C)(C)[C@@H](O)CC(=O)O1,3.0,C27H41NO6S,507.69
CHEMBL96172,EPOTHILONE D,C/C1=C/C[C@@H](/C(C)=C/c2csc(C)n2)OC(=O)C[C@H](O)C(C)(C)C(=O)[C@H](C)[C@@H](O)[C@@H](C)CCC1,2.0,C27H41NO5S,491.69
CHEMBL96153,TERIKALANT,COc1ccc(C2CCN(CC[C@H]3CCOc4ccccc43)CC2)cc1OC,2.0,C24H31NO3,381.52
CHEMBL96783,XYLITOL,OC[C@@H](O)[C@H](O)[C@@H](O)CO,3.0,C5H12O5,152.15
CHEMBL1109,SULFAPHENAZOLE,Nc1ccc(S(=O)(=O)Nc2ccnn2-c2ccccc2)cc1,4.0,C15H14N4O2S,314.37
CHEMBL1110,ALOSETRON,Cc1[nH]cnc1CN1CCc2c(c3ccccc3n2C)C1=O,4.0,C17H18N4O,294.36
CHEMBL94394,BUFEXAMAC,CCCCOc1ccc(CC(=O)NO)cc1,4.0,C12H17NO3,223.27
CHEMBL316561,PROGLUMIDE,CCCN(CCC)C(=O)C(CCC(=O)O)NC(=O)c1ccccc1,4.0,C18H26N2O4,334.42
CHEMBL323357,FENHARMANE,c1ccc(CC2NCCc3c2[nH]c2ccccc32)cc1,2.0,C18H18N2,262.36
CHEMBL329012,ICOPEZIL MALEATE,O=C(O)/C=C\C(=O)O.O=C1Cc2cc3c(CCC4CCN(Cc5ccccc5)CC4)noc3cc2N1,2.0,C27H29N3O6,491.54
CHEMBL94739,FEMOXETINE,COc1ccc(OC[C@H]2CN(C)CC[C@@H]2c2ccccc2)cc1,2.0,C20H25NO2,311.43
CHEMBL1111,AMBRISENTAN,COC(c1ccccc1)(c1ccccc1)[C@H](Oc1nc(C)cc(C)n1)C(=O)O,4.0,C22H22N2O4,378.43
CHEMBL98123,PAPAVERINE HYDROCHLORIDE,COc1ccc(Cc2nccc3cc(OC)c(OC)cc23)cc1OC.Cl,2.0,C20H22ClNO4,375.85
CHEMBL430497,TEBANICLINE,Clc1ccc(OC[C@H]2CCN2)cn1,2.0,C9H11ClN2O,198.65
CHEMBL93240,METITEPINE,CSc1ccc2c(c1)C(N1CCN(C)CC1)Cc1ccccc1S2,2.0,C20H24N2S2,356.56
CHEMBL1112,ARIPIPRAZOLE,O=C1CCc2ccc(OCCCCN3CCN(c4cccc(Cl)c4Cl)CC3)cc2N1,4.0,C23H27Cl2N3O2,448.39
CHEMBL1113,AMOXAPINE,Clc1ccc2c(c1)C(N1CCNCC1)=Nc1ccccc1O2,4.0,C17H16ClN3O,313.79
CHEMBL1114,THEOBROMINE,Cn1cnc2c1c(=O)[nH]c(=O)n2C,3.0,C7H8N4O2,180.17
CHEMBL95067,DISULERGINE,CN1C[C@@H](NS(=O)(=O)N(C)C)C[C@@H]2c3cccc4[nH]cc(c34)C[C@H]21,2.0,C17H24N4O2S,348.47
CHEMBL1115,PYRIDOSTIGMINE,CN(C)C(=O)Oc1ccc[n+](C)c1,4.0,C9H13N2O2+,181.22
CHEMBL97137,ROBENIDINE,N=C(N/N=C/c1ccc(Cl)cc1)N/N=C/c1ccc(Cl)cc1,2.0,C15H13Cl2N5,334.21
CHEMBL321993,ARPRINOCID,Nc1ncnc2c1ncn2Cc1c(F)cccc1Cl,2.0,C12H9ClFN5,277.69
CHEMBL95431,CARBOXYAMIDOTRIAZOLE,NC(=O)c1nnn(Cc2cc(Cl)c(C(=O)c3ccc(Cl)cc3)c(Cl)c2)c1N,3.0,C17H12Cl3N5O2,424.68
CHEMBL1116,RALOXIFENE HYDROCHLORIDE,Cl.O=C(c1ccc(OCCN2CCCCC2)cc1)c1c(-c2ccc(O)cc2)sc2cc(O)ccc12,4.0,C28H28ClNO4S,510.06
CHEMBL1117,IDARUBICIN,CC(=O)[C@]1(O)Cc2c(O)c3c(c(O)c2[C@@H](O[C@H]2C[C@H](N)[C@H](O)[C@H](C)O2)C1)C(=O)c1ccccc1C3=O,4.0,C26H27NO9,497.50
CHEMBL329091,BESIFOVIR,Nc1ncc2ncn(CC3(OCP(=O)(O)O)CC3)c2n1,3.0,C10H14N5O4P,299.23
CHEMBL100424,PICARTAMIDE,CNC(=S)C1(c2ccccn2)CCCS1,2.0,C11H14N2S2,238.38
CHEMBL95636,TEFLUDAZINE,OCCN1CCN([C@@H]2C[C@@H](c3ccc(F)cc3)c3ccc(C(F)(F)F)cc32)CC1,2.0,C22H24F4N2O,408.44
CHEMBL321582,BUCINDOLOL,CC(C)(Cc1c[nH]c2ccccc12)NCC(O)COc1ccccc1C#N,2.0,C22H25N3O2,363.46
CHEMBL95889,BETAINE,C[N+](C)(C)CC(=O)O,4.0,C5H12NO2+,118.16
CHEMBL97138,TIQUINAMIDE,Cc1cnc2c(c1)CCCC2C(N)=S,2.0,C11H14N2S,206.31
CHEMBL318191,TONABERSAT,CC(=O)c1ccc2c(c1)[C@H](NC(=O)c1ccc(F)c(Cl)c1)[C@H](O)C(C)(C)O2,2.0,C20H19ClFNO4,391.83
CHEMBL95804,SEMATILIDE,CCN(CC)CCNC(=O)c1ccc(NS(C)(=O)=O)cc1,2.0,C14H23N3O3S,313.42
CHEMBL95606,CYTIDINE,Nc1ccn([C@@H]2O[C@H](CO)[C@@H](O)[C@H]2O)c(=O)n1,3.0,C9H13N3O5,243.22
CHEMBL98034,TRESPERIMUS,N=C(N)NCCCCCCNC(=O)COC(=O)NCCCCNCCCN,2.0,C17H37N7O3,387.53
CHEMBL100259,URIDINE,O=c1ccn([C@@H]2O[C@H](CO)[C@@H](O)[C@H]2O)c(=O)[nH]1,3.0,C9H12N2O6,244.20
CHEMBL98664,LUCARTAMIDE,CNC(=S)C1(c2cccc(C)n2)CCCS1,2.0,C12H16N2S2,252.41
CHEMBL1118,DESVENLAFAXINE,CN(C)CC(c1ccc(O)cc1)C1(O)CCCCC1,4.0,C16H25NO2,263.38
CHEMBL322241,TELINAVIR,CC(C)CN(C[C@@H](O)[C@H](Cc1ccccc1)NC(=O)[C@H](CC(N)=O)NC(=O)c1ccc2ccccc2n1)C(=O)NC(C)(C)C,2.0,C33H44N6O5,604.75
CHEMBL99369,PIRIDRONIC ACID,O=P(O)(O)C(Cc1ccccn1)P(=O)(O)O,2.0,C7H11NO6P2,267.11
CHEMBL319144,MINODRONIC ACID,O=P(O)(O)C(O)(Cc1cnc2ccccn12)P(=O)(O)O,4.0,C9H12N2O7P2,322.15
CHEMBL319111,LINOPIRDINE,O=C1N(c2ccccc2)c2ccccc2C1(Cc1ccncc1)Cc1ccncc1,2.0,C26H21N3O,391.47
CHEMBL328628,DAVASAICIN,COc1cc(CC(=O)NCCCc2ccc(C)c(C)c2)ccc1OCCN,2.0,C22H30N2O3,370.49
CHEMBL328190,LASOFOXIFENE,Oc1ccc2c(c1)CC[C@H](c1ccccc1)[C@@H]2c1ccc(OCCN2CCCC2)cc1,4.0,C28H31NO2,413.56
CHEMBL317052,REGADENOSON ANHYDROUS,CNC(=O)c1cnn(-c2nc(N)c3ncn([C@@H]4O[C@H](CO)[C@@H](O)[C@H]4O)c3n2)c1,4.0,C15H18N8O5,390.36
CHEMBL97972,PYRROLNITRIN,O=[N+]([O-])c1c(Cl)cccc1-c1c[nH]cc1Cl,2.0,C10H6Cl2N2O2,257.08
CHEMBL329522,EXIFONE,O=C(c1cc(O)c(O)c(O)c1)c1ccc(O)c(O)c1O,4.0,C13H10O7,278.22
CHEMBL101309,AVASIMIBE,CC(C)c1cc(C(C)C)c(CC(=O)NS(=O)(=O)Oc2c(C(C)C)cccc2C(C)C)c(C(C)C)c1,2.0,C29H43NO4S,501.73
CHEMBL100622,HEXAMETHONIUM,C[N+](C)(C)CCCCCC[N+](C)(C)C,2.0,C12H30N2+2,202.39
CHEMBL318859,ENADOLINE,CN(C(=O)Cc1cccc2occc12)[C@H]1CC[C@@]2(CCCO2)C[C@@H]1N1CCCC1,2.0,C24H32N2O3,396.53
CHEMBL99946,LEVOMILNACIPRAN,CCN(CC)C(=O)[C@@]1(c2ccccc2)C[C@H]1CN,4.0,C15H22N2O,246.35
CHEMBL101284,ENCIPRAZINE,COc1ccccc1N1CCN(CC(O)COc2cc(OC)c(OC)c(OC)c2)CC1,2.0,C23H32N2O6,432.52
CHEMBL100014,AN-9,CCCC(=O)OCOC(=O)C(C)(C)C,2.0,C10H18O4,202.25
CHEMBL103735,ATIPRIMOD,CCCC1(CCC)CCC2(CCN(CCCN(CC)CC)C2)CC1,2.0,C22H44N2,336.61
CHEMBL317094,IMIDAPRIL,CCOC(=O)[C@H](CCc1ccccc1)N[C@@H](C)C(=O)N1C(=O)N(C)C[C@H]1C(=O)O,4.0,C20H27N3O6,405.45
CHEMBL99701,IMIDAPRILAT,C[C@H](N[C@@H](CCc1ccccc1)C(=O)O)C(=O)N1C(=O)N(C)C[C@H]1C(=O)O,2.0,C18H23N3O6,377.40
CHEMBL101253,VATALANIB,Clc1ccc(Nc2nnc(Cc3ccncc3)c3ccccc23)cc1,3.0,C20H15ClN4,346.82
CHEMBL317749,TERBUFICIN,CC(C)(C)c1cc(C(C(=O)O)c2cc(C(C)(C)C)c(O)c(C(C)(C)C)c2)cc(C(C)(C)C)c1O,2.0,C30H44O4,468.68
CHEMBL100116,PENTAZOCINE,CC(C)=CCN1CCC2(C)c3cc(O)ccc3CC1C2C,4.0,C19H27NO,285.43
CHEMBL430488,TALVIRALINE,COc1ccc2c(c1)N(C(=O)OC(C)C)[C@@H](CSC)C(=S)N2,2.0,C15H20N2O3S2,340.47
CHEMBL1123,DICYCLOMINE,CCN(CC)CCOC(=O)C1(C2CCCCC2)CCCCC1,4.0,C19H35NO2,309.49
CHEMBL1126,PENICILLIN G SODIUM,CC1(C)S[C@@H]2[C@H](NC(=O)Cc3ccccc3)C(=O)N2[C@H]1C(=O)[O-].[Na+],4.0,C16H17N2NaO4S,356.38
CHEMBL105184,BIFENDATE,COC(=O)c1cc(OC)c2c(c1-c1c(C(=O)OC)cc(OC)c3c1OCO3)OCO2,1.0,C20H18O10,418.35
CHEMBL319669,PAFURAMIDINE,CONC(=N)c1ccc(-c2ccc(-c3ccc(C(=N)NOC)cc3)o2)cc1,3.0,C20H20N4O3,364.41
CHEMBL322832,LEXIPAFANT,CCOC(=O)[C@H](CC(C)C)N(C)S(=O)(=O)c1ccc(Cn2c(C)nc3cnccc32)cc1,2.0,C23H30N4O4S,458.58
CHEMBL1128,EDROPHONIUM CHLORIDE,CC[N+](C)(C)c1cccc(O)c1.[Cl-],4.0,C10H16ClNO,201.70
CHEMBL103667,DORAMAPIMOD,Cc1ccc(-n2nc(C(C)(C)C)cc2NC(=O)Nc2ccc(OCCN3CCOCC3)c3ccccc23)cc1,2.0,C31H37N5O3,527.67
CHEMBL316735,FELOPRENTAN,COc1ccc(CCOC(c2ccccc2)(c2ccccc2)[C@H](Oc2nc(C)cc(C)n2)C(=O)O)cc1OC,2.0,C31H32N2O6,528.61
CHEMBL105442,CI-1040,O=C(NOCC1CC1)c1ccc(F)c(F)c1Nc1ccc(I)cc1Cl,2.0,C17H14ClF2IN2O2,478.66
CHEMBL318520,EMAKALIM,CC1(C)Oc2ccc(C#N)cc2[C@@H](n2ccccc2=O)[C@@H]1O,2.0,C17H16N2O3,296.33
CHEMBL102970,PYRIDOXAL,Cc1ncc(CO)c(C=O)c1O,3.0,C8H9NO3,167.16
CHEMBL105318,ALOVUDINE,Cc1cn([C@H]2C[C@H](F)[C@@H](CO)O2)c(=O)[nH]c1=O,2.0,C10H13FN2O4,244.22
CHEMBL1129,TRIFLURIDINE,O=c1[nH]c(=O)n([C@H]2C[C@H](O)[C@@H](CO)O2)cc1C(F)(F)F,4.0,C10H11F3N2O5,296.20
CHEMBL1130,DOXIFLURIDINE,C[C@H]1O[C@@H](n2cc(F)c(=O)[nH]c2=O)[C@H](O)[C@@H]1O,3.0,C9H11FN2O5,246.19
CHEMBL318153,EDOXUDINE,CCc1cn([C@H]2C[C@H](O)[C@@H](CO)O2)c(=O)[nH]c1=O,2.0,C11H16N2O5,256.26
CHEMBL1131,ACITRETIN,COc1cc(C)c(/C=C/C(C)=C/C=C/C(C)=C/C(=O)O)c(C)c1C,4.0,C21H26O3,326.44
CHEMBL101740,CIDOXEPIN,CN(C)CC/C=C1/c2ccccc2COc2ccccc21,2.0,C19H21NO,279.38
CHEMBL1133,OXYBUTYNIN CHLORIDE,CCN(CC)CC#CCOC(=O)C(O)(c1ccccc1)C1CCCCC1.Cl,4.0,C22H32ClNO3,393.96
CHEMBL1134,DECAMETHONIUM BROMIDE,C[N+](C)(C)CCCCCCCCCC[N+](C)(C)C.[Br-].[Br-],4.0,C16H38Br2N2,418.30
CHEMBL105060,DNK333,CN(C(=O)c1cc(C(F)(F)F)cc(C(F)(F)F)c1)[C@@H](/C=C/C(=O)N[C@@H]1CCCCNC1=O)Cc1ccc(Cl)c(Cl)c1,2.0,C27H25Cl2F6N3O3,624.41
CHEMBL1135,DIMETHYLAMINOETHANOL,CN(C)CCO,2.0,C4H11NO,89.14
CHEMBL1136,TELITHROMYCIN,CC[C@H]1OC(=O)[C@H](C)C(=O)[C@H](C)[C@@H](O[C@@H]2O[C@H](C)C[C@H](N(C)C)[C@H]2O)[C@](C)(OC)C[C@@H](C)C(=O)[C@H](C)[C@H]2N(CCCCn3cnc(-c4cccnc4)c3)C(=O)O[C@]12C,4.0,C43H65N5O10,812.02
CHEMBL102358,IDROCILAMIDE,O=C(/C=C/c1ccccc1)NCCO,2.0,C11H13NO2,191.23
CHEMBL104943,MONOETHANOLAMINE,NCCO,2.0,C2H7NO,61.08
CHEMBL104186,BO-653,CCCCCC1(CCCCC)Cc2c(cc(C(C)(C)C)c(O)c2C(C)(C)C)O1,2.0,C26H44O2,388.64
CHEMBL106939,DASB,CN(C)Cc1ccccc1Sc1ccc(C#N)cc1N,1.0,C16H17N3S,283.40
CHEMBL107747,GEMOPATRILAT,CC1(C)CCC[C@H](NC(=O)[C@@H](S)Cc2ccccc2)C(=O)N1CC(=O)O,2.0,C19H26N2O4S,378.49
CHEMBL107367,FARGLITAZAR,Cc1oc(-c2ccccc2)nc1CCOc1ccc(C[C@H](Nc2ccccc2C(=O)c2ccccc2)C(=O)O)cc1,2.0,C34H30N2O5,546.62
CHEMBL106971,CALDIAMIDE,CNC(=O)CN(CCN(CCN(CC(=O)O)CC(=O)NC)CC(=O)O)CC(=O)O,2.0,C16H29N5O8,419.44
CHEMBL104515,ANISOPIROL,COc1ccccc1N1CCN(CCCC(O)c2ccc(F)cc2)CC1,2.0,C21H27FN2O2,358.46
CHEMBL320656,DEXCLAMOL,CC(C)[C@@]1(O)CCN2C[C@@H]3c4ccccc4CCc4cccc(c43)[C@H]2C1,2.0,C24H29NO,347.50
CHEMBL106502,ALAMIFOVIR,COc1ccc(Sc2nc(N)nc3c2ncn3CCOCP(=O)(OCC(F)(F)F)OCC(F)(F)F)cc1,2.0,C19H20F6N5O5PS,575.43
CHEMBL107430,NRX195183,CC1(C)CCC(C)(C)c2c1cc(C(=O)Nc1cc(F)c(C(=O)O)c(F)c1)c(O)c2Cl,2.0,C22H22ClF2NO4,437.87
CHEMBL108111,LAMIFIBAN,N=C(N)c1ccc(C(=O)N[C@@H](Cc2ccc(O)cc2)C(=O)N2CCC(OCC(=O)O)CC2)cc1,2.0,C24H28N4O6,468.51
CHEMBL1138,EZETIMIBE,O=C1[C@H](CC[C@H](O)c2ccc(F)cc2)[C@@H](c2ccc(O)cc2)N1c1ccc(F)cc1,4.0,C24H21F2NO3,409.43
CHEMBL1139,EPOPROSTENOL,CCCCC[C@H](O)/C=C/[C@@H]1[C@H]2C/C(=C/CCCC(=O)O)O[C@H]2C[C@H]1O,4.0,C20H32O5,352.47
CHEMBL1140,NIACINAMIDE,NC(=O)c1cccnc1,4.0,C6H6N2O,122.13
CHEMBL107217,DITIOCARB SODIUM,CCN(CC)C(=S)[S-].[Na+],2.0,C5H10NNaS2,171.27
CHEMBL418995,AMINEPTINE,O=C(O)CCCCCCNC1c2ccccc2CCc2ccccc21,4.0,C22H27NO2,337.46
CHEMBL107360,QUINUPRAMINE,c1ccc2c(c1)CCc1ccccc1N2C1CN2CCC1CC2,2.0,C21H24N2,304.44
CHEMBL107400,SOBETIROME,Cc1cc(OCC(=O)O)cc(C)c1Cc1ccc(O)c(C(C)C)c1,2.0,C20H24O4,328.41
CHEMBL106258,AMINOREX,NC1=NCC(c2ccccc2)O1,4.0,C9H10N2O,162.19
CHEMBL108358,TIAZOFURIN,NC(=O)c1csc([C@@H]2O[C@H](CO)[C@@H](O)[C@H]2O)n1,2.0,C9H12N2O5S,260.27
CHEMBL110094,MELITRACEN,CN(C)CCC=C1c2ccccc2C(C)(C)c2ccccc21,3.0,C21H25N,291.44
CHEMBL269259,RIMIDUCID,CC[C@H](C(=O)N1CCCC[C@H]1C(=O)O[C@H](CCc1ccc(OC)c(OC)c1)c1cccc(OCC(=O)NCCNC(=O)COc2cccc([C@@H](CCc3ccc(OC)c(OC)c3)OC(=O)[C@@H]3CCCCN3C(=O)[C@@H](CC)c3cc(OC)c(OC)c(OC)c3)c2)c1)c1cc(OC)c(OC)c(OC)c1,2.0,C78H98N4O20,1411.65
CHEMBL110458,MIGALASTAT,OC[C@H]1NC[C@H](O)[C@@H](O)[C@H]1O,4.0,C6H13NO4,163.17
CHEMBL107874,TRIDECANOATE,CCCCCCCCCCCCC(=O)O,2.0,C13H26O2,214.35
CHEMBL108030,UNDECANOATE,CCCCCCCCCCC(=O)O,3.0,C11H22O2,186.29
CHEMBL108545,METHYL SALICYLATE,COC(=O)c1ccccc1O,4.0,C8H8O3,152.15
CHEMBL1141,POTASSIUM IODIDE,[I-].[K+],4.0,IK,166.00
CHEMBL324846,OCTANOIC ACID,CCCCCCCC(=O)O,2.0,C8H16O2,144.21
CHEMBL1144,PRAVASTATIN,CC[C@H](C)C(=O)O[C@H]1C[C@H](O)C=C2C=C[C@H](C)[C@H](CC[C@@H](O)C[C@@H](O)CC(=O)O)[C@H]21,4.0,C23H36O7,424.53
CHEMBL108821,SITAFLOXACIN ANHYDROUS,N[C@@H]1CN(c2c(F)cc3c(=O)c(C(=O)O)cn([C@@H]4C[C@@H]4F)c3c2Cl)CC12CC2,3.0,C19H18ClF2N3O3,409.82
CHEMBL110317,ACETRYPTINE,CC(=O)c1ccc2[nH]cc(CCN)c2c1,2.0,C12H14N2O,202.26
CHEMBL415324,TRANILAST,COc1ccc(/C=C/C(=O)Nc2ccccc2C(=O)O)cc1OC,3.0,C18H17NO5,327.34
CHEMBL431651,ENRASENTAN,CCCOc1ccc2c(c1)[C@@H](c1ccc(OC)cc1OCCO)[C@H](C(=O)O)[C@H]2c1ccc2c(c1)OCO2,2.0,C29H30O8,506.55
CHEMBL110057,TRIOXIFENE,COc1ccc(C2=C(C(=O)c3ccc(OCCN4CCCC4)cc3)c3ccccc3CC2)cc1,2.0,C30H31NO3,453.58
CHEMBL327122,METATEROL,CC(C)NCC(O)c1cccc(O)c1,2.0,C11H17NO2,195.26
CHEMBL109378,DETERENOL,CC(C)NCC(O)c1ccc(O)cc1,2.0,C11H17NO2,195.26
CHEMBL1146,CEFAMANDOLE,Cn1nnnc1SCC1=C(C(=O)O)N2C(=O)[C@@H](NC(=O)[C@H](O)c3ccccc3)[C@H]2SC1,4.0,C18H18N6O5S2,462.51
CHEMBL1148,TORSEMIDE,Cc1cccc(Nc2ccncc2S(=O)(=O)NC(=O)NC(C)C)c1,4.0,C16H20N4O3S,348.43
CHEMBL324665,CARAZOLOL,CC(C)NCC(O)COc1cccc2[nH]c3ccccc3c12,2.0,C18H22N2O2,298.39
CHEMBL111659,ALTINICLINE,C#Cc1cncc([C@@H]2CCCN2C)c1,2.0,C12H14N2,186.26
CHEMBL419380,CETIEDIL,O=C(OCCN1CCCCCC1)C(c1ccsc1)C1CCCCC1,2.0,C20H31NO2S,349.54
CHEMBL1149,LEVOCARNITINE,C[N+](C)(C)C[C@H](O)CC(=O)[O-],4.0,C7H15NO3,161.20
CHEMBL109831,DEXELVUCITABINE,Nc1nc(=O)n([C@H]2C=C[C@@H](CO)O2)cc1F,2.0,C9H10FN3O3,227.19
CHEMBL320341,QUAZINONE,C[C@@H]1C(=O)NC2=Nc3cccc(Cl)c3CN21,2.0,C11H10ClN3O,235.67
CHEMBL110739,CORTICOSTERONE,C[C@]12C[C@H](O)[C@H]3[C@@H](CCC4=CC(=O)CC[C@@]43C)[C@@H]1CC[C@@H]2C(=O)CO,3.0,C21H30O4,346.47
CHEMBL113051,GIMATECAN,CC[C@@]1(O)C(=O)OCc2c1cc1n(c2=O)Cc2c-1nc1ccccc1c2/C=N/OC(C)(C)C,2.0,C25H25N3O5,447.49
CHEMBL109648,CLAZOSENTAN,COc1ccccc1Oc1c(NS(=O)(=O)c2ccc(C)cn2)nc(-c2ccnc(-c3nnn[nH]3)c2)nc1OCCO,3.0,C25H23N9O6S,577.58
CHEMBL1152,PREDNISOLONE ACETATE,CC(=O)OCC(=O)[C@@]1(O)CC[C@H]2[C@@H]3CCC4=CC(=O)C=C[C@]4(C)[C@H]3[C@@H](O)C[C@@]21C,4.0,C23H30O6,402.49
CHEMBL111232,ROCICLOVIR,CC(C)OCC(COC(C)C)OCn1cnc2cnc(N)nc21,2.0,C15H25N5O3,323.40
CHEMBL325109,CLEBOPRIDE,COc1cc(N)c(Cl)cc1C(=O)NC1CCN(Cc2ccccc2)CC1,2.0,C20H24ClN3O2,373.88
CHEMBL113313,CAPROMORELIN,CN1N=C2CCN(C(=O)[C@@H](COCc3ccccc3)NC(=O)C(C)(C)N)C[C@@]2(Cc2ccccc2)C1=O,2.0,C28H35N5O4,505.62
CHEMBL112570,CHOLESTEROL,CC(C)CCC[C@@H](C)[C@H]1CC[C@H]2[C@@H]3CC=C4C[C@@H](O)CC[C@]4(C)[C@H]3CC[C@]12C,2.0,C27H46O,386.66
CHEMBL110691,CHLORMADINONE ACETATE,CC(=O)O[C@]1(C(C)=O)CC[C@H]2[C@@H]3C=C(Cl)C4=CC(=O)CC[C@]4(C)[C@H]3CC[C@@]21C,4.0,C23H29ClO4,404.93
CHEMBL320775,NOLATREXED,Cc1ccc2nc(N)[nH]c(=O)c2c1Sc1ccncc1,3.0,C14H12N4OS,284.34
CHEMBL113461,TEDISAMIL,C1CCC2(C1)C1CN(CC3CC3)CC2CN(CC2CC2)C1,3.0,C19H32N2,288.48
CHEMBL109480,TANESPIMYCIN,C=CCNC1=C2C[C@@H](C)C[C@H](OC)[C@H](O)[C@@H](C)/C=C(\C)[C@H](OC(N)=O)[C@@H](OC)/C=C\C=C(/C)C(=O)NC(=CC1=O)C2=O,3.0,C31H43N3O8,585.70
CHEMBL114395,PINADOLINE,O=C(CCCCCl)NNC(=O)N1Cc2ccccc2Oc2ccc(Cl)cc21,2.0,C19H19Cl2N3O3,408.29
CHEMBL114503,SODIUM SELENATE,O=[Se](=O)([O-])[O-].[Na+].[Na+],3.0,Na2O4Se,188.94
CHEMBL113178,SELENOMETHIONINE,C[Se]CC[C@H](N)C(=O)O,4.0,C5H11NO2Se,196.11
CHEMBL112797,SGS-742,CCCCP(=O)(O)CCCN,2.0,C7H18NO2P,179.20
CHEMBL112302,SODIUM SELENITE,O=[Se]([O-])[O-].[Na+].[Na+],3.0,Na2O3Se,172.94
CHEMBL115435,SUPLATAST TOSILATE,CCOCC(O)COc1ccc(NC(=O)CC[S+](C)C)cc1.Cc1ccc(S(=O)(=O)[O-])cc1,2.0,C23H33NO7S2,499.65
CHEMBL114551,GW-274150,CC(=N)NCCSCC[C@H](N)C(=O)O,2.0,C8H17N3O2S,219.31
CHEMBL114325,AMIGLUMIDE,CCCCCN(CCCCC)C(=O)[C@@H](CCC(=O)O)NC(=O)c1ccc2ccccc2c1,2.0,C26H36N2O4,440.58
CHEMBL113278,MEDROXALOL,CC(CCc1ccc2c(c1)OCO2)NCC(O)c1ccc(O)c(C(N)=O)c1,2.0,C20H24N2O5,372.42
CHEMBL114655,NYLIDRIN,CC(CCc1ccccc1)NC(C)C(O)c1ccc(O)cc1,2.0,C19H25NO2,299.41
CHEMBL321248,7-METHYLXANTHINE,Cn1cnc2[nH]c(=O)[nH]c(=O)c21,2.0,C6H6N4O2,166.14
CHEMBL325041,BORTEZOMIB,CC(C)C[C@H](NC(=O)[C@H](Cc1ccccc1)NC(=O)c1cnccn1)B(O)O,4.0,C19H25BN4O4,384.25
CHEMBL1159,PINACIDIL ANHYDROUS,CC(N/C(=N\C#N)Nc1ccncc1)C(C)(C)C,4.0,C13H19N5,245.33
CHEMBL112687,ACEDOBEN,CC(=O)Nc1ccc(C(=O)O)cc1,2.0,C9H9NO3,179.17
CHEMBL1161,MOMETASONE FUROATE,C[C@@H]1C[C@H]2[C@@H]3CCC4=CC(=O)C=C[C@]4(C)[C@@]3(Cl)[C@@H](O)C[C@]2(C)[C@@]1(OC(=O)c1ccco1)C(=O)CCl,4.0,C27H30Cl2O6,521.44
CHEMBL1162,NORETHINDRONE,C#C[C@]1(O)CC[C@H]2[C@@H]3CCC4=CC(=O)CC[C@@H]4[C@H]3CC[C@@]21C,4.0,C20H26O2,298.43
CHEMBL1163,ATAZANAVIR,COC(=O)N[C@H](C(=O)N[C@@H](Cc1ccccc1)[C@@H](O)CN(Cc1ccc(-c2ccccn2)cc1)NC(=O)[C@@H](NC(=O)OC)C(C)(C)C)C(C)(C)C,4.0,C38H52N6O7,704.87
CHEMBL325695,FASIDOTRIL,CC(=O)SC[C@@H](Cc1ccc2c(c1)OCO2)C(=O)N[C@@H](C)C(=O)OCc1ccccc1,2.0,C23H25NO6S,443.52
CHEMBL115653,CIPEMASTAT,CN1C(=O)N(C[C@H](C(=O)NO)[C@@H](CC2CCCC2)C(=O)N2CCCCC2)C(=O)C1(C)C,2.0,C22H36N4O5,436.55
CHEMBL261932,TANOMASTAT,O=C(C[C@H](CSc1ccccc1)C(=O)O)c1ccc(-c2ccc(Cl)cc2)cc1,2.0,C23H19ClO3S,410.92
CHEMBL331378,ZOFENOPRIL,C[C@H](CSC(=O)c1ccccc1)C(=O)N1C[C@@H](Sc2ccccc2)C[C@H]1C(=O)O,2.0,C22H23NO4S2,429.56
CHEMBL1165,MOEXIPRIL,CCOC(=O)[C@H](CCc1ccccc1)N[C@@H](C)C(=O)N1Cc2cc(OC)c(OC)cc2C[C@H]1C(=O)O,4.0,C27H34N2O7,498.58
CHEMBL114586,SEPIMOSTAT,N=C(N)c1ccc2cc(OC(=O)c3ccc(NC4=NCCN4)cc3)ccc2c1,2.0,C21H19N5O2,373.42
CHEMBL113841,ZANKIREN,CC(C)C[C@H](O)[C@H](O)[C@H](CC1CCCCC1)NC(=O)[C@H](Cc1cscn1)NC(=O)[C@H](Cc1ccccc1)CS(=O)(=O)N1CCN(C)CC1,2.0,C35H55N5O6S2,705.99
CHEMBL325166,NAPSAGATRAN ANHYDROUS,N=C(N)N1CCC[C@@H](CNC(=O)C[C@H](NS(=O)(=O)c2ccc3ccccc3c2)C(=O)N(CC(=O)O)C2CC2)C1,2.0,C26H34N6O6S,558.66
CHEMBL1166,ARGATROBAN,CC1CNc2c(cccc2S(=O)(=O)N[C@@H](CCCNC(=N)N)C(=O)N2CC[C@@H](C)C[C@@H]2C(=O)O)C1,4.0,C23H36N6O5S,508.65
CHEMBL114715,INOGATRAN,N=C(N)NCCCNC(=O)[C@@H]1CCCCN1C(=O)[C@@H](CC1CCCCC1)NCC(=O)O,2.0,C21H38N6O4,438.57
CHEMBL1167,SPECTINOMYCIN,CN[C@@H]1[C@H](O)[C@H](NC)[C@H]2O[C@@]3(O)C(=O)C[C@@H](C)O[C@H]3O[C@@H]2[C@H]1O,4.0,C14H24N2O7,332.35
CHEMBL1168,RAMIPRIL,CCOC(=O)[C@H](CCc1ccccc1)N[C@@H](C)C(=O)N1[C@H](C(=O)O)C[C@@H]2CCC[C@@H]21,4.0,C23H32N2O5,416.52
CHEMBL419213,LISINOPRIL,NCCCC[C@H](N[C@@H](CCc1ccccc1)C(=O)O)C(=O)N1CCC[C@H]1C(=O)O.O.O,4.0,C21H35N3O7,441.53
CHEMBL333634,FLOXACRINE,O=C1CC(c2ccc(C(F)(F)F)cc2)Cc2c1c(=O)c1cc(Cl)ccc1n2O,2.0,C20H13ClF3NO3,407.77
CHEMBL114283,DANIQUIDONE,Nc1ccc2c(c1)CN1C(=O)c3ccccc3C1=N2,2.0,C15H11N3O,249.27
CHEMBL1169,AMINOSALICYLIC ACID,Nc1ccc(C(=O)O)c(O)c1,4.0,C7H7NO3,153.14
CHEMBL324090,ABANOQUIL,COc1cc2c(cc1OC)CN(c1cc(N)c3cc(OC)c(OC)cc3n1)CC2,2.0,C22H25N3O4,395.46
CHEMBL1170,TESTOSTERONE PROPIONATE,CCC(=O)O[C@H]1CC[C@H]2[C@@H]3CCC4=CC(=O)CC[C@]4(C)[C@H]3CC[C@]12C,4.0,C22H32O3,344.50
CHEMBL117822,ETHYLENE,C=C,3.0,C2H4,28.05
CHEMBL116583,CARBIMIDE,N=C=N,2.0,CH2N2,42.04
CHEMBL117042,DAZEPINIL,CC1=Nc2ccccc2CC(c2ccccc2)N1C,2.0,C17H18N2,250.35
CHEMBL117287,PRUCALOPRIDE,COCCCN1CCC(NC(=O)c2cc(Cl)c(N)c3c2OCC3)CC1,4.0,C18H26ClN3O3,367.88
CHEMBL1172,DESLORATADINE,Clc1ccc2c(c1)CCc1cccnc1C2=C1CCNCC1,4.0,C19H19ClN2,310.83
CHEMBL325436,DICHLOROTETRAFLUOROETHANE,FC(F)(Cl)C(F)(F)Cl,2.0,C2Cl2F4,170.92
CHEMBL435381,CIMICOXIB,COc1ccc(-c2c(Cl)ncn2-c2ccc(S(N)(=O)=O)cc2)cc1F,2.0,C16H13ClFN3O3S,381.82
CHEMBL325441,TIPLASININ,O=C(O)C(=O)c1cn(Cc2ccccc2)c2ccc(-c3ccc(OC(F)(F)F)cc3)cc12,2.0,C24H16F3NO4,439.39
CHEMBL115794,MANIFAXINE,C[C@@H]1CO[C@@](O)(c2cc(F)cc(F)c2)[C@H](C)N1,2.0,C12H15F2NO2,243.25
CHEMBL331382,METRIFUDIL,Cc1ccccc1CNc1ncnc2c1ncn2[C@@H]1O[C@H](CO)[C@@H](O)[C@H]1O,2.0,C18H21N5O4,371.40
CHEMBL333826,DEQUALINIUM,Cc1cc(N)c2ccccc2[n+]1CCCCCCCCCC[n+]1c(C)cc(N)c2ccccc21,4.0,C30H40N4+2,456.68
CHEMBL325424,ALEPLASININ,Cc1cccc(-c2ccc3c(c2)c(C(=O)C(=O)O)cn3Cc2ccc(C(C)(C)C)cc2)c1,2.0,C28H27NO3,425.53
CHEMBL117348,FOLITIXORIN,Nc1nc(=O)c2c([nH]1)NCC1CN(c3ccc(C(=O)N[C@@H](CCC(=O)O)C(=O)O)cc3)CN21,3.0,C20H23N7O6,457.45
CHEMBL419952,OCTIMIBATE,O=C(O)CCCCCCCOc1nc(-c2ccccc2)c(-c2ccccc2)n1-c1ccccc1,2.0,C29H30N2O3,454.57
CHEMBL1175,DULOXETINE,CNCC[C@H](Oc1cccc2ccccc12)c1cccs1,4.0,C18H19NOS,297.42
CHEMBL116368,AMIPIZONE,CC(Cl)C(=O)Nc1ccc(C2=NNC(=O)CC2C)cc1,2.0,C14H16ClN3O2,293.75
CHEMBL1177,PEMOLINE,NC1=NC(=O)C(c2ccccc2)O1,4.0,C9H8N2O2,176.18
CHEMBL118865,SPIRADOLINE,CN(C(=O)Cc1ccc(Cl)c(Cl)c1)C1CCC2(CCCO2)CC1N1CCCC1,2.0,C22H30Cl2N2O2,425.40
CHEMBL119423,TISOPURINE,Sc1ncnc2[nH]ncc12,4.0,C5H4N4S,152.18
CHEMBL117785,TETRABENAZINE,COc1cc2c(cc1OC)C1CC(=O)C(CC(C)C)CN1CC2,4.0,C19H27NO3,317.43
CHEMBL116943,PENTYLENETETRAZOL,C1CCc2nnnn2CC1,2.0,C6H10N4,138.17
CHEMBL119865,PRIZIDILOL,CC(C)(C)NCC(O)COc1ccccc1-c1ccc(NN)nn1,2.0,C17H25N5O2,331.42
CHEMBL119625,ZONAMPANEL,O=C(O)Cn1c(=O)c(=O)[nH]c2cc([N+](=O)[O-])c(-n3ccnc3)cc21,2.0,C13H9N5O6,331.24
CHEMBL119385,NEFLAMAPIMOD,O=c1ncn2nc(Sc3ccc(F)cc3F)ccc2c1-c1c(Cl)cccc1Cl,2.0,C19H9Cl2F2N3OS,436.27
CHEMBL117391,BANOXANTRONE,C[N+](C)([O-])CCNc1ccc(NCC[N+](C)(C)[O-])c2c1C(=O)c1c(O)ccc(O)c1C2=O,2.0,C22H28N4O6,444.49
CHEMBL118841,PYRAZOLOACRIDINE,COc1ccc2c(c1)-c1nn(CCCN(C)C)c3ccc([N+](=O)[O-])c(c13)N2,2.0,C19H21N5O3,367.41
CHEMBL71595,HYDROGEN PEROXIDE,OO,4.0,H2O2,34.01
CHEMBL325439,BEPAFANT,Cc1nnc2n1-c1sc3c(c1C(c1ccccc1Cl)=NC2)CC(C(=O)N1CCOCC1)C3,2.0,C23H22ClN5O2S,467.98
CHEMBL333021,L-21649,c1cc(-c2cnn3cc(-c4ccc(OCCN5CCCCC5)cc4)cnc23)cs1,1.0,C23H24N4OS,404.54
CHEMBL119604,DIETHANOLAMINE,OCCNCCO,3.0,C4H11NO2,105.14
CHEMBL118478,ILEPCIMIDE,O=C(/C=C/c1ccc2c(c1)OCO2)N1CCCCC1,2.0,C15H17NO3,259.30
CHEMBL333950,MAXACALCITOL,C=C1/C(=C\C=C2/CCC[C@]3(C)[C@@H]([C@H](C)OCCC(C)(C)O)CC[C@@H]23)C[C@@H](O)C[C@@H]1O,3.0,C26H42O4,418.62
CHEMBL332524,HEXAMETHONIUM BROMIDE,C[N+](C)(C)CCCCCC[N+](C)(C)C.[Br-].[Br-],2.0,C12H30Br2N2,362.19
CHEMBL421049,MIRISTALKONIUM CHLORIDE,CCCCCCCCCCCCCC[N+](C)(C)Cc1ccccc1.[Cl-],2.0,C23H42ClN,368.05
CHEMBL1184,ACETYLCHOLINE CHLORIDE,CC(=O)OCC[N+](C)(C)C.[Cl-],4.0,C7H16ClNO2,181.66
CHEMBL1185,ZOLMITRIPTAN,CN(C)CCc1c[nH]c2ccc(C[C@H]3COC(=O)N3)cc12,4.0,C16H21N3O2,287.36
CHEMBL122351,ADITEREN,COc1cc(Cc2cnc(N)nc2N)cc(OC)c1N,2.0,C13H17N5O2,275.31
CHEMBL119443,ERGONOVINE,C[C@@H](CO)NC(=O)[C@@H]1C=C2c3cccc4[nH]cc(c34)C[C@H]2N(C)C1,3.0,C19H23N3O2,325.41
CHEMBL118722,TRIBUTYRIN,CCCC(=O)OCC(COC(=O)CCC)OC(=O)CCC,1.0,C15H26O6,302.37
CHEMBL324254,TETRYLAMMONIUM BROMIDE,CC[N+](CC)(CC)CC.[Br-],2.0,C8H20BrN,210.16
CHEMBL332750,TETOMILAST,CCOc1ccc(-c2nc(-c3cccc(C(=O)O)n3)cs2)cc1OCC,3.0,C19H18N2O4S,370.43
CHEMBL118218,IROFULVEN,CC1=C(CO)C2=C(C)C3(CC3)[C@@](C)(O)C(=O)C2=C1,3.0,C15H18O3,246.31
CHEMBL432600,LEXACALCITOL,C=C1/C(=C\C=C2/CCC[C@]3(C)[C@@H]([C@@H](C)OCCCC(O)(CC)CC)CC[C@@H]23)C[C@@H](O)C[C@@H]1O,2.0,C29H48O4,460.70
CHEMBL120643,TOCOTRIENOL,CC(C)=CCC/C(C)=C/CC/C(C)=C/CCC1(C)CCc2cc(O)ccc2O1,3.0,C26H38O2,382.59
CHEMBL120951,FLAZALONE,CN1CCC(O)(c2ccc(F)cc2)C(C(=O)c2ccc(F)cc2)C1,2.0,C19H19F2NO2,331.36
CHEMBL116315,TOBORINONE,COc1ccc(CNCC(O)COc2ccc3[nH]c(=O)ccc3c2)cc1OC,2.0,C21H24N2O5,384.43
CHEMBL123292,CYCLOHEXIMIDE,C[C@@H]1C[C@@H]([C@H](O)CC2CC(=O)NC(=O)C2)C(=O)[C@@H](C)C1,2.0,C15H23NO4,281.35
CHEMBL120563,THIRAM,CN(C)C(=S)SSC(=S)N(C)C,2.0,C6H12N2S4,240.44
CHEMBL331743,DIXANTHOGEN,CCOC(=S)SSC(=S)OCC,2.0,C6H10O2S4,242.41
CHEMBL1187,PHOSPHORIC ACID,O=P(O)(O)O,4.0,H3O4P,97.99
CHEMBL121626,TOLFENAMIC ACID,Cc1c(Cl)cccc1Nc1ccccc1C(=O)O,2.0,C14H12ClNO2,261.71
CHEMBL119549,ANDOLAST,O=C(Nc1ccc(-c2nnn[nH]2)cc1)c1ccc(-c2nnn[nH]2)cc1,2.0,C15H11N9O,333.32
CHEMBL333325,FOSRAVUCONAZOLE,C[C@@H](c1nc(-c2ccc(C#N)cc2)cs1)[C@@](Cn1cncn1)(OCOP(=O)(O)O)c1ccc(F)cc1F,2.0,C23H20F2N5O5PS,547.48
CHEMBL1189,DIETHYLAMINE,CCNCC,3.0,C4H11N,73.14
CHEMBL111272,M-FLUOROBENZYLGUANIDINE,N=C(N)NCc1cccc(F)c1,3.0,C8H10FN3,167.19
CHEMBL126159,LMP-744,COc1cc2c3c(n(CCCNCCO)c(=O)c2cc1OC)-c1cc2c(cc1C3=O)OCO2,1.0,C24H24N2O7,452.46
CHEMBL338975,PHYSOSTIGMINE SALICYLATE,CNC(=O)Oc1ccc2c(c1)[C@]1(C)CCN(C)[C@@H]1N2C.O=C(O)c1ccccc1O,4.0,C22H27N3O5,413.47
CHEMBL121810,GANSTIGMINE,CCc1ccccc1NC(=O)Oc1ccc2c(c1)[C@]1(C)CCN(C)O[C@@H]1N2C,2.0,C22H27N3O3,381.48
CHEMBL169,URSOLIC ACID,C[C@H]1[C@H](C)CC[C@]2(C(=O)O)CC[C@]3(C)C(=CC[C@@H]4[C@@]5(C)CC[C@H](O)C(C)(C)[C@@H]5CC[C@]43C)[C@H]12,2.0,C30H48O3,456.71
CHEMBL121663,DEQUALINIUM CHLORIDE,Cc1cc(N)c2ccccc2[n+]1CCCCCCCCCC[n+]1c(C)cc(N)c2ccccc21.[Cl-].[Cl-],4.0,C30H40Cl2N4,527.58
CHEMBL123248,ESERIDINE,CNC(=O)Oc1ccc2c(c1)[C@]1(C)CCN(C)O[C@@H]1N2C,2.0,C15H21N3O3,291.35
CHEMBL124162,CAMPTOTHECIN-20-O-PROPIONATE,CCC(=O)O[C@]1(CC)C(=O)OCc2c1cc1n(c2=O)Cc2cc3ccccc3nc2-1,2.0,C23H20N2O5,404.42
CHEMBL122270,LOBELINE,CN1[C@@H](CC(=O)c2ccccc2)CCC[C@H]1C[C@H](O)c1ccccc1,2.0,C22H27NO2,337.46
CHEMBL125375,QUINDECAMINE,Cc1cc(NCCCCCCCCCCNc2cc(C)nc3ccccc23)c2ccccc2n1,2.0,C30H38N4,454.66
CHEMBL122455,LIDADRONIC ACID,CN(C)CCC(N)(P(=O)(O)O)P(=O)(O)O,2.0,C5H16N2O6P2,262.14
CHEMBL121883,ZINVIROXIME,CC(C)S(=O)(=O)n1c(N)nc2ccc(/C(=N\O)c3ccccc3)cc21,2.0,C17H18N4O3S,358.42
CHEMBL1190,DECAMETHONIUM,C[N+](C)(C)CCCCCCCCCC[N+](C)(C)C,4.0,C16H38N2+2,258.49
CHEMBL122858,ENDIXAPRINE,OC1CCN(c2ccc(-c3ccc(Cl)cc3Cl)nn2)CC1,2.0,C15H15Cl2N3O,324.21
CHEMBL122135,LODAXAPRINE,OC1CCN(c2ccc(-c3ccccc3Cl)nn2)CC1,2.0,C15H16ClN3O,289.77
CHEMBL339427,TUBOCURARINE,COc1cc2c3cc1Oc1cc(ccc1O)C[C@@H]1c4c(cc(OC)c(O)c4Oc4ccc(cc4)C[C@@H]3N(C)CC2)CC[N+]1(C)C,4.0,C37H41N2O6+,609.74
CHEMBL122079,LIFARIZINE,Cc1ccc(-c2nc(CN3CCN(C(c4ccccc4)c4ccccc4)CC3)c(C)[nH]2)cc1,2.0,C29H32N4,436.60
CHEMBL338802,SULFAGUANIDINE,N=C(N)NS(=O)(=O)c1ccc(N)cc1,4.0,C7H10N4O2S,214.25
CHEMBL1191,SULFAMETHIZOLE,Cc1nnc(NS(=O)(=O)c2ccc(N)cc2)s1,4.0,C9H10N4O2S2,270.34
CHEMBL124363,CENSAVUDINE,C#C[C@@]1(CO)C=C[C@H](n2cc(C)c(=O)[nH]c2=O)O1,2.0,C12H12N2O4,248.24
CHEMBL123693,TUAMINOHEPTANE,CCCCCC(C)N,2.0,C7H17N,115.22
CHEMBL125869,AZAMETHONIUM BROMIDE,CC[N+](C)(C)CCN(C)CC[N+](C)(C)CC.[Br-].[Br-],2.0,C13H33Br2N3,391.24
CHEMBL124660,TANDUTINIB,COc1cc2c(N3CCN(C(=O)Nc4ccc(OC(C)C)cc4)CC3)ncnc2cc1OCCCN1CCCCC1,2.0,C31H42N6O4,562.72
CHEMBL121932,BENZOCLIDINE,O=C(OC1CN2CCC1CC2)c1ccccc1,2.0,C14H17NO2,231.29
CHEMBL124815,CHLORTHENOXAZINE,O=C1NC(CCCl)Oc2ccccc21,2.0,C10H10ClNO2,211.65
CHEMBL338604,C-1311,CCN(CC)CCNc1ccc2ncn3c4ccc(O)cc4c(=O)c1c23,2.0,C20H22N4O2,350.42
CHEMBL126648,PLEVITREXED,C#CCN(Cc1cc2c(O)nc(C)nc2cc1C)c1ccc(C(=O)N[C@@H](CCc2nnn[nH]2)C(=O)O)c(F)c1,2.0,C26H25FN8O4,532.54
CHEMBL123809,LEUCOCIANIDOL,Oc1cc(O)c2c(c1)OC(c1ccc(O)c(O)c1)C(O)C2O,2.0,C15H14O7,306.27
CHEMBL419792,SUMANIROLE,CN[C@@H]1Cc2cccc3[nH]c(=O)n(c23)C1,3.0,C11H13N3O,203.25
CHEMBL1193,PHENIRAMINE,CN(C)CCC(c1ccccc1)c1ccccn1,4.0,C16H20N2,240.35
CHEMBL123558,AZIMILIDE,CN1CCN(CCCCN2C(=O)CN(/N=C/c3ccc(-c4ccc(Cl)cc4)o3)C2=O)CC1,3.0,C23H28ClN5O3,457.96
CHEMBL1194,PRILOCAINE,CCCNC(C)C(=O)Nc1ccccc1C,4.0,C13H20N2O,220.32
CHEMBL1195,PROPOXYCAINE,CCCOc1cc(N)ccc1C(=O)OCCN(CC)CC,4.0,C16H26N2O3,294.39
CHEMBL1196,PROPARACAINE,CCCOc1ccc(C(=O)OCCN(CC)CC)cc1N,4.0,C16H26N2O3,294.39
CHEMBL339323,PANIPENEM,CC(=N)N1CC[C@H](SC2=C(C(=O)O)N3C(=O)[C@H]([C@@H](C)O)[C@H]3C2)C1,2.0,C15H21N3O4S,339.42
CHEMBL127592,OXETHAZAINE,CN(C(=O)CN(CCO)CC(=O)N(C)C(C)(C)Cc1ccccc1)C(C)(C)Cc1ccccc1,3.0,C28H41N3O3,467.65
CHEMBL127487,CYCLOMETHYCAINE,CC1CCCCN1CCCOC(=O)c1ccc(OC2CCCCC2)cc1,2.0,C22H33NO3,359.51
CHEMBL421669,PARETHOXYCAINE,CCOc1ccc(C(=O)OCCN(CC)CC)cc1,2.0,C15H23NO3,265.35
CHEMBL1197,HEXYLCAINE,CC(CNC1CCCCC1)OC(=O)c1ccccc1,4.0,C16H23NO2,261.36
CHEMBL1198,PRAMOXINE,CCCCOc1ccc(OCCCN2CCOCC2)cc1,4.0,C17H27NO3,293.41
CHEMBL127453,ZOLAMINE,COc1ccc(CN(CCN(C)C)c2nccs2)cc1,2.0,C15H21N3OS,291.42
CHEMBL127865,PIPEROCAINE,CC1CCCCN1CCCOC(=O)c1ccccc1,2.0,C16H23NO2,261.36
CHEMBL127810,MEPRYLCAINE,CCCNC(C)(C)COC(=O)c1ccccc1,2.0,C14H21NO2,235.33
CHEMBL421665,FLUPERAMIDE,CN(C)C(=O)C(CCN1CCC(O)(c2ccc(Cl)c(C(F)(F)F)c2)CC1)(c1ccccc1)c1ccccc1,2.0,C30H32ClF3N2O2,545.05
CHEMBL127734,CARCAINIUM CHLORIDE,C[N+](C)(CC(=O)Nc1ccccc1)CC(=O)Nc1ccccc1.[Cl-],2.0,C18H22ClN3O2,347.85
CHEMBL125737,TIAPAMIL,COc1ccc(CCN(C)CCCC2(c3ccc(OC)c(OC)c3)S(=O)(=O)CCCS2(=O)=O)cc1OC,2.0,C26H37NO8S2,555.72
CHEMBL126075,DILAZEP,COc1cc(C(=O)OCCCN2CCCN(CCCOC(=O)c3cc(OC)c(OC)c(OC)c3)CC2)cc(OC)c1OC,2.0,C31H44N2O10,604.70
CHEMBL129796,PROLONIUM IODIDE,C[N+](C)(C)CC(O)C[N+](C)(C)C.[I-].[I-],2.0,C9H24I2N2O,430.11
CHEMBL127643,DIMETHISOQUIN,CCCCc1cc2ccccc2c(OCCN(C)C)n1,2.0,C17H24N2O,272.39
CHEMBL338667,DIPERODON,O=C(Nc1ccccc1)OCC(CN1CCCCC1)OC(=O)Nc1ccccc1,2.0,C22H27N3O4,397.48
CHEMBL127123,PHENACAINE,CCOc1ccc(/N=C(\C)Nc2ccc(OCC)cc2)cc1,2.0,C18H22N2O2,298.39
CHEMBL1200,BENOXINATE,CCCCOc1cc(C(=O)OCCN(CC)CC)ccc1N,4.0,C17H28N2O3,308.42
CHEMBL129529,BUTACAINE,CCCCN(CCCC)CCCOC(=O)c1ccc(N)cc1,2.0,C18H30N2O2,306.45
CHEMBL127349,NIFENALOL,CC(C)NCC(O)c1ccc([N+](=O)[O-])cc1,2.0,C11H16N2O3,224.26
CHEMBL340801,PERLAPINE,CN1CCN(C2=Nc3ccccc3Cc3ccccc32)CC1,2.0,C19H21N3,291.40
CHEMBL127300,HEXOBENDINE,COc1cc(C(=O)OCCCN(C)CCN(C)CCCOC(=O)c2cc(OC)c(OC)c(OC)c2)cc(OC)c1OC,2.0,C30H44N2O10,592.69
CHEMBL127071,POZANICLINE,Cc1ncccc1OC[C@@H]1CCCN1,2.0,C11H16N2O,192.26
CHEMBL1201,THIOTHIXENE,CN1CCN(CC/C=C2/c3ccccc3Sc3ccc(S(=O)(=O)N(C)C)cc32)CC1,4.0,C23H29N3O2S2,443.64
CHEMBL126224,IPRINDOLE,CN(C)CCCn1c2c(c3ccccc31)CCCCCC2,4.0,C19H28N2,284.45
CHEMBL127516,BUTAMBEN,CCCCOC(=O)c1ccc(N)cc1,4.0,C11H15NO2,193.25
CHEMBL127508,AZACYCLONOL,OC(c1ccccc1)(c1ccccc1)C1CCNCC1,2.0,C18H21NO,267.37
CHEMBL129482,(+)-EPICATECHIN,Oc1cc(O)c2c(c1)O[C@@H](c1ccc(O)c(O)c1)[C@@H](O)C2,2.0,C15H14O6,290.27
CHEMBL1202,CIPROFLOXACIN HYDROCHLORIDE,Cl.O=C(O)c1cn(C2CC2)c2cc(N3CCNCC3)c(F)cc2c1=O,4.0,C17H19ClFN3O3,367.81
CHEMBL340211,AZAPERONE,O=C(CCCN1CCN(c2ccccn2)CC1)c1ccc(F)cc1,2.0,C19H22FN3O,327.40
CHEMBL339049,TEBUQUINE,CC(C)(C)NCc1cc(Nc2ccnc3cc(Cl)ccc23)cc(-c2ccc(Cl)cc2)c1O,2.0,C26H25Cl2N3O,466.41
CHEMBL128988,FRENTIZOLE,COc1ccc2nc(NC(=O)Nc3ccccc3)sc2c1,2.0,C15H13N3O2S,299.36
CHEMBL128251,IOCANLIDIC ACID,O=C(O)CCCCCCCCCCCCCCc1ccc(I)cc1,2.0,C21H33IO2,444.40
CHEMBL336360,IODOFILTIC ACID,CC(CCCCCCCCCCCCc1ccc(I)cc1)CC(=O)O,2.0,C22H35IO2,458.42
CHEMBL412309,AR-67,CC[C@@]1(O)C(=O)OCc2c1cc1n(c2=O)Cc2c-1nc1ccc(O)cc1c2[Si](C)(C)C(C)(C)C,2.0,C26H30N2O5Si,478.62
CHEMBL128748,DIMETHYLCURCUMIN,COc1ccc(/C=C/C(=O)/C=C(O)/C=C/c2ccc(OC)c(OC)c2)cc1OC,2.0,C23H24O6,396.44
CHEMBL1205,NELFINAVIR MESYLATE,CS(=O)(=O)O.Cc1c(O)cccc1C(=O)N[C@@H](CSc1ccccc1)[C@H](O)CN1C[C@H]2CCCC[C@H]2C[C@H]1C(=O)NC(C)(C)C,4.0,C33H49N3O7S2,663.90
CHEMBL1206,ETHOPROPAZINE,CCN(CC)C(C)CN1c2ccccc2Sc2ccccc21,4.0,C19H24N2S,312.48
CHEMBL334491,BUDIPINE,CC(C)(C)N1CCC(c2ccccc2)(c2ccccc2)CC1,2.0,C21H27N,293.45
CHEMBL1208,CINOXACIN,CCn1nc(C(=O)O)c(=O)c2cc3c(cc21)OCO3,4.0,C12H10N2O5,262.22
CHEMBL339309,MILOXACIN,COn1cc(C(=O)O)c(=O)c2cc3c(cc21)OCO3,2.0,C12H9NO6,263.20
CHEMBL131819,TAZOMELINE,CCCCCCSc1nsnc1C1=CCCN(C)C1,2.0,C14H23N3S2,297.49
CHEMBL336296,URIDINE TRIPHOSPHATE,O=c1ccn([C@@H]2O[C@H](COP(=O)(O)OP(=O)(O)OP(=O)(O)O)[C@@H](O)[C@H]2O)c(=O)[nH]1,3.0,C9H15N2O15P3,484.14
CHEMBL339133,LOMEGUATRIB,Nc1nc(OCc2cc(Br)cs2)c2[nH]cnc2n1,2.0,C10H8BrN5OS,326.18
CHEMBL132663,CINFLUMIDE,O=C(/C=C/c1cccc(F)c1)NC1CC1,2.0,C12H12FNO,205.23
CHEMBL132530,FORMESTANE,C[C@]12CCC(=O)C(O)=C1CC[C@@H]1[C@@H]2CC[C@]2(C)C(=O)CC[C@@H]12,2.0,C19H26O3,302.41
CHEMBL334966,CANGRELOR,CSCCNc1nc(SCCC(F)(F)F)nc2c1ncn2[C@@H]1O[C@H](COP(=O)(O)OP(=O)(O)C(Cl)(Cl)P(=O)(O)O)[C@@H](O)[C@H]1O,4.0,C17H25Cl2F3N5O12P3S2,776.37
CHEMBL337702,OXIDOPAMINE,NCCc1cc(O)c(O)cc1O,2.0,C8H11NO3,169.18
CHEMBL131428,ALVAMELINE,CCn1nnc(C2=CCCN(C)C2)n1,2.0,C9H15N5,193.25
CHEMBL129857,AS-602868,COc1cccc2nc(-c3cccs3)nc(NN3C(=O)C=C(C)C3=O)c12,1.0,C18H14N4O3S,366.40
CHEMBL130968,BUTANTRONE,CCCC(=O)C1c2cccc(O)c2C(=O)c2c(O)cccc21,2.0,C18H16O4,296.32
CHEMBL1214,CARBENICILLIN,CC1(C)S[C@@H]2[C@H](NC(=O)C(C(=O)O)c3ccccc3)C(=O)N2[C@H]1C(=O)O,4.0,C17H18N2O6S,378.41
CHEMBL334830,RANIRESTAT,O=C1C[C@@]2(C(=O)N1)C(=O)N(Cc1ccc(Br)cc1F)C(=O)c1cccn12,3.0,C17H11BrFN3O4,420.19
CHEMBL130393,CLIDANAC,O=C(O)C1CCc2cc(C3CCCCC3)c(Cl)cc21,2.0,C16H19ClO2,278.78
CHEMBL340978,BENOXAPROFEN,CC(C(=O)O)c1ccc2oc(-c3ccc(Cl)cc3)nc2c1,4.0,C16H12ClNO3,301.73
CHEMBL1215,PHENYLEPHRINE,CNC[C@H](O)c1cccc(O)c1,4.0,C9H13NO2,167.21
CHEMBL263198,OCTAAMINOACRIDINE,Nc1c2c(nc3c1CCCC3)CCCC2,3.0,C13H18N2,202.30
CHEMBL130880,IPIDACRINE,Nc1c2c(nc3c1CCC3)CCCC2,2.0,C12H16N2,188.27
CHEMBL135191,TIFENAZOXIDE,CC1(NC2=NS(=O)(=O)c3sc(Cl)cc3N2)CC1,2.0,C9H10ClN3O2S2,291.79
CHEMBL336542,PYROXAMINE,CN1CCC(OC(c2ccccc2)c2ccc(Cl)cc2)C1,2.0,C18H20ClNO,301.82
CHEMBL131854,POSIZOLID,O=C([C@@H](O)CO)N1CC=C(c2c(F)cc(N3C[C@H](COc4ccon4)OC3=O)cc2F)CC1,2.0,C21H21F2N3O7,465.41
CHEMBL132966,RIVANICLINE,CNCC/C=C/c1cccnc1,2.0,C10H14N2,162.24
CHEMBL337450,TAS-109,N#C[C@H]1[C@H](O)[C@@H](CO)O[C@H]1n1ccc(N)nc1=O,2.0,C10H12N4O4,252.23
CHEMBL334533,DEXANABINOL,CCCCCCC(C)(C)c1cc(O)c2c(c1)OC(C)(C)[C@H]1CC=C(CO)C[C@H]21,3.0,C25H38O3,386.58
CHEMBL134713,GTS-21,COc1ccc(/C=C2\CCCN=C2c2cccnc2)c(OC)c1,2.0,C19H20N2O2,308.38
CHEMBL132991,TAZOFELONE,CC(C)(C)c1cc(CC2SCNC2=O)cc(C(C)(C)C)c1O,2.0,C18H27NO2S,321.49
CHEMBL337612,DIMIRACETAM,O=C1CN2C(=O)CCC2N1,2.0,C6H8N2O2,140.14
CHEMBL134561,ICLAPRIM,COc1cc(Cc2cnc(N)nc2N)c2c(c1OC)OC(C1CC1)C=C2,3.0,C19H22N4O3,354.41
CHEMBL1218,RAMELTEON,CCC(=O)NCC[C@@H]1CCc2ccc3c(c21)CCO3,4.0,C16H21NO2,259.35
CHEMBL135626,ETHANE,CC,2.0,C2H6,30.07
CHEMBL132468,CETEFLOXACIN,C[C@H]1[C@H](N)CN1c1cc2c(cc1F)c(=O)c(C(=O)O)cn2-c1ccc(F)cc1F,2.0,C20H16F3N3O3,403.36
CHEMBL134702,BUTANE,CCCC,1.0,C4H10,58.12
CHEMBL1219,RABEPRAZOLE,COCCCOc1ccnc(C[S+]([O-])c2nc3ccccc3[nH]2)c1C,4.0,C18H21N3O3S,359.45
CHEMBL435191,EDOTECARIN,O=C1c2c(c3c4ccc(O)cc4n([C@@H]4O[C@H](CO)[C@@H](O)[C@H](O)[C@H]4O)c3c3[nH]c4cc(O)ccc4c23)C(=O)N1NC(CO)CO,3.0,C29H28N4O11,608.56
CHEMBL1220,TINIDAZOLE,CCS(=O)(=O)CCn1c([N+](=O)[O-])cnc1C,4.0,C8H13N3O4S,247.28
CHEMBL134920,AZANIDAZOLE,Cn1c([N+](=O)[O-])cnc1/C=C/c1ccnc(N)n1,2.0,C10H10N6O2,246.23
CHEMBL135000,CARNIDAZOLE,COC(=S)NCCn1c([N+](=O)[O-])cnc1C,2.0,C8H12N4O3S,244.28
CHEMBL334786,IPRONIDAZOLE,CC(C)c1ncc([N+](=O)[O-])n1C,2.0,C7H11N3O2,169.18
CHEMBL337379,TIACRILAST,CSc1ccc2ncn(/C=C/C(=O)O)c(=O)c2c1,2.0,C12H10N2O3S,262.29
CHEMBL134570,AFALANINE,CC(=O)NC(Cc1ccccc1)C(=O)O,2.0,C11H13NO3,207.23
CHEMBL132767,TRAPIDIL,CCN(CC)c1cc(C)nc2ncnn12,2.0,C10H15N5,205.26
CHEMBL1221,SULCONAZOLE,Clc1ccc(CSC(Cn2ccnc2)c2ccc(Cl)cc2Cl)cc1,4.0,C18H15Cl3N2S,397.76
CHEMBL134641,SABCOMELINE,CO/N=C(\C#N)[C@H]1CN2CCC1CC2,2.0,C10H15N3O,193.25
CHEMBL135400,ZOPICLONE,CN1CCN(C(=O)OC2c3nccnc3C(=O)N2c2ccc(Cl)cn2)CC1,4.0,C17H17ClN6O3,388.82
CHEMBL424278,O-CHLOROACETYLCARBAMOYLFUMAGILLOL,CO[C@@H]1[C@H](OC(=O)NC(=O)CCl)CC[C@]2(CO2)[C@H]1[C@@]1(C)O[C@@H]1CC=C(C)C,2.0,C19H28ClNO6,401.89
CHEMBL138225,EPRISTERIDE,CC(C)(C)NC(=O)[C@H]1CC[C@H]2[C@@H]3CC=C4C=C(C(=O)O)CC[C@]4(C)[C@H]3CC[C@]12C,2.0,C25H37NO3,399.58
CHEMBL1223,PENICILLIN G POTASSIUM,CC1(C)S[C@@H]2[C@H](NC(=O)Cc3ccccc3)C(=O)N2[C@H]1C(=O)[O-].[K+],4.0,C16H17KN2O4S,372.49
CHEMBL136800,CX516,O=C(c1ccc2nccnc2c1)N1CCCCC1,2.0,C14H15N3O,241.29
CHEMBL1224,ACRIVASTINE,Cc1ccc(/C(=C\CN2CCCC2)c2cccc(/C=C/C(=O)O)n2)cc1,4.0,C22H24N2O2,348.45
CHEMBL136711,BIRIPERONE,O=C(CCCN1CCN2Cc3[nH]c4ccccc4c3CC2C1)c1ccc(F)cc1,2.0,C24H26FN3O,391.49
CHEMBL344159,TOLVAPTAN,Cc1ccccc1C(=O)Nc1ccc(C(=O)N2CCCC(O)c3cc(Cl)ccc32)c(C)c1,4.0,C26H25ClN2O3,448.95
CHEMBL343803,ICOFUNGIPEN,C=C1C[C@H](N)[C@H](C(=O)O)C1,2.0,C7H11NO2,141.17
CHEMBL341578,AMIPERONE,CN(C)C(=O)C1(c2ccc(Cl)cc2)CCN(CCCC(=O)c2ccc(F)cc2)CC1,2.0,C24H28ClFN2O2,430.95
CHEMBL1227,NORMORPHINE,Oc1ccc2c3c1O[C@H]1[C@@H](O)C=C[C@H]4[C@@H](C2)NCC[C@@]341,2.0,C16H17NO3,271.32
CHEMBL1228,OXYPHENBUTAZONE ANHYDROUS,CCCCC1C(=O)N(c2ccccc2)N(c2ccc(O)cc2)C1=O,4.0,C19H20N2O3,324.38
CHEMBL136807,VEDACLIDINE,CCCCSc1nsnc1C1CN2CCC1CC2,2.0,C13H21N3S2,283.47
CHEMBL136298,ACEPERONE,CC(=O)NCC1(c2ccccc2)CCN(CCCC(=O)c2ccc(F)cc2)CC1,2.0,C24H29FN2O2,396.51
CHEMBL1229,OSELTAMIVIR,CCOC(=O)C1=C[C@@H](OC(CC)CC)[C@H](NC(C)=O)[C@@H](N)C1,4.0,C16H28N2O4,312.41
CHEMBL139367,PERAMIVIR ANHYDROUS,CCC(CC)[C@H](NC(C)=O)[C@@H]1[C@H](O)[C@@H](C(=O)O)C[C@H]1NC(=N)N,4.0,C15H28N4O4,328.41
CHEMBL343565,BROCRINAT,O=C(O)COc1ccc2c(-c3ccccc3F)noc2c1Br,2.0,C15H9BrFNO4,366.14
CHEMBL341812,IBUFENAC,CC(C)Cc1ccc(CC(=O)O)cc1,4.0,C12H16O2,192.26
CHEMBL1231,OXYBUTYNIN,CCN(CC)CC#CCOC(=O)C(O)(c1ccccc1)C1CCCCC1,4.0,C22H31NO3,357.49
CHEMBL136497,IRSOGLADINE,Nc1nc(N)nc(-c2cc(Cl)ccc2Cl)n1,2.0,C9H7Cl2N5,256.10
CHEMBL1232,ERTAPENEM SODIUM,C[C@@H](O)[C@H]1C(=O)N2C(C(=O)[O-])=C(S[C@@H]3CN[C@H](C(=O)Nc4cccc(C(=O)O)c4)C3)[C@H](C)[C@H]12.[Na+],4.0,C22H24N3NaO7S,497.51
CHEMBL136737,NIMUSTINE,Cc1ncc(CNC(=O)N(CCCl)N=O)c(N)n1,2.0,C9H13ClN6O2,272.70
CHEMBL138093,SENAZODAN,O=C1CCC(c2ccc(Nc3ccncc3)cc2)=NN1,2.0,C15H14N4O,266.30
CHEMBL1233,CARISOPRODOL,CCCC(C)(COC(N)=O)COC(=O)NC(C)C,4.0,C12H24N2O4,260.33
CHEMBL1234,DEFEROXAMINE MESYLATE,CC(=O)N(O)CCCCCNC(=O)CCC(=O)N(O)CCCCCNC(=O)CCC(=O)N(O)CCCCCN.CS(=O)(=O)O,4.0,C26H52N6O11S,656.80
CHEMBL1237,LISINOPRIL ANHYDROUS,NCCCC[C@H](N[C@@H](CCc1ccccc1)C(=O)O)C(=O)N1CCC[C@H]1C(=O)O,4.0,C21H31N3O5,405.50
CHEMBL1238,AZELAIC ACID,O=C(O)CCCCCCCC(=O)O,4.0,C9H16O4,188.22
CHEMBL138029,UTIBAPRIL,CCOC(=O)[C@H](CCc1ccccc1)N[C@@H](C)C(=O)N1N=C(C(C)(C)C)S[C@H]1C(=O)O,2.0,C22H31N3O5S,449.57
CHEMBL1239,BENZYL BENZOATE,O=C(OCc1ccccc1)c1ccccc1,4.0,C14H12O2,212.25
CHEMBL1240,PROPANTHELINE BROMIDE,CC(C)[N+](C)(CCOC(=O)C1c2ccccc2Oc2ccccc21)C(C)C.[Br-],4.0,C23H30BrNO3,448.40
CHEMBL1241,TRIPELENNAMINE,CN(C)CCN(Cc1ccccc1)c1ccccn1,4.0,C16H21N3,255.37
CHEMBL1242,PHENAZOPYRIDINE,Nc1ccc(/N=N/c2ccccc2)c(N)n1,4.0,C11H11N5,213.24
CHEMBL341922,KETOPROFEN SODIUM,CC(C(=O)[O-])c1cccc(C(=O)c2ccccc2)c1.[Na+],2.0,C16H13NaO3,276.27
CHEMBL342372,UTIBAPRILAT,C[C@H](N[C@@H](CCc1ccccc1)C(=O)O)C(=O)N1N=C(C(C)(C)C)S[C@H]1C(=O)O,2.0,C20H27N3O5S,421.52
CHEMBL141450,SAVIPRAZOLE,[O-][S+](Cc1cc(OCC(F)(F)C(F)(F)C(F)(F)F)ccn1)c1nc2cscc2[nH]1,2.0,C15H10F7N3O2S2,461.38
CHEMBL141305,CYCLOFENIL,CC(=O)Oc1ccc(C(=C2CCCCC2)c2ccc(OC(C)=O)cc2)cc1,4.0,C23H24O4,364.44
CHEMBL336712,APTAZAPINE,CN1CCN2c3ccccc3Cn3cccc3C2C1,2.0,C16H19N3,253.35
CHEMBL141837,PENTISOMIDE,CC(C)CC(CCN(C(C)C)C(C)C)(C(N)=O)c1ccccn1,2.0,C19H33N3O,319.49
CHEMBL139877,SULFACARBAMIDE,NC(=O)NS(=O)(=O)c1ccc(N)cc1,4.0,C7H9N3O3S,215.23
CHEMBL1243,SULFABENZAMIDE,Nc1ccc(S(=O)(=O)NC(=O)c2ccccc2)cc1,4.0,C13H12N2O3S,276.32
CHEMBL142703,VILDAGLIPTIN,N#C[C@@H]1CCCN1C(=O)CNC12CC3CC(CC(O)(C3)C1)C2,4.0,C17H25N3O2,303.41
CHEMBL356066,DACINOSTAT,O=C(/C=C/c1ccc(CN(CCO)CCc2c[nH]c3ccccc23)cc1)NO,2.0,C22H25N3O3,379.46
CHEMBL140050,ETORPHINE,CCC[C@@](C)(O)[C@H]1C[C@@]23C=C[C@]1(OC)[C@@H]1Oc4c(O)ccc5c4[C@@]12CCN(C)[C@@H]3C5,2.0,C25H33NO4,411.54
CHEMBL141157,IMOCITRELVIR,C#CC[C@@H](C(=O)N[C@H](/C=C/C(=O)OCC)C[C@@H]1CCNC1=O)n1cccc(NC(=O)c2cc(C)on2)c1=O,2.0,C26H29N5O7,523.55
CHEMBL435224,LAPAQUISTAT ACETATE,COc1cccc([C@H]2O[C@H](CC(=O)N3CCC(CC(=O)O)CC3)C(=O)N(CC(C)(C)COC(C)=O)c3ccc(Cl)cc32)c1OC,3.0,C33H41ClN2O9,645.15
CHEMBL1245,TRIMETHAPHAN CAMSYLATE,CC1(C)C2CCC1(CS(=O)(=O)[O-])C(=O)C2.O=C1N(Cc2ccccc2)C2C[S+]3CCCC3C2N1Cc1ccccc1,4.0,C32H40N2O5S2,596.82
CHEMBL139835,CYPROTERONE ACETATE,CC(=O)O[C@]1(C(C)=O)CC[C@H]2[C@@H]3C=C(Cl)C4=CC(=O)[C@@H]5C[C@@H]5[C@]4(C)[C@H]3CC[C@@]21C,3.0,C24H29ClO4,416.95
CHEMBL142218,LAFLUNIMUS,Cc1cc(NC(=O)/C(C#N)=C(\O)C2CC2)ccc1C(F)(F)F,2.0,C15H13F3N2O2,310.27
CHEMBL1248,FLUORIDE ION F-18,[18F-],3.0,F-,18.00
CHEMBL142304,STILBAMIDINE,N=C(N)c1ccc(/C=C/c2ccc(C(=N)N)cc2)cc1,2.0,C16H16N4,264.33
CHEMBL142652,PICEID,OC[C@H]1O[C@@H](Oc2cc(O)cc(/C=C/c3ccc(O)cc3)c2)[C@H](O)[C@@H](O)[C@@H]1O,2.0,C20H22O8,390.39
CHEMBL358850,D-LACTIC ACID,C[C@@H](O)C(=O)O,3.0,C3H6O3,90.08
CHEMBL142635,NAFTOPIDIL,COc1ccccc1N1CCN(CC(O)COc2cccc3ccccc23)CC1,4.0,C24H28N2O3,392.50
CHEMBL345937,ULIFLOXACIN,CC1Sc2c(C(=O)O)c(=O)c3cc(F)c(N4CCNCC4)cc3n21,2.0,C16H16FN3O3S,349.39
CHEMBL142464,CGC-11047,CCNCCCNC/C=C\CNCCCNCC,2.0,C14H32N4,256.44
CHEMBL1256,ISOFLURANE,FC(F)OC(Cl)C(F)(F)F,4.0,C3H2ClF5O,184.49
CHEMBL422648,PRULIFLOXACIN,Cc1oc(=O)oc1CN1CCN(c2cc3c(cc2F)c(=O)c(C(=O)O)c2n3C(C)S2)CC1,3.0,C21H20FN3O6S,461.47
CHEMBL143941,TEFLURANE,FC(Br)C(F)(F)F,2.0,C2HBrF4,180.93
CHEMBL142438,NITROGEN,N#N,4.0,N2,28.01
CHEMBL141446,FLUROXENE,C=COCC(F)(F)F,2.0,C4H5F3O,126.08
CHEMBL442218,PROCYSTEINE,O=C1N[C@H](C(=O)O)CS1,2.0,C4H5NO3S,147.16
CHEMBL1257,ENFLURANE,FC(F)OC(F)(F)C(F)Cl,4.0,C3H2ClF5O,184.49
CHEMBL356359,PIBOSEROD,CCCCN1CCC(CNC(=O)c2c3n(c4ccccc24)CCCO3)CC1,2.0,C22H31N3O2,369.51
CHEMBL357764,ANISPERIMUS,C[C@@H](N)CCNCCCCNC(=O)OCC(=O)NCCCCCCNC(=N)N,2.0,C18H39N7O3,401.56
CHEMBL1259,METOCURINE,COc1ccc2cc1Oc1cc3c(cc1OC)CC[N+](C)(C)[C@H]3Cc1ccc(cc1)Oc1c(OC)c(OC)cc3c1[C@@H](C2)[N+](C)(C)CC3,4.0,C40H48N2O6+2,652.83
CHEMBL356323,CIPAMFYLLINE,Nc1nc2c([nH]1)c(=O)n(CC1CC1)c(=O)n2CC1CC1,2.0,C13H17N5O2,275.31
CHEMBL344760,AMINOTHIAZOLE,Nc1nccs1,2.0,C3H4N2S,100.15
CHEMBL1261,CITRIC ACID,O=C(O)CC(O)(CC(=O)O)C(=O)O,4.0,C6H8O7,192.12
CHEMBL144673,HEXETIDINE,CCCCC(CC)CN1CN(CC(CC)CCCC)CC(C)(N)C1,4.0,C21H45N3,339.61
CHEMBL144399,MEDORINONE,Cc1nccc2[nH]c(=O)ccc12,2.0,C9H8N2O,160.18
CHEMBL359227,INULINE,CCN1C[C@]2(COC(=O)c3ccccc3N)CC[C@H](OC)[C@]34C5C[C@@H]6[C@@H](OC)C[C@@](O)(C5[C@H]6OC)[C@@](O)(C13)[C@@H](OC)C24,1.0,C32H46N2O8,586.73
CHEMBL356301,LOTRAFIBAN,CN1Cc2cc(C(=O)N3CCC(C4CCNCC4)CC3)ccc2N[C@@H](CC(=O)O)C1=O,2.0,C23H32N4O4,428.53
CHEMBL144620,FLUROFAMIDE,NP(N)(=O)NC(=O)c1ccc(F)cc1,2.0,C7H9FN3O2P,217.14
CHEMBL358722,TIMONACIC,O=C(O)C1CSCN1,2.0,C4H7NO2S,133.17
CHEMBL145347,LASALOCID,CC[C@@H](C(=O)[C@@H](C)[C@@H](O)[C@H](C)CCc1ccc(C)c(O)c1C(=O)O)[C@H]1O[C@](CC)([C@H]2CC[C@](O)(CC)[C@H](C)O2)C[C@@H]1C,2.0,C34H54O8,590.80
CHEMBL1262,OXICONAZOLE,Clc1ccc(CO/N=C(\Cn2ccnc2)c2ccc(Cl)cc2Cl)c(Cl)c1,4.0,C18H13Cl4N3O,429.13
CHEMBL147580,FLOSULIDE,CS(=O)(=O)Nc1cc2c(cc1Oc1ccc(F)cc1F)C(=O)CC2,2.0,C16H13F2NO4S,353.35
CHEMBL147806,GSK-369796,CC(C)(C)NCc1ccc(Nc2ccnc3cc(Cl)ccc23)cc1O,1.0,C20H22ClN3O,355.87
CHEMBL1263,SALMETEROL,OCc1cc(C(O)CNCCCCCCOCCCCc2ccccc2)ccc1O,4.0,C25H37NO4,415.57
CHEMBL343633,ESATENOLOL,CC(C)NC[C@H](O)COc1ccc(CC(N)=O)cc1,2.0,C14H22N2O3,266.34
CHEMBL357858,FLURADOLINE,CNCCSC1=Cc2ccccc2Oc2ccc(F)cc21,2.0,C17H16FNOS,301.39
CHEMBL146727,PIPRAMADOL,CC(C(=O)N(C)C1CCCCC1)C1(O)CCN(CCc2ccccc2Cl)CC1,2.0,C23H35ClN2O2,407.00
CHEMBL148635,PIPRADIMADOL,CN(C(=O)C(C)(C)C1(O)CCN(CCc2ccccc2Cl)CC1)C1CCCCC1,2.0,C24H37ClN2O2,421.03
CHEMBL146408,AMIDEPHRINE MESYLATE,CNCC(O)c1cccc(NS(C)(=O)=O)c1,2.0,C10H16N2O3S,244.32
CHEMBL146032,LONAPRISAN,CC(=O)c1ccc([C@H]2C[C@@]3(C)[C@@H](CC[C@@]3(O)C(F)(F)C(F)(F)F)[C@@H]3CCC4=CC(=O)CCC4=C32)cc1,2.0,C28H29F5O3,508.53
CHEMBL1265,ADAPALENE,COc1ccc(-c2ccc3cc(C(=O)O)ccc3c2)cc1C12CC3CC(CC(C3)C1)C2,4.0,C28H28O3,412.53
CHEMBL146506,MOFAROTENE,C/C(=C\c1ccc(OCCN2CCOCC2)cc1)c1ccc2c(c1)C(C)(C)CCC2(C)C,2.0,C29H39NO2,433.64
CHEMBL357440,PIVOXAZEPAM,CC(C)(C)C(=O)OC1N=C(c2ccccc2)c2cc(Cl)ccc2NC1=O,2.0,C20H19ClN2O3,370.84
CHEMBL146095,GLAFENINE,O=C(OCC(O)CO)c1ccccc1Nc1ccnc2cc(Cl)ccc12,4.0,C19H17ClN2O4,372.81
CHEMBL146673,(NORTH)-METHANOCARBATHYMIDINE,Cc1cn([C@H]2C[C@H](O)[C@]3(CO)C[C@H]23)c(=O)[nH]c1=O,1.0,C12H16N2O4,252.27
CHEMBL1266,TETRAHYDROZOLINE,c1ccc2c(c1)CCCC2C1=NCCN1,4.0,C13H16N2,200.28
CHEMBL358373,INDANIDINE,Cn1cc2c(NC3=NCCN3)cccc2n1,2.0,C11H13N5,215.26
CHEMBL1267,LERIGLITAZONE,CC(O)c1ccc(CCOc2ccc(CC3SC(=O)NC3=O)cc2)nc1,3.0,C19H20N2O4S,372.45
CHEMBL146624,MITOGLITAZONE,CCc1ccc(C(=O)COc2ccc(CC3SC(=O)NC3=O)cc2)nc1,2.0,C19H18N2O4S,370.43
CHEMBL149616,AZEPEXOLE,CCN1CCc2nc(N)oc2CC1,2.0,C9H15N3O,181.24
CHEMBL146428,IMEXON,N=C1NC(=O)N2CC12,2.0,C4H5N3O,111.10
CHEMBL1271,PENTOLINIUM,C[N+]1(CCCCC[N+]2(C)CCCC2)CCCC1,4.0,C15H32N2+2,240.44
CHEMBL149082,TRAMIPROSATE,NCCCS(=O)(=O)O,3.0,C3H9NO3S,139.18
CHEMBL424133,LY-518674,Cc1ccc(Cn2nc(CCCc3ccc(OC(C)(C)C(=O)O)cc3)nc2O)cc1,2.0,C23H27N3O4,409.49
CHEMBL148824,YOHIMBIC ACID,O=C(O)[C@@H]1[C@H]2C[C@H]3c4[nH]c5ccccc5c4CCN3C[C@@H]2CC[C@@H]1O,2.0,C20H24N2O3,340.42
CHEMBL146972,PHOSPHORYLETHANOLAMINE,NCCOP(=O)(O)O,2.0,C2H8NO4P,141.06
CHEMBL347491,GUAISTEINE,COc1ccccc1OCC1SCCN1C(=O)CSC(C)=O,2.0,C15H19NO4S2,341.45
CHEMBL149930,MEGLITINIDE,COc1ccc(Cl)cc1C(=O)NCCc1ccc(C(=O)O)cc1,2.0,C17H16ClNO4,333.77
CHEMBL146980,MOGUISTEINE,CCOC(=O)CC(=O)N1CCSC1COc1ccccc1OC,2.0,C16H21NO5S,339.41
CHEMBL148674,VARESPLADIB,CCc1c(C(=O)C(N)=O)c2c(OCC(=O)O)cccc2n1Cc1ccccc1,2.0,C21H20N2O5,380.40
CHEMBL146927,CPP-115 FREE BASE,N[C@H]1C[C@@H](C(=O)O)CC1=C(F)F,1.0,C7H9F2NO2,177.15
CHEMBL1272,REPAGLINIDE,CCOc1cc(CC(=O)N[C@@H](CC(C)C)c2ccccc2N2CCCCC2)ccc1C(=O)O,4.0,C27H36N2O4,452.60
CHEMBL151445,DROPROPIZINE,OCC(O)CN1CCN(c2ccccc2)CC1,3.0,C13H20N2O2,236.32
CHEMBL359164,TROXACITABINE,Nc1ccn([C@@H]2CO[C@H](CO)O2)c(=O)n1,2.0,C8H11N3O4,213.19
CHEMBL146817,MOTRAZEPAM,COCN1C(=O)CN=C(c2ccccc2)c2cc([N+](=O)[O-])ccc21,2.0,C17H15N3O4,325.32
CHEMBL1274,NILUTAMIDE,CC1(C)NC(=O)N(c2ccc([N+](=O)[O-])c(C(F)(F)F)c2)C1=O,4.0,C12H10F3N3O4,317.22
CHEMBL1275,PERGOLIDE MESYLATE,CCCN1C[C@H](CSC)C[C@@H]2c3cccc4[nH]cc(c34)C[C@H]21.CS(=O)(=O)O,4.0,C20H30N2O3S2,410.61
CHEMBL1278,NARATRIPTAN,CNS(=O)(=O)CCc1ccc2[nH]cc(C3CCN(C)CC3)c2c1,4.0,C17H25N3O2S,335.47
CHEMBL1279,FROVATRIPTAN,CN[C@@H]1CCc2[nH]c3ccc(C(N)=O)cc3c2C1,4.0,C14H17N3O,243.31
CHEMBL346631,CEP-7055,CC(C)OCc1ccc2c(c1)c1c3c(c4c(c1n2CCCOC(=O)CN(C)C)Cc1ccccc1-4)C(=O)NC3,1.0,C32H35N3O4,525.65
CHEMBL1280,VERAPAMIL HYDROCHLORIDE,COc1ccc(CCN(C)CCCC(C#N)(c2ccc(OC)c(OC)c2)C(C)C)cc1OC.Cl,4.0,C27H39ClN2O4,491.07
CHEMBL149972,PHENOBARBITAL SODIUM,CCC1(c2ccccc2)C(=O)N=C([O-])NC1=O.[Na+],4.0,C12H11N2NaO3,254.22
CHEMBL150894,CEP-5214,CC(C)OCc1ccc2c(c1)c1c3c(c4c(c1n2CCCO)Cc1ccccc1-4)C(=O)NC3,1.0,C28H28N2O3,440.54
CHEMBL151803,SULBENTINE,S=C1SCN(Cc2ccccc2)CN1Cc1ccccc1,2.0,C17H18N2S2,314.48
CHEMBL150365,BAZINAPRINE,N#Cc1cc(-c2ccccc2)nnc1NCCN1CCOCC1,2.0,C17H19N5O,309.37
CHEMBL150980,MOXIRAPRINE,Cc1cc(-c2ccc(O)cc2)nnc1NCCN1CCOCC1,2.0,C17H22N4O2,314.39
CHEMBL1282,IMIQUIMOD,CC(C)Cn1cnc2c(N)nc3ccccc3c21,4.0,C14H16N4,240.31
CHEMBL150283,FENOCTIMINE,CCCCCCCC/N=C/N1CCC(C(c2ccccc2)c2ccccc2)CC1,2.0,C27H38N2,390.62
CHEMBL149579,AZIMEXON,CC(C)(N1CC1C#N)N1CC1C(N)=O,2.0,C9H14N4O,194.24
CHEMBL151475,ABAPERIDONE,O=c1c(CO)coc2cc(OCCCN3CCC(c4noc5cc(F)ccc45)CC3)ccc12,2.0,C25H25FN2O5,452.48
CHEMBL348000,CINCHOPHEN,O=C(O)c1cc(-c2ccccc2)nc2ccccc12,4.0,C16H11NO2,249.27
CHEMBL153427,OXAGRELATE,CCOC(=O)c1c(C)cc2c(CO)n[nH]c(=O)c2c1C,2.0,C14H16N2O4,276.29
CHEMBL150764,BUFROLIN,CCCCc1cc2c(=O)cc(C(=O)O)[nH]c2c2c(=O)cc(C(=O)O)[nH]c12,2.0,C18H16N2O6,356.33
CHEMBL1286,LEVETIRACETAM,CC[C@@H](C(N)=O)N1CCCC1=O,4.0,C8H14N2O2,170.21
CHEMBL356388,ETAZOLATE,CCOC(=O)c1cnc2c(cnn2CC)c1NN=C(C)C,2.0,C14H19N5O2,289.34
CHEMBL150303,NORTOPIXANTRONE,CNCCNc1ccc2c3c(nn2CCNCCO)-c2cnccc2C(=O)c13,2.0,C20H24N6O2,380.45
CHEMBL153774,TOPIXANTRONE,CN(C)CCNc1ccc2c3c(nn2CCNCCO)-c2cnccc2C(=O)c13,2.0,C21H26N6O2,394.48
CHEMBL358392,TASULDINE,c1cnc(SCc2cccnc2)nc1,2.0,C10H9N3S,203.27
CHEMBL155625,INDOLE-3-CARBINOL,OCc1c[nH]c2ccccc12,2.0,C9H9NO,147.18
CHEMBL153613,EFLUMAST,CC(=O)c1cc(F)cc(NC(=O)c2nnn[nH]2)c1O,2.0,C10H8FN5O3,265.20
CHEMBL153479,AMBROXOL,Nc1c(Br)cc(Br)cc1CN[C@H]1CC[C@H](O)CC1,3.0,C13H18Br2N2O,378.11
CHEMBL358040,NORFENEFRINE,NCC(O)c1cccc(O)c1,2.0,C8H11NO2,153.18
CHEMBL1289,HALOPROGIN,Clc1cc(Cl)c(OCC#CI)cc1Cl,4.0,C9H4Cl3IO,361.39
CHEMBL346178,OSANETANT,CC(=O)N(C)C1(c2ccccc2)CCN(CCC[C@]2(c3ccc(Cl)c(Cl)c3)CCCN(C(=O)c3ccccc3)C2)CC1,2.0,C35H41Cl2N3O2,606.64
CHEMBL152408,PIMETHIXENE,CN1CCC(=C2c3ccccc3Sc3ccccc32)CC1,2.0,C19H19NS,293.43
CHEMBL152452,SIALIC ACID,CC(=O)N[C@H]1[C@H]([C@@H](O)[C@@H](O)CO)O[C@@](O)(C(=O)O)C[C@@H]1O,2.0,C11H19NO9,309.27
CHEMBL152632,NIRIDAZOLE,O=C1NCCN1c1ncc([N+](=O)[O-])s1,2.0,C6H6N4O3S,214.21
CHEMBL151938,MILAMELINE,CO/N=C/C1=CCCN(C)C1,2.0,C8H14N2O,154.21
CHEMBL1290,PENBUTOLOL,CC(C)(C)NC[C@H](O)COc1ccccc1C1CCCC1,4.0,C18H29NO2,291.44
CHEMBL345524,ANTRAFENINE,O=C(OCCN1CCN(c2cccc(C(F)(F)F)c2)CC1)c1ccccc1Nc1ccnc2cc(C(F)(F)F)ccc12,4.0,C30H26F6N4O2,588.55
CHEMBL348251,BUCLOSAMIDE,CCCCNC(=O)c1ccc(Cl)cc1O,2.0,C11H14ClNO2,227.69
CHEMBL152684,BECLOBRATE,CCOC(=O)C(C)(CC)Oc1ccc(Cc2ccc(Cl)cc2)cc1,4.0,C20H23ClO3,346.85
CHEMBL152371,PAFENOLOL,CC(C)NCC(O)COc1ccc(CCNC(=O)NC(C)C)cc1,2.0,C18H31N3O3,337.46
CHEMBL1291,METIPRANOLOL,CC(=O)Oc1c(C)cc(OCC(O)CNC(C)C)c(C)c1C,4.0,C17H27NO4,309.41
CHEMBL347425,ROLODINE,Cc1nc(NCc2ccccc2)c2cc[nH]c2n1,2.0,C14H14N4,238.29
CHEMBL152231,AMOSULALOL,COc1ccccc1OCCNCC(O)c1ccc(C)c(S(N)(=O)=O)c1,2.0,C18H24N2O5S,380.47
CHEMBL357513,NADOXOLOL,N/C(CC(O)COc1cccc2ccccc12)=N/O,2.0,C14H16N2O3,260.29
CHEMBL1292,CLOFAZIMINE,CC(C)/N=c1\cc2n(-c3ccc(Cl)cc3)c3ccccc3nc-2cc1Nc1ccc(Cl)cc1,4.0,C27H22Cl2N4,473.41
CHEMBL347795,XIBENOLOL,Cc1cccc(OCC(O)CNC(C)(C)C)c1C,2.0,C15H25NO2,251.37
CHEMBL424518,SULFINALOL,COc1ccc(CCC(C)NCC(O)c2ccc(O)c([S+](C)[O-])c2)cc1,2.0,C20H27NO4S,377.51
CHEMBL1293,BETA CAROTENE,CC1=C(/C=C/C(C)=C/C=C/C(C)=C/C=C/C=C(C)/C=C/C=C(C)/C=C/C2=C(C)CCCC2(C)C)C(C)(C)CCC1,4.0,C40H56,536.89
CHEMBL357995,BOPINDOLOL,Cc1cc2c(OCC(CNC(C)(C)C)OC(=O)c3ccccc3)cccc2[nH]1,2.0,C23H28N2O3,380.49
CHEMBL152067,TALINOLOL,CC(C)(C)NCC(O)COc1ccc(NC(=O)NC2CCCCC2)cc1,2.0,C20H33N3O3,363.50
CHEMBL153585,INDENOLOL,CC(C)NCC(O)COc1cccc2c1C=CC2,2.0,C15H21NO2,247.34
CHEMBL358930,BUTIDRINE,CCC(C)NCC(O)c1ccc2c(c1)CCCC2,2.0,C16H25NO,247.38
CHEMBL1294,QUINIDINE,C=C[C@H]1CN2CC[C@H]1C[C@@H]2[C@@H](O)c1ccnc2ccc(OC)cc12,4.0,C20H24N2O2,324.42
CHEMBL156901,MOPROLOL,COc1ccccc1OCC(O)CNC(C)C,2.0,C13H21NO3,239.32
CHEMBL1295,BUTOCONAZOLE,Clc1ccc(CCC(Cn2ccnc2)Sc2c(Cl)cccc2Cl)cc1,4.0,C19H17Cl3N2S,411.79
CHEMBL1296,CEFOTIAM,CN(C)CCn1nnnc1SCC1=C(C(=O)O)N2C(=O)[C@@H](NC(=O)Cc3csc(N)n3)[C@H]2SC1,4.0,C18H23N9O4S3,525.64
CHEMBL154111,SALSALATE,O=C(Oc1ccccc1C(=O)O)c1ccccc1O,2.0,C14H10O5,258.23
CHEMBL154166,ACEDAPSONE,CC(=O)Nc1ccc(S(=O)(=O)c2ccc(NC(C)=O)cc2)cc1,2.0,C16H16N2O4S,332.38
CHEMBL1297,FENOPROFEN,CC(C(=O)O)c1cccc(Oc2ccccc2)c1,4.0,C15H14O3,242.27
CHEMBL155622,NIPRADILOL,CC(C)NCC(O)COc1cccc2c1OCC(O[N+](=O)[O-])C2,2.0,C15H22N2O6,326.35
CHEMBL345714,ACIPIMOX,Cc1cnc(C(=O)O)c[n+]1[O-],4.0,C6H6N2O3,154.12
CHEMBL153983,RONIFIBRATE,CC(C)(Oc1ccc(Cl)cc1)C(=O)OCCCOC(=O)c1cccnc1,2.0,C19H20ClNO5,377.82
CHEMBL153984,BEFUNOLOL,CC(=O)c1cc2cccc(OCC(O)CNC(C)C)c2o1,2.0,C16H21NO4,291.35
CHEMBL157443,BUTOFILOLOL,CCCC(=O)c1cc(F)ccc1OCC(O)CNC(C)(C)C,2.0,C17H26FNO3,311.40
CHEMBL156791,CLORANOLOL,CC(C)(C)NCC(O)COc1cc(Cl)ccc1Cl,2.0,C13H19Cl2NO2,292.21
CHEMBL347830,BUFETOLOL,CC(C)(C)NCC(O)COc1ccccc1OCC1CCCO1,2.0,C18H29NO4,323.43
CHEMBL156885,CETAMOLOL,CNC(=O)COc1ccccc1OCC(O)CNC(C)(C)C,2.0,C16H26N2O4,310.39
CHEMBL349807,BUCUMOLOL,Cc1ccc(OCC(O)CNC(C)(C)C)c2oc(=O)ccc12,2.0,C17H23NO4,305.37
CHEMBL350775,BIRICODAR,COc1cc(C(=O)C(=O)N2CCCC[C@H]2C(=O)OC(CCCc2cccnc2)CCCc2cccnc2)cc(OC)c1OC,2.0,C34H41N3O7,603.72
CHEMBL157337,RAMIFENAZONE,Cc1c(NC(C)C)c(=O)n(-c2ccccc2)n1C,2.0,C14H19N3O,245.33
CHEMBL153867,PIRIFIBRATE,CC(C)(Oc1ccc(Cl)cc1)C(=O)OCc1cccc(CO)n1,2.0,C17H18ClNO4,335.79
CHEMBL157101,KETOCONAZOLE,CC(=O)N1CCN(c2ccc(OCC3COC(Cn4ccnc4)(c4ccc(Cl)cc4Cl)O3)cc2)CC1,4.0,C26H28Cl2N4O4,531.44
CHEMBL358150,ETOFIBRATE,CC(C)(Oc1ccc(Cl)cc1)C(=O)OCCOC(=O)c1cccnc1,2.0,C18H18ClNO5,363.80
CHEMBL356918,ENILCONAZOLE,C=CCOC(Cn1ccnc1)c1ccc(Cl)cc1Cl,2.0,C14H14Cl2N2O,297.19
CHEMBL170,QUININE,C=C[C@H]1CN2CC[C@H]1C[C@H]2[C@H](O)c1ccnc2ccc(OC)cc12,4.0,C20H24N2O2,324.42
CHEMBL346235,DIAMTHAZOLE DIHYDROCHLORIDE,CCN(CC)CCOc1ccc2nc(N(C)C)sc2c1.Cl.Cl,4.0,C15H25Cl2N3OS,366.36
CHEMBL152649,CHLORMIDAZOLE,Cc1nc2ccccc2n1Cc1ccc(Cl)cc1,2.0,C15H13ClN2,256.74
CHEMBL356479,CHLORDANTOIN,CCCCC(CC)C1NC(=O)N(SC(Cl)(Cl)Cl)C1=O,2.0,C11H17Cl3N2O2S,347.70
CHEMBL1301,HYDROXYSTILBAMIDINE,N=C(N)c1ccc(/C=C/c2ccc(C(=N)N)cc2O)cc1,4.0,C16H16N4O,280.33
CHEMBL155572,2-(AMINOMETHYL)PHENOL,NCc1ccccc1O,2.0,C7H9NO,123.15
CHEMBL1303,ROTIGOTINE,CCCN(CCc1cccs1)[C@H]1CCc2c(O)cccc2C1,4.0,C19H25NOS,315.48
CHEMBL349803,PIRETANIDE,NS(=O)(=O)c1cc(C(=O)O)cc(N2CCCC2)c1Oc1ccccc1,4.0,C17H18N2O5S,362.41
CHEMBL1305,ANTAZOLINE,c1ccc(CN(CC2=NCCN2)c2ccccc2)cc1,4.0,C17H19N3,265.36
CHEMBL154126,ORMELOXIFENE,COc1ccc2c(c1)OC(C)(C)C(c1ccccc1)C2c1ccc(OCCN2CCCC2)cc1,2.0,C30H35NO3,457.61
CHEMBL345237,PICLOZOTAN,O=C1c2ccccc2OC=C(Cl)N1CCCCN1CC=C(c2ccccn2)CC1,2.0,C23H24ClN3O2,409.92
CHEMBL154139,TAGORIZINE,Cc1ccc(/C=C/C(=O)NCCCCN2CCN(C(c3ccccc3)c3ccccc3)CC2)cn1,2.0,C30H36N4O,468.65
CHEMBL349811,TULOPAFANT,O=C(c1ccccc1)c1cccc(NC(=O)c2ccn3c2CS[C@@H]3c2cccnc2)c1,2.0,C25H19N3O2S,425.51
CHEMBL348475,TARIQUIDAR,COc1cc2c(cc1OC)CN(CCc1ccc(NC(=O)c3cc(OC)c(OC)cc3NC(=O)c3cnc4ccccc4c3)cc1)CC2,3.0,C38H38N4O6,646.74
CHEMBL155731,QUINELORANE,CCCN1CCC[C@@H]2Cc3nc(N)ncc3C[C@H]21,2.0,C14H22N4,246.36
CHEMBL155674,ASOBAMAST,CCOCCOC(=O)C(=O)Nc1nc(-c2cc(C)no2)cs1,2.0,C13H15N3O5S,325.35
CHEMBL155886,CERAMIDE,CCCCCCCCCCCCCCC[C@@H](O)[C@H](CO)NC(C)=O,2.0,C20H41NO3,343.55
CHEMBL347043,TOMOXIPROLE,COc1ccc(-c2nc3c4ccccc4ccc3n2C(C)C)cc1,2.0,C21H20N2O,316.40
CHEMBL346948,BINFLOXACIN,CCn1cc(C(=O)O)c(=O)c2cc(F)c(N3CCN4CCC3CC4)cc21,2.0,C19H22FN3O3,359.40
CHEMBL157548,DANOFLOXACIN,CN1C[C@@H]2C[C@H]1CN2c1cc2c(cc1F)c(=O)c(C(=O)O)cn2C1CC1,2.0,C19H20FN3O3,357.39
CHEMBL1308,FOMEPIZOLE,Cc1cn[nH]c1,4.0,C4H6N2,82.11
CHEMBL160347,BROFAROMINE,COc1cc(Br)c2oc(C3CCNCC3)cc2c1,2.0,C14H16BrNO2,310.19
CHEMBL157366,MOSEDIPIMOD,CCCCC/C=C\C/C=C\CCCCCCCC(=O)OC(COC(C)=O)COC(=O)CCCCCCCCCCCCCCC,2.0,C39H70O6,634.98
CHEMBL160519,PROCATEROL,CCC(NC(C)C)C(O)c1ccc(O)c2[nH]c(=O)ccc12,3.0,C16H22N2O3,290.36
CHEMBL350221,OXITRIPTAN,N[C@@H](Cc1c[nH]c2ccc(O)cc12)C(=O)O,3.0,C11H12N2O3,220.23
CHEMBL155962,TAZIFYLLINE,Cn1c(=O)c2c(ncn2CC(O)CN2CCN(CCCSc3ccccc3)CC2)n(C)c1=O,2.0,C23H32N6O3S,472.62
CHEMBL1311,ISOSORBIDE MONONITRATE,O=[N+]([O-])O[C@@H]1CO[C@H]2[C@@H]1OC[C@@H]2O,4.0,C6H9NO6,191.14
CHEMBL157138,LISURIDE,CCN(CC)C(=O)N[C@H]1C=C2c3cccc4[nH]cc(c34)C[C@H]2N(C)C1,3.0,C20H26N4O,338.46
CHEMBL422872,AZD-4769,O=C(O)CSC(CCCc1ccccc1)c1ccc(OCc2ccc3ccccc3n2)cc1,1.0,C28H27NO3S,457.60
CHEMBL160629,CICAPROST,CCC#CC[C@H](C)[C@H](O)C#C[C@@H]1[C@H]2C/C(=C/COCC(=O)O)C[C@H]2C[C@H]1O,2.0,C22H30O5,374.48
CHEMBL346919,APOCYNIN,COc1cc(C(C)=O)ccc1O,1.0,C9H10O3,166.18
CHEMBL1314,TIOPRONIN,CC(S)C(=O)NCC(=O)O,4.0,C5H9NO3S,163.20
CHEMBL351585,PAPAVEROLINE,Oc1ccc(Cc2nccc3cc(O)c(O)cc23)cc1O,2.0,C16H13NO4,283.28
CHEMBL446373,ELISARTAN,CCCCc1nc(Cl)c(C(=O)OC(C)OC(=O)OCC)n1Cc1ccc(-c2ccccc2-c2nn[nH]n2)cc1,2.0,C27H29ClN6O5,553.02
CHEMBL1316,CARPROFEN,CC(C(=O)O)c1ccc2c(c1)[nH]c1ccc(Cl)cc12,4.0,C15H12ClNO2,273.72
CHEMBL346977,FONAZINE,CC(CN1c2ccccc2Sc2ccc(S(=O)(=O)N(C)C)cc21)N(C)C,2.0,C19H25N3O2S2,391.56
CHEMBL160293,AMESERGIDE,CC(C)n1cc2c3c(cccc31)[C@H]1C[C@@H](C(=O)NC3CCCCC3)CN(C)[C@@H]1C2,2.0,C25H35N3O,393.58
CHEMBL161084,MIRFENTANIL,O=C(c1ccco1)N(c1cnccn1)C1CCN(CCc2ccccc2)CC1,2.0,C22H24N4O2,376.46
CHEMBL159226,MOXISYLYTE,CC(=O)Oc1cc(C(C)C)c(OCCN(C)C)cc1C,4.0,C16H25NO3,279.38
CHEMBL347695,IMILOXAN,CCn1ccnc1CC1COc2ccccc2O1,2.0,C14H16N2O2,244.29
CHEMBL1321,PROCARBAZINE,CNNCc1ccc(C(=O)NC(C)C)cc1,4.0,C12H19N3O,221.30
CHEMBL350719,ESMETHADONE,CCC(=O)C(C[C@H](C)N(C)C)(c1ccccc1)c1ccccc1,3.0,C21H27NO,309.45
CHEMBL162358,TOMELUKAST,CCCc1c(OCCCCc2nnn[nH]2)ccc(C(C)=O)c1O,2.0,C16H22N4O3,318.38
CHEMBL161204,PROFADOL,CCCC1(c2cccc(O)c2)CCN(C)C1,2.0,C14H21NO,219.33
CHEMBL1323,DARUNAVIR,CC(C)CN(C[C@@H](O)[C@H](Cc1ccccc1)NC(=O)O[C@H]1CO[C@H]2OCC[C@H]21)S(=O)(=O)c1ccc(N)cc1,4.0,C27H37N3O7S,547.67
CHEMBL159298,RIPAZEPAM,CCn1nc(C)c2c1C(c1ccccc1)=NCC(=O)N2,2.0,C15H16N4O,268.32
CHEMBL161350,FOSARILATE,CCOP(=O)(CCCCCCOc1ccc(OC)cc1Cl)OCC,2.0,C17H28ClO5P,378.83
CHEMBL159776,PRAMIRACETAM,CC(C)N(CCNC(=O)CN1CCCC1=O)C(C)C,2.0,C14H27N3O2,269.39
CHEMBL161381,"EMTRICITABINE, (+/-)-",Nc1nc(=O)n(C2CSC(CO)O2)cc1F,2.0,C8H10FN3O3S,247.25
CHEMBL1324,TOLCAPONE,Cc1ccc(C(=O)c2cc(O)c(O)c([N+](=O)[O-])c2)cc1,4.0,C14H11NO5,273.24
CHEMBL346331,NORMETHADONE,CCC(=O)C(CCN(C)C)(c1ccccc1)c1ccccc1,2.0,C20H25NO,295.43
CHEMBL160038,NEBICAPONE,O=C(Cc1ccccc1)c1cc(O)c(O)c([N+](=O)[O-])c1,2.0,C14H11NO5,273.24
CHEMBL159659,LEVOMETHADONE,CCC(=O)C(C[C@@H](C)N(C)C)(c1ccccc1)c1ccccc1,2.0,C21H27NO,309.45
CHEMBL159660,ALPHAMETHADOL,CC[C@@H](O)C(C[C@@H](C)N(C)C)(c1ccccc1)c1ccccc1,2.0,C21H29NO,311.47
CHEMBL162243,BETAMETHADOL,CC[C@H](O)C(C[C@@H](C)N(C)C)(c1ccccc1)c1ccccc1,2.0,C21H29NO,311.47
CHEMBL159682,AXITIROME,CCOC(=O)C(=O)Nc1cc(C)c(Oc2ccc(O)c(C(O)c3ccc(F)cc3)c2)c(C)c1,2.0,C25H24FNO6,453.47
CHEMBL163911,DELEQUAMINE,COc1ccc2c(c1)CCN1C[C@H]3CCCN(S(C)(=O)=O)[C@H]3C[C@@H]21,2.0,C18H26N2O3S,350.48
CHEMBL163238,PILSICAINIDE,Cc1cccc(C)c1NC(=O)CC12CCCN1CCC2,2.0,C17H24N2O,272.39
CHEMBL162036,BENORILATE,CC(=O)Nc1ccc(OC(=O)c2ccccc2OC(C)=O)cc1,4.0,C17H15NO5,313.31
CHEMBL414636,INDORENATE,COC(=O)C(CN)c1c[nH]c2ccc(OC)cc12,2.0,C13H16N2O3,248.28
CHEMBL162501,LUSAPERIDONE,Cc1nc2ccccn2c(=O)c1CCN1CCc2oc3ccccc3c2C1,2.0,C22H21N3O2,359.43
CHEMBL1328,PENTAGASTRIN,CSCC[C@H](NC(=O)[C@H](Cc1c[nH]c2ccccc12)NC(=O)CCNC(=O)OC(C)(C)C)C(=O)N[C@@H](CC(=O)O)C(=O)N[C@@H](Cc1ccccc1)C(N)=O,4.0,C37H49N7O9S,767.91
CHEMBL350384,BREMAZOCINE,CCC12CCN(CC3(O)CC3)C(Cc3ccc(O)cc31)C2(C)C,2.0,C20H29NO2,315.46
CHEMBL1330,MORPHINE GLUCURONIDE,CN1CC[C@]23c4c5ccc(O)c4O[C@H]2[C@@H](O[C@@H]2O[C@H](C(=O)O)[C@@H](O)[C@H](O)[C@H]2O)C=C[C@H]3[C@H]1C5,2.0,C23H27NO9,461.47
CHEMBL167779,ZUCLOMIPHENE,CCN(CC)CCOc1ccc(/C(=C(\Cl)c2ccccc2)c2ccccc2)cc1,2.0,C26H28ClNO,405.97
CHEMBL353581,PYROXAMIDE,O=C(CCCCCCC(=O)Nc1cccnc1)NO,1.0,C13H19N3O3,265.31
CHEMBL165790,IPRIFLAVONE,CC(C)Oc1ccc2c(=O)c(-c3ccccc3)coc2c1,2.0,C18H16O3,280.32
CHEMBL351706,BMS-214662,N#Cc1ccc2c(c1)CN(S(=O)(=O)c1cccs1)[C@H](Cc1ccccc1)CN2Cc1c[nH]cn1,1.0,C25H23N5O2S2,489.63
CHEMBL348763,CLENTIAZEM,COc1ccc([C@@H]2Sc3cc(Cl)ccc3N(CCN(C)C)C(=O)[C@@H]2OC(C)=O)cc1,2.0,C22H25ClN2O4S,448.97
CHEMBL165090,ROMAZARIT,Cc1nc(-c2ccc(Cl)cc2)oc1COC(C)(C)C(=O)O,2.0,C15H16ClNO4,309.75
CHEMBL164447,CLOBUZARIT,CC(C)(OCc1ccc(-c2ccc(Cl)cc2)cc1)C(=O)O,2.0,C17H17ClO3,304.77
CHEMBL164840,ZOCAINONE,CCN(CC)CCOc1ccccc1O/C(=C/c1ccccc1)C(C)=O,2.0,C22H27NO3,353.46
CHEMBL164349,BUNAPROLAST,CCCCc1cc(OC)c2ccccc2c1OC(C)=O,2.0,C17H20O3,272.34
CHEMBL163672,CHROMONAR,CCOC(=O)COc1ccc2c(C)c(CCN(CC)CC)c(=O)oc2c1,2.0,C20H27NO5,361.44
CHEMBL1336,SORAFENIB,CNC(=O)c1cc(Oc2ccc(NC(=O)Nc3ccc(Cl)c(C(F)(F)F)c3)cc2)ccn1,4.0,C21H16ClF3N4O3,464.83
CHEMBL167150,TRICHLORFON,COP(=O)(OC)C(O)C(Cl)(Cl)Cl,2.0,C4H8Cl3O4P,257.44
CHEMBL166863,POLMACOXIB,CC1(C)OC(c2ccc(S(N)(=O)=O)cc2)=C(c2cccc(F)c2)C1=O,3.0,C18H16FNO4S,361.39
CHEMBL167691,LAROMUSTINE,CNC(=O)N(N(CCCl)S(C)(=O)=O)S(C)(=O)=O,3.0,C6H14ClN3O5S2,307.78
CHEMBL355862,ZONIPORIDE,N=C(N)NC(=O)c1cnn(-c2cccc3ncccc23)c1C1CC1,2.0,C17H16N6O,320.36
CHEMBL167911,DICHLORVOS,COP(=O)(OC)OC=C(Cl)Cl,2.0,C4H7Cl2O4P,220.98
CHEMBL353972,ATIPAMEZOLE,CCC1(c2c[nH]cn2)Cc2ccccc2C1,2.0,C14H16N2,212.30
CHEMBL167493,NAPAMEZOLE,C1=C(CC2=NCCN2)CCc2ccccc21,2.0,C14H16N2,212.30
CHEMBL164660,PSORALEN,O=c1ccc2cc3ccoc3cc2o1,1.0,C11H6O3,186.17
CHEMBL436052,AXAMOZIDE,O=c1[nH]c2cc(Cl)ccc2n1C1CCN(CC2COc3ccccc3O2)CC1,2.0,C21H22ClN3O3,399.88
CHEMBL353846,ADIPHENINE,CCN(CC)CCOC(=O)C(c1ccccc1)c1ccccc1,2.0,C20H25NO2,311.43
CHEMBL165643,BROVINCAMINE,CC[C@]12CCCN3CCc4c(n(c5cc(Br)ccc45)[C@@](O)(C(=O)OC)C1)[C@@H]32,2.0,C21H25BrN2O3,433.35
CHEMBL168815,CEVIMELINE,CC1OC2(CS1)CN1CCC2CC1,4.0,C10H17NOS,199.32
CHEMBL166444,METRIBOLONE,C[C@]1(O)CC[C@H]2[C@@H]3CCC4=CC(=O)CCC4=C3C=C[C@@]21C,2.0,C19H24O2,284.40
CHEMBL167731,PIXANTRONE,NCCNc1ccc(NCCN)c2c1C(=O)c1ccncc1C2=O,4.0,C17H19N5O2,325.37
CHEMBL166937,SARCNU,CN(CC(N)=O)C(=O)N(CCCl)N=O,2.0,C6H11ClN4O3,222.63
CHEMBL434492,CANDOXATRILAT,COCCOC[C@H](CC1(C(=O)N[C@H]2CC[C@@H](C(=O)O)CC2)CCCC1)C(=O)O,2.0,C20H33NO7,399.48
CHEMBL170052,IBAFLOXACIN,Cc1c(F)cc2c(=O)c(C(=O)O)cn3c2c1CCC3C,2.0,C15H14FNO3,275.28
CHEMBL169896,OSI-7904,Cc1nc2ccc3ccc(CNc4ccc5c(c4)CN([C@@H](CCC(=O)O)C(=O)O)C5=O)cc3c2c(=O)[nH]1,2.0,C27H24N4O6,500.51
CHEMBL167055,NITECAPONE,CC(=O)C(=Cc1cc(O)c(O)c([N+](=O)[O-])c1)C(C)=O,2.0,C12H11NO6,265.22
CHEMBL1337,NITISINONE,O=C1CCCC(=O)C1C(=O)c1ccc(C(F)(F)F)cc1[N+](=O)[O-],4.0,C14H10F3NO5,329.23
CHEMBL170988,PHENFORMIN,N=C(N)NC(=N)NCCc1ccccc1,4.0,C10H15N5,205.26
CHEMBL169901,DEBRISOQUIN,N=C(N)N1CCc2ccccc2C1,4.0,C10H13N3,175.24
CHEMBL354077,AMIFAMPRIDINE,Nc1ccncc1N,4.0,C5H7N3,109.13
CHEMBL354541,LOMITAPIDE,O=C(NC1CCN(CCCCC2(C(=O)NCC(F)(F)F)c3ccccc3-c3ccccc32)CC1)c1ccccc1-c1ccc(C(F)(F)F)cc1,4.0,C39H37F6N3O2,693.73
CHEMBL355200,ENILURACIL,C#Cc1c[nH]c(=O)[nH]c1=O,3.0,C6H4N2O2,136.11
CHEMBL1339,VARDENAFIL HYDROCHLORIDE,CCCc1nc(C)c2c(O)nc(-c3cc(S(=O)(=O)N4CCN(CC)CC4)ccc3OCC)nn12.Cl,4.0,C23H33ClN6O4S,525.08
CHEMBL172513,CARNITINE,C[N+](C)(C)CC(O)CC(=O)[O-],3.0,C7H15NO3,161.20
CHEMBL169703,TIFLUADOM,CN1c2ccccc2C(c2ccccc2F)=NCC1CNC(=O)c1ccsc1,2.0,C22H20FN3OS,393.49
CHEMBL1341,METHOXYFLURANE,COC(F)(F)C(Cl)Cl,4.0,C3H4Cl2F2O,164.97
CHEMBL355063,BENDAZOL,c1ccc(Cc2nc3ccccc3[nH]2)cc1,2.0,C14H12N2,208.26
CHEMBL171679,ASPARTAME,COC(=O)[C@H](Cc1ccccc1)NC(=O)[C@@H](N)CC(=O)O,3.0,C14H18N2O5,294.31
CHEMBL170179,METHADYL ACETATE,CCC(OC(C)=O)C(CC(C)N(C)C)(c1ccccc1)c1ccccc1,2.0,C23H31NO2,353.51
CHEMBL1342,OXYBATE,O=C(O)CCCO,4.0,C4H8O3,104.11
CHEMBL170797,ETHOHEPTAZINE,CCOC(=O)C1(c2ccccc2)CCCN(C)CC1,2.0,C16H23NO2,261.36
CHEMBL173373,ETHYL PYRUVATE,CCOC(=O)C(C)=O,2.0,C5H8O3,116.12
CHEMBL173930,ETIOPURPURIN,CCOC(=O)C1=Cc2c3nc(cc4nc(cc5[nH]c(cc6[nH]c2c(C)c6CC)c(C)c5CC)C(C)=C4CC)C(C)C13CC,2.0,C37H44N4O2,576.79
CHEMBL170630,ETHANE DIMETHANE SULFONATE,CS(=O)(=O)OCCOS(C)(=O)=O,1.0,C4H10O6S2,218.25
CHEMBL368591,DIMEPHEPTANOL,CCC(O)C(CC(C)N(C)C)(c1ccccc1)c1ccccc1,2.0,C21H29NO,311.47
CHEMBL174095,DELERGOTRILE,CN1C[C@@H](CC#N)C[C@@H]2c3cccc4[nH]cc(c34)C[C@H]21,2.0,C17H19N3,265.36
CHEMBL173809,EMOPAMIL,CC(C)C(C#N)(CCCN(C)CCc1ccccc1)c1ccccc1,2.0,C23H30N2,334.51
CHEMBL368347,(+)-SECOISOLARICIRESINOL,COc1cc(C[C@@H](CO)[C@H](CO)Cc2ccc(O)c(OC)c2)ccc1O,2.0,C20H26O6,362.42
CHEMBL173929,LUTEIN,CC1=C[C@H](O)CC(C)(C)[C@H]1/C=C/C(C)=C/C=C/C(C)=C/C=C/C=C(C)/C=C/C=C(C)/C=C/C1=C(C)C[C@@H](O)CC1(C)C,3.0,C40H56O2,568.89
CHEMBL1345,GUANETHIDINE MONOSULFATE,N=C(N)NCCN1CCCCCCC1.O=S(=O)(O)O,4.0,C10H24N4O4S,296.39
CHEMBL367197,BUMEPIDIL,Cc1nc2ncnn2c2c1CCN2C(C)(C)C,2.0,C12H17N5,231.30
CHEMBL172853,MONATEPIL,O=C(CCCN1CCN(c2ccc(F)cc2)CC1)NC1c2ccccc2CSc2ccccc21,2.0,C28H30FN3OS,475.63
CHEMBL172498,DOQUALAST,O=C(O)c1ccc2nc3ccccn3c(=O)c2c1,2.0,C13H8N2O3,240.22
CHEMBL366947,BRETAZENIL,CC(C)(C)OC(=O)c1ncn2c1[C@@H]1CCCN1C(=O)c1c(Br)cccc1-2,2.0,C19H20BrN3O3,418.29
CHEMBL1346,DARIFENACIN,NC(=O)C(c1ccccc1)(c1ccccc1)[C@@H]1CCN(CCc2ccc3c(c2)CCO3)C1,4.0,C28H30N2O2,426.56
CHEMBL176687,ACESULFAME,CC1=CC(=O)NS(=O)(=O)O1,3.0,C4H5NO4S,163.15
CHEMBL367463,PRANOPROFEN,CC(C(=O)O)c1ccc2c(c1)Cc1cccnc1O2,2.0,C15H13NO3,255.27
CHEMBL175247,ORLISTAT,CCCCCCCCCCC[C@@H](C[C@@H]1OC(=O)[C@H]1CCCCCC)OC(=O)[C@H](CC(C)C)NC=O,4.0,C29H53NO5,495.75
CHEMBL440557,DANITRACEN,CN1CCC(=C2c3ccccc3C(O)c3ccccc32)CC1,2.0,C20H21NO,291.39
CHEMBL366460,ISOFLAVONE,O=c1c(-c2ccccc2)coc2ccccc12,3.0,C15H10O2,222.24
CHEMBL174984,TRETOQUINOL,COc1cc(C[C@@H]2NCCc3cc(O)c(O)cc32)cc(OC)c1OC,2.0,C19H23NO5,345.40
CHEMBL367252,ATLIPROFEN,CC(C(=O)O)c1ccc(-c2ccsc2)cc1,2.0,C13H12O2S,232.30
CHEMBL177281,AMICARBALIDE,N=C(N)c1cccc(NC(=O)Nc2cccc(C(=N)N)c2)c1,2.0,C15H16N6O,296.33
CHEMBL177367,SILVER NITRATE,O=[N+]([O-])[O-].[Ag+],4.0,AgNO3,169.87
CHEMBL175691,RILPIVIRINE,Cc1cc(/C=C/C#N)cc(C)c1Nc1ccnc(Nc2ccc(C#N)cc2)n1,4.0,C22H18N6,366.43
CHEMBL369075,VAPITADINE,NC(=O)c1cnc2n1CCc1ccccc1C21CCNCC1,2.0,C17H20N4O,296.37
CHEMBL175633,PRAMICONAZOLE,CC(C)N1CCN(c2ccc(N3CCN(c4ccc(OC[C@H]5OC[C@](Cn6cncn6)(c6ccc(F)cc6F)O5)cc4)CC3)cc2)C1=O,2.0,C35H39F2N7O4,659.74
CHEMBL1349,VALACYCLOVIR,CC(C)[C@H](N)C(=O)OCCOCn1cnc2c(=O)nc(N)[nH]c21,4.0,C13H20N6O4,324.34
CHEMBL539423,SPARSENTAN,CCCCC1=NC2(CCCC2)C(=O)N1Cc1ccc(-c2ccccc2S(=O)(=O)Nc2noc(C)c2C)c(COCC)c1,4.0,C32H40N4O5S,592.76
CHEMBL425863,MIBOLERONE,C[C@@H]1CC2=CC(=O)CC[C@@H]2[C@H]2CC[C@@]3(C)[C@@H](CC[C@]3(C)O)[C@@H]21,2.0,C20H30O2,302.46
CHEMBL178654,HKI-357,CCOc1cc2ncc(C#N)c(Nc3ccc(OCc4cccc(F)c4)c(Cl)c3)c2cc1NC(=O)/C=C/CN(C)C,1.0,C31H29ClFN5O3,574.06
CHEMBL180022,NERATINIB,CCOc1cc2ncc(C#N)c(Nc3ccc(OCc4ccccn4)c(Cl)c3)c2cc1NC(=O)/C=C/CN(C)C,4.0,C30H29ClN6O3,557.05
CHEMBL1350,TILUDRONIC ACID,O=P(O)(O)C(Sc1ccc(Cl)cc1)P(=O)(O)O,4.0,C7H9ClO6P2S,318.61
CHEMBL178803,BLONANSERIN,CCN1CCN(c2cc(-c3ccc(F)cc3)c3c(n2)CCCCCC3)CC1,4.0,C23H30FN3,367.51
CHEMBL178459,OLTIPRAZ,Cc1c(-c2cnccn2)ssc1=S,3.0,C8H6N2S3,226.35
CHEMBL181932,OTERACIL,O=C(O)c1nc(=O)[nH]c(=O)[nH]1,3.0,C4H3N3O4,157.08
CHEMBL360328,LORCASERIN,C[C@H]1CNCCc2ccc(Cl)cc21,4.0,C11H14ClN,195.69
CHEMBL361812,RAMATROBAN,O=C(O)CCn1c2c(c3ccccc31)C[C@H](NS(=O)(=O)c1ccc(F)cc1)CC2,4.0,C21H21FN2O4S,416.47
CHEMBL180570,MEDRONIC ACID,O=P(O)(O)CP(=O)(O)O,3.0,CH6O6P2,176.00
CHEMBL180101,ESREBOXETINE,CCOc1ccccc1O[C@@H](c1ccccc1)[C@@H]1CNCCO1,3.0,C19H23NO3,313.40
CHEMBL367149,DOCONEXENT,CC/C=C\C/C=C\C/C=C\C/C=C\C/C=C\C/C=C\CCC(=O)O,3.0,C22H32O2,328.50
CHEMBL1352,NITRIC ACID,O=[N+]([O-])O,3.0,HNO3,63.01
CHEMBL1353,SODIUM BICARBONATE,O=C([O-])O.[Na+],4.0,CHNaO3,84.01
CHEMBL1354,SODIUM ACETATE,CC(=O)[O-].[Na+],4.0,C2H3NaO2,82.03
CHEMBL1355,SODIUM CITRATE,O=C([O-])CC(O)(CC(=O)[O-])C(=O)[O-].[Na+].[Na+].[Na+],4.0,C6H5Na3O7,258.07
CHEMBL1356,SODIUM BENZOATE,O=C([O-])c1ccccc1.[Na+],4.0,C7H5NaO2,144.10
CHEMBL181886,PYRUVATE SODIUM,CC(=O)C(=O)[O-].[Na+],2.0,C3H3NaO3,110.04
CHEMBL1357,SODIUM LACTATE,CC(O)C(=O)[O-].[Na+],4.0,C3H5NaO3,112.06
CHEMBL1358,FULVESTRANT,C[C@]12CC[C@@H]3c4ccc(O)cc4C[C@@H](CCCCCCCCC[S+]([O-])CCCC(F)(F)C(F)(F)F)[C@H]3[C@@H]1CC[C@@H]2O,4.0,C32H47F5O3S,606.78
CHEMBL1359,ERTAPENEM,C[C@@H](O)[C@H]1C(=O)N2C(C(=O)O)=C(S[C@@H]3CN[C@H](C(=O)Nc4cccc(C(=O)O)c4)C3)[C@H](C)[C@H]12,4.0,C22H25N3O7S,475.52
CHEMBL359839,SULFABENZ,Nc1ccc(S(=O)(=O)Nc2ccccc2)cc1,2.0,C12H12N2O2S,248.31
CHEMBL181954,NAVEGLITAZAR,CO[C@@H](Cc1ccc(OCCCOc2ccc(Oc3ccccc3)cc2)cc1)C(=O)O,2.0,C25H26O6,422.48
CHEMBL174,AMPICILLIN,CC1(C)S[C@@H]2[C@H](NC(=O)[C@H](N)c3ccccc3)C(=O)N2[C@H]1C(=O)O,4.0,C16H19N3O4S,349.41
CHEMBL182319,TALTOBULIN,CN[C@H](C(=O)N[C@H](C(=O)N(C)[C@H](/C=C(\C)C(=O)O)C(C)C)C(C)(C)C)C(C)(C)c1ccccc1,2.0,C27H43N3O4,473.66
CHEMBL360055,GALLAMINE,CC[N+](CC)(CC)CCOc1cccc(OCC[N+](CC)(CC)CC)c1OCC[N+](CC)(CC)CC,4.0,C30H60N3O3+3,510.83
CHEMBL1360,ATRACURIUM,COc1ccc(CC2c3cc(OC)c(OC)cc3CC[N+]2(C)CCC(=O)OCCCCCOC(=O)CC[N+]2(C)CCc3cc(OC)c(OC)cc3C2Cc2ccc(OC)c(OC)c2)cc1OC,4.0,C53H72N2O12+2,929.16
CHEMBL185073,PANCURONIUM,CC(=O)O[C@H]1C[C@@H]2CC[C@@H]3[C@H](CC[C@@]4(C)[C@H]3C[C@H]([N+]3(C)CCCCC3)[C@@H]4OC(C)=O)[C@@]2(C)C[C@@H]1[N+]1(C)CCCCC1,4.0,C35H60N2O4+2,572.88
CHEMBL182066,RADIPRODIL,O=C(Nc1ccc2nc(O)oc2c1)C(=O)N1CCC(Cc2ccc(F)cc2)CC1,2.0,C21H20FN3O4,397.41
CHEMBL184999,AL-12182,CC(C)OC(=O)CCC/C=C\CC[C@H]1[C@@H](O)CO[C@@H]1/C=C/[C@@H](O)COc1cccc(Cl)c1,2.0,C25H35ClO6,467.00
CHEMBL1362,FLUORIDE ION,[F-],3.0,F-,19.00
CHEMBL1363,ARFORMOTEROL,COc1ccc(C[C@@H](C)NC[C@H](O)c2ccc(O)c(NC=O)c2)cc1,4.0,C19H24N2O4,344.41
CHEMBL1364,PYRIDOXINE,Cc1ncc(CO)c(CO)c1O,4.0,C8H11NO3,169.18
CHEMBL186141,ANDROGRAPHOLIDE,C=C1CC[C@@H]2[C@](C)(CO)[C@H](O)CC[C@@]2(C)[C@@H]1C/C=C1/C(=O)OC[C@H]1O,3.0,C20H30O5,350.46
CHEMBL415768,DEOXYANDROGRAPHOLIDE,C=C1CC[C@@H]2[C@](C)(CO)[C@H](O)CC[C@@]2(C)[C@@H]1CCC1=CCOC1=O,2.0,C20H30O4,334.46
CHEMBL184412,DRONEDARONE,CCCCc1oc2ccc(NS(C)(=O)=O)cc2c1C(=O)c1ccc(OCCCN(CCCC)CCCC)cc1,4.0,C31H44N2O5S,556.77
CHEMBL185434,AROXYBUTYNIN,CCN(CC)CC#CCOC(=O)[C@](O)(c1ccccc1)C1CCCCC1,2.0,C22H31NO3,357.49
CHEMBL360861,NIFEKALANT,Cn1c(NCCN(CCO)CCCc2ccc([N+](=O)[O-])cc2)cc(=O)n(C)c1=O,3.0,C19H27N5O5,405.46
CHEMBL363295,TERODILINE,CC(CC(c1ccccc1)c1ccccc1)NC(C)(C)C,4.0,C20H27N,281.44
CHEMBL362103,ALMOKALANT,CCC[S+]([O-])CCCN(CC)CC(O)COc1ccc(C#N)cc1,2.0,C18H28N2O3S,352.50
CHEMBL359965,ALLICIN,C=CCS[S+]([O-])CC=C,2.0,C6H10OS2,162.28
CHEMBL364804,GW-406381,CCOc1ccc(-c2nn3ncccc3c2-c2ccc(S(C)(=O)=O)cc2)cc1,3.0,C21H19N3O3S,393.47
CHEMBL1368,"SODIUM PHOSPHATE, MONOBASIC",O=P([O-])(O)O.[Na+],4.0,H2NaO4P,119.98
CHEMBL186314,SODIUM CARBONATE,O=C([O-])[O-].[Na+].[Na+],4.0,CNa2O3,105.99
CHEMBL362558,LY-2090314,O=C1NC(=O)C(c2cnc3ccccn23)=C1c1cn2c3c(cc(F)cc13)CN(C(=O)N1CCCCC1)CC2,2.0,C28H25FN6O3,512.55
CHEMBL186113,GW-328267,CCn1nnc([C@H]2O[C@@H](n3cnc4c(N)nc(N[C@H](CO)Cc5ccccc5)nc43)[C@H](O)[C@@H]2O)n1,1.0,C21H26N10O4,482.51
CHEMBL184041,ERTIPROTAFIB,Cc1cc(-c2c3ccccc3c(Br)c3sc(C)c(C)c23)cc(C)c1O[C@H](Cc1ccccc1)C(=O)O,2.0,C31H27BrO3S,559.53
CHEMBL186720,PHENYLTOLOXAMINE,CN(C)CCOc1ccccc1Cc1ccccc1,2.0,C17H21NO,255.36
CHEMBL186179,MURAGLITAZAR,COc1ccc(OC(=O)N(CC(=O)O)Cc2ccc(OCCc3nc(-c4ccccc4)oc3C)cc2)cc1,3.0,C29H28N2O7,516.55
CHEMBL366265,ETOLOXAMINE,CCN(CC)CCOc1ccccc1Cc1ccccc1,2.0,C19H25NO,283.42
CHEMBL184618,FRAMYCETIN,NC[C@@H]1O[C@H](O[C@H]2[C@@H](O)[C@H](O[C@@H]3[C@@H](O)[C@H](N)C[C@H](N)[C@H]3O[C@H]3O[C@H](CN)[C@@H](O)[C@H](O)[C@H]3N)O[C@@H]2CO)[C@H](N)[C@@H](O)[C@@H]1O,3.0,C23H46N6O13,614.65
CHEMBL185885,AES-103,O=Cc1ccc(CO)o1,2.0,C6H6O3,126.11
CHEMBL427342,IMIDOCARB,O=C(Nc1cccc(C2=NCCN2)c1)Nc1cccc(C2=NCCN2)c1,2.0,C19H20N6O,348.41
CHEMBL439849,VILAZODONE,N#Cc1ccc2[nH]cc(CCCCN3CCN(c4ccc5oc(C(N)=O)cc5c4)CC3)c2c1,4.0,C26H27N5O2,441.54
CHEMBL184238,URB-597,NC(=O)c1cccc(-c2cccc(OC(=O)NC3CCCCC3)c2)c1,1.0,C20H22N2O3,338.41
CHEMBL1370,BUDESONIDE,CCCC1O[C@@H]2C[C@H]3[C@@H]4CCC5=CC(=O)C=C[C@]5(C)[C@H]4[C@@H](O)C[C@]3(C)[C@]2(C(=O)CO)O1,4.0,C25H34O6,430.54
CHEMBL185647,TERNIDAZOLE,Cc1ncc([N+](=O)[O-])n1CCCO,2.0,C7H11N3O3,185.18
CHEMBL450940,PRINABEREL,C=Cc1cc(O)cc2nc(-c3ccc(O)c(F)c3)oc12,2.0,C15H10FNO3,271.25
CHEMBL359570,ICOPEZIL,O=C1Cc2cc3c(CCC4CCN(Cc5ccccc5)CC4)noc3cc2N1,2.0,C23H25N3O2,375.47
CHEMBL361506,PENTAMIDINE ISETHIONATE,N=C(N)c1ccc(OCCCCCOc2ccc(C(=N)N)cc2)cc1.O=S(=O)(O)CCO.O=S(=O)(O)CCO,4.0,C23H36N4O10S2,592.69
CHEMBL360216,CYCLO(PROLYLGLYCYL),O=C1NCC(=O)N2CCC[C@@H]12,3.0,C7H10N2O2,154.17
CHEMBL188427,ACODAZOLE,CC(=O)N(C)c1ccc(Nc2cc(C)nc3ccc4nc[nH]c4c23)cc1,2.0,C20H19N5O,345.41
CHEMBL189171,ACEMETACIN,COc1ccc2c(c1)c(CC(=O)OCC(=O)O)c(C)n2C(=O)c1ccc(Cl)cc1,4.0,C21H18ClNO6,415.83
CHEMBL187734,TETRADECYLTHIOACETIC ACID,CCCCCCCCCCCCCCSCC(=O)O,2.0,C16H32O2S,288.50
CHEMBL188952,PIRPROFEN,CC(C(=O)O)c1ccc(N2CC=CC2)c(Cl)c1,4.0,C13H14ClNO2,251.71
CHEMBL1371,CHLORZOXAZONE,O=c1[nH]c2cc(Cl)ccc2o1,4.0,C7H4ClNO2,169.57
CHEMBL188185,BUNAZOSIN,CCCC(=O)N1CCCN(c2nc(N)c3cc(OC)c(OC)cc3n2)CC1,3.0,C19H27N5O3,373.46
CHEMBL445332,SALVINORIN A,COC(=O)[C@@H]1C[C@H](OC(C)=O)C(=O)[C@H]2[C@@]1(C)CC[C@H]1C(=O)O[C@H](c3ccoc3)C[C@]21C,1.0,C23H28O8,432.47
CHEMBL364447,DISERMOLIDE,C=C/C=C\[C@H](C)[C@H](OC(N)=O)[C@@H](C)[C@H](O)[C@@H](C)C/C(C)=C\[C@H](C)[C@@H](O)[C@@H](C)/C=C\[C@@H](O)C[C@@H]1OC(=O)[C@H](C)[C@@H](O)[C@H]1C,2.0,C33H55NO8,593.80
CHEMBL370753,OPIPRAMOL,OCCN1CCN(CCCN2c3ccccc3C=Cc3ccccc32)CC1,3.0,C23H29N3O,363.50
CHEMBL187927,DIANICLINE,c1cnc2c(c1)O[C@H]1CCN3CC[C@@]1(C2)C3,3.0,C13H16N2O,216.28
CHEMBL361497,ARTESUNATE,C[C@H]1[C@H](OC(=O)CCC(=O)O)O[C@@H]2O[C@@]3(C)CC[C@H]4[C@H](C)CC[C@@H]1[C@@]24OO3,4.0,C19H28O8,384.43
CHEMBL187829,LEVEMOPAMIL,CC(C)[C@@](C#N)(CCCN(C)CCc1ccccc1)c1ccccc1,2.0,C23H30N2,334.51
CHEMBL188462,ISPRONICLINE,CN[C@@H](C)C/C=C/c1cncc(OC(C)C)c1,2.0,C14H22N2O,234.34
CHEMBL363884,RONIPAMIL,CCCCCCCCCCCCC(C#N)(CCCN(C)CCc1ccccc1)c1ccccc1,2.0,C32H48N2,460.75
CHEMBL188921,BUFLOMEDIL,COc1cc(OC)c(C(=O)CCCN2CCCC2)c(OC)c1,4.0,C17H25NO4,307.39
CHEMBL191491,STILONIUM,CC[N+](CC)(CC)CCOc1ccc(/C=C/c2ccccc2)cc1,2.0,C22H30NO+,324.49
CHEMBL187709,TRIPARANOL,CCN(CC)CCOc1ccc(C(O)(Cc2ccc(Cl)cc2)c2ccc(C)cc2)cc1,4.0,C27H32ClNO2,438.01
CHEMBL191083,METHYLENE BLUE CATION,CN(C)c1ccc2nc3ccc(=[N+](C)C)cc-3sc2c1,4.0,C16H18N3S+,284.41
CHEMBL191413,REPARIXIN,CC(C)Cc1ccc([C@@H](C)C(=O)NS(C)(=O)=O)cc1,3.0,C14H21NO3S,283.39
CHEMBL1372,OXIGLUTATIONE,N[C@@H](CCC(=O)N[C@@H](CSSC[C@H](NC(=O)CC[C@H](N)C(=O)O)C(=O)NCC(=O)O)C(=O)NCC(=O)O)C(=O)O,4.0,C20H32N6O12S2,612.64
CHEMBL1373,MODAFINIL,NC(=O)C[S+]([O-])C(c1ccccc1)c1ccccc1,4.0,C15H15NO2S,273.36
CHEMBL365795,TIAPROFENIC ACID,CC(C(=O)O)c1ccc(C(=O)c2ccccc2)s1,4.0,C14H12O3S,260.31
CHEMBL190083,TARENFLURBIL,C[C@@H](C(=O)O)c1ccc(-c2ccccc2)c(F)c1,3.0,C15H13FO2,244.26
CHEMBL435298,ESFLURBIPROFEN,C[C@H](C(=O)O)c1ccc(-c2ccccc2)c(F)c1,4.0,C15H13FO2,244.26
CHEMBL371197,TRIDOLGOSIR,O[C@H]1[C@H]2[C@H](O)CCCN2C[C@H]1O,2.0,C8H15NO3,173.21
CHEMBL175,DEXIBUPROFEN,CC(C)Cc1ccc([C@H](C)C(=O)O)cc1,4.0,C13H18O2,206.28
CHEMBL189676,SURINABANT,CCc1c(C(=O)NN2CCCCC2)nn(-c2ccc(Cl)cc2Cl)c1-c1ccc(Br)cc1,2.0,C23H23BrCl2N4O,522.27
CHEMBL427526,(R)-IBUPROPHEN,CC(C)Cc1ccc([C@@H](C)C(=O)O)cc1,1.0,C13H18O2,206.28
CHEMBL191482,AR-42,CC(C)[C@H](C(=O)Nc1ccc(C(=O)NO)cc1)c1ccccc1,2.0,C18H20N2O3,312.37
CHEMBL363449,NADIFLOXACIN,CC1CCc2c(N3CCC(O)CC3)c(F)cc3c(=O)c(C(=O)O)cn1c23,3.0,C19H21FN2O4,360.38
CHEMBL190461,CANNABIDIOL,C=C(C)[C@@H]1CCC(C)=C[C@H]1c1c(O)cc(CCCCC)cc1O,4.0,C21H30O2,314.47
CHEMBL190561,LEVONADIFLOXACIN,C[C@H]1CCc2c(N3CCC(O)CC3)c(F)cc3c(=O)c(C(=O)O)cn1c23,2.0,C19H21FN2O4,360.39
CHEMBL435883,BERAPROST SODIUM,CC#CCC(C)[C@H](O)/C=C/[C@@H]1[C@H]2c3cccc(CCCC(=O)[O-])c3O[C@H]2C[C@H]1O.[Na+],3.0,C24H29NaO5,420.48
CHEMBL190412,TEGLARINAD CHLORIDE,COCCOCCOCCOCCOC(=O)OC[n+]1ccc(N/C(=N/C#N)NCCCCCCOc2ccc(Cl)cc2)cc1.[Cl-],2.0,C30H43Cl2N5O8,672.61
CHEMBL189963,PALBOCICLIB,CC(=O)c1c(C)c2cnc(Nc3ccc(N4CCNCC4)cn3)nc2n(C2CCCC2)c1=O,4.0,C24H29N7O2,447.54
CHEMBL435128,CAPRAVIRINE,CC(C)c1nc(COC(N)=O)n(Cc2ccncc2)c1Sc1cc(Cl)cc(Cl)c1,2.0,C20H20Cl2N4O2S,451.38
CHEMBL189475,LADARIXIN,C[C@@H](C(=O)NS(C)(=O)=O)c1ccc(OS(=O)(=O)C(F)(F)F)cc1,3.0,C11H12F3NO6S2,375.35
CHEMBL190333,RWJ-67657,OCCC#Cc1nc(-c2ccc(F)cc2)c(-c2ccncc2)n1CCCc1ccccc1,1.0,C27H24FN3O,425.51
CHEMBL190279,ALFAXALONE,CC(=O)[C@H]1CC[C@H]2[C@@H]3CC[C@H]4C[C@H](O)CC[C@]4(C)[C@H]3C(=O)C[C@]12C,2.0,C21H32O3,332.48
CHEMBL364713,NOSCAPINE,COc1ccc2c(c1OC)C(=O)O[C@@H]2[C@H]1c2c(cc3c(c2OC)OCO3)CCN1C,4.0,C22H23NO7,413.43
CHEMBL1377,PROGUANIL,CC(C)NC(=N)NC(=N)Nc1ccc(Cl)cc1,4.0,C11H16ClN5,253.74
CHEMBL1378,THIETHYLPERAZINE,CCSc1ccc2c(c1)N(CCCN1CCN(C)CC1)c1ccccc1S2,4.0,C22H29N3S2,399.63
CHEMBL408350,EDOTREOTIDE,C[C@@H](O)[C@@H]1NC(=O)[C@H](CCCCN)NC(=O)[C@@H](Cc2c[nH]c3ccccc23)NC(=O)[C@H](Cc2ccc(O)cc2)NC(=O)[C@@H](NC(=O)[C@@H](Cc2ccccc2)NC(=O)CN2CCN(CC(=O)O)CCN(CC(=O)O)CCN(CC(=O)O)CC2)CSSC[C@@H](C(=O)N[C@H](CO)[C@@H](C)O)NC1=O,3.0,C65H92N14O18S2,1421.66
CHEMBL190044,TRIMEBUTINE,CCC(COC(=O)c1cc(OC)c(OC)c(OC)c1)(c1ccccc1)N(C)C,3.0,C22H29NO5,387.48
CHEMBL363387,LIDORESTAT,O=C(O)Cn1cc(Cc2nc3c(F)c(F)cc(F)c3s2)c2ccccc21,2.0,C18H11F3N2O2S,376.36
CHEMBL195560,ISOPHENOXODIOL,Oc1ccc(C2=COc3cc(O)ccc3C2)cc1,3.0,C15H12O3,240.26
CHEMBL193240,ROFLUMILAST,O=C(Nc1c(Cl)cncc1Cl)c1ccc(OC(F)F)c(OCC2CC2)c1,4.0,C17H14Cl2F2N2O3,403.21
CHEMBL1380,ABACAVIR,Nc1nc(NC2CC2)c2ncn([C@H]3C=C[C@@H](CO)C3)c2n1,4.0,C14H18N6O,286.34
CHEMBL370252,FLUMEQUINE,CC1CCc2cc(F)cc3c(=O)c(C(=O)O)cn1c23,2.0,C14H12FNO3,261.25
CHEMBL191886,CICLETANINE,Cc1ncc2c(c1O)COC2c1ccc(Cl)cc1,2.0,C14H12ClNO2,261.71
CHEMBL372205,LECOZOTAN,C[C@H](CN(C(=O)c1ccc(C#N)cc1)c1ccccn1)N1CCN(c2cccc3c2OCCO3)CC1,3.0,C28H29N5O3,483.57
CHEMBL192986,RSM-932A,CN(c1ccc(Cl)cc1)c1cc[n+](Cc2ccc(-c3ccc(C[n+]4ccc(N(C)c5ccc(Cl)cc5)c5ccccc54)cc3)cc2)c2ccccc12.[Br-].[Br-],1.0,C46H38Br2Cl2N4,877.55
CHEMBL1382,TOLTERODINE,Cc1ccc(O)c([C@H](CCN(C(C)C)C(C)C)c2ccccc2)c1,4.0,C22H31NO,325.50
CHEMBL371405,MARIZOMIB,C[C@@]12OC(=O)[C@]1([C@@H](O)[C@@H]1C=CCCC1)NC(=O)[C@@H]2CCCl,3.0,C15H20ClNO4,313.78
CHEMBL191703,CONESSINE,C[C@H]1[C@H]2CC[C@H]3[C@@H]4CC=C5C[C@@H](N(C)C)CC[C@]5(C)[C@H]4CC[C@]23CN1C,2.0,C24H40N2,356.60
CHEMBL191958,GENZ-644282,CNCCn1c(=O)c2cc(OC)c(OC)cc2c2cnc3cc4c(cc3c21)OCO4,1.0,C22H21N3O5,407.43
CHEMBL426084,SAMIDORPHAN,NC(=O)c1ccc2c(c1O)[C@]13CCN(CC4CC4)[C@H](C2)[C@]1(O)CCC(=O)C3,4.0,C21H26N2O4,370.45
CHEMBL373081,MICRONOMICIN,CNC[C@@H]1CC[C@@H](N)[C@@H](O[C@H]2[C@H](O)[C@@H](O[C@H]3OC[C@](C)(O)[C@H](NC)[C@H]3O)[C@H](N)C[C@@H]2N)O1,2.0,C20H41N5O7,463.58
CHEMBL370143,PAROMOMYCIN,NC[C@@H]1O[C@H](O[C@H]2[C@@H](O)[C@H](O[C@@H]3[C@@H](O)[C@H](N)C[C@H](N)[C@H]3O[C@H]3O[C@H](CO)[C@@H](O)[C@H](O)[C@H]3N)O[C@@H]2CO)[C@H](N)[C@@H](O)[C@@H]1O,4.0,C23H45N5O14,615.63
CHEMBL176,BEKANAMYCIN,NC[C@H]1O[C@H](O[C@H]2[C@H](O)[C@@H](O[C@H]3O[C@H](CO)[C@@H](O)[C@H](N)[C@H]3O)[C@H](N)C[C@@H]2N)[C@H](N)[C@@H](O)[C@@H]1O,3.0,C18H37N5O10,483.52
CHEMBL1384,KANAMYCIN,NC[C@H]1O[C@H](O[C@H]2[C@H](O)[C@@H](O[C@H]3O[C@H](CO)[C@@H](O)[C@H](N)[C@H]3O)[C@H](N)C[C@@H]2N)[C@H](O)[C@@H](O)[C@@H]1O,4.0,C18H36N4O11,484.50
CHEMBL197084,TROFINETIDE,C[C@@]1(C(=O)N[C@@H](CCC(=O)O)C(=O)O)CCCN1C(=O)CN,4.0,C13H21N3O6,315.33
CHEMBL197194,VIDOFLUDIMUS,COc1cccc(-c2ccc(NC(=O)C3=C(C(=O)O)CCC3)c(F)c2)c1,3.0,C20H18FNO4,355.37
CHEMBL198877,AUS-131,Oc1ccc([C@H]2COc3cc(O)ccc3C2)cc1,2.0,C15H14O3,242.27
CHEMBL193482,ESTRIOL,C[C@]12CC[C@@H]3c4ccc(O)cc4CC[C@H]3[C@@H]1C[C@@H](O)[C@@H]2O,4.0,C18H24O3,288.39
CHEMBL1387,NORETHYNODREL,C#C[C@]1(O)CC[C@H]2[C@@H]3CCC4=C(CCC(=O)C4)[C@H]3CC[C@@]21C,4.0,C20H26O2,298.43
CHEMBL1388,MONOBENZONE,Oc1ccc(OCc2ccccc2)cc1,4.0,C13H12O2,200.24
CHEMBL1389,LEVONORGESTREL,C#C[C@]1(O)CC[C@H]2[C@@H]3CCC4=CC(=O)CC[C@@H]4[C@H]3CC[C@@]21CC,4.0,C21H28O2,312.45
CHEMBL196003,PROMEGESTONE,CCC(=O)[C@@]1(C)CC[C@H]2[C@@H]3CCC4=CC(=O)CCC4=C3CC[C@@]21C,2.0,C22H30O2,326.48
CHEMBL1393,SPIRONOLACTONE,CC(=O)S[C@@H]1CC2=CC(=O)CC[C@]2(C)[C@H]2CC[C@@]3(C)[C@@H](CC[C@@]34CCC(=O)O4)[C@H]12,4.0,C24H32O4S,416.58
CHEMBL363392,MARALIXIBAT,CCCCC1(CCCC)CS(=O)(=O)c2ccc(N(C)C)cc2[C@@H](c2ccc(OCc3ccc(C[N+]45CCN(CC4)CC5)cc3)cc2)[C@H]1O,4.0,C40H56N3O4S+,674.97
CHEMBL1395,METHYLTESTOSTERONE,C[C@]12CCC(=O)C=C1CC[C@@H]1[C@@H]2CC[C@@]2(C)[C@H]1CC[C@]2(C)O,4.0,C20H30O2,302.46
CHEMBL198362,RIVAROXABAN,O=C(NC[C@H]1CN(c2ccc(N3CCOCC3=O)cc2)C(=O)O1)c1ccc(Cl)s1,4.0,C19H18ClN3O5S,435.89
CHEMBL363648,TAK-715,CCc1nc(-c2cccc(C)c2)c(-c2ccnc(NC(=O)c3ccccc3)c2)s1,2.0,C24H21N3OS,399.52
CHEMBL372764,PERIFOSINE,CCCCCCCCCCCCCCCCCCOP(=O)([O-])OC1CC[N+](C)(C)CC1,3.0,C25H52NO4P,461.67
CHEMBL197672,EMRICASAN,C[C@H](NC(=O)C(=O)Nc1ccccc1C(C)(C)C)C(=O)N[C@@H](CC(=O)O)C(=O)COc1c(F)c(F)cc(F)c1F,2.0,C26H27F4N3O7,569.51
CHEMBL197669,ST1535,CCCCc1nc(N)c2nc(-n3nccn3)n(C)c2n1,1.0,C12H16N8,272.32
CHEMBL197585,DATELLIPTIUM,CCN(CC)CC[n+]1ccc2c(C)c3[nH]c4ccc(O)cc4c3c(C)c2c1,2.0,C23H28N3O+,362.50
CHEMBL383824,ALVESPIMYCIN,CO[C@H]1/C=C\C=C(/C)C(=O)NC2=CC(=O)C(NCCN(C)C)=C(C[C@@H](C)C[C@H](OC)[C@H](O)[C@@H](C)/C=C(\C)[C@@H]1OC(N)=O)C2=O,2.0,C32H48N4O8,616.76
CHEMBL194378,PSILOCYBIN,CN(C)CCc1c[nH]c2cccc(OP(=O)(O)O)c12,3.0,C12H17N2O4P,284.25
CHEMBL383581,EDONENTAN,Cc1onc(NS(=O)(=O)c2ccccc2-c2ccc(-c3ncco3)cc2CN(C)C(=O)CC(C)(C)C)c1C,2.0,C28H32N4O5S,536.65
CHEMBL382277,EX-527,NC(=O)C1CCCC2c3cc(Cl)ccc3NC12,2.0,C13H15ClN2O,250.73
CHEMBL371064,BALICATIB,CCCN1CCN(c2ccc(C(=O)NC3(C(=O)NCC#N)CCCCC3)cc2)CC1,2.0,C23H33N5O2,411.55
CHEMBL382300,ORTATAXEL,CC(=O)O[C@H]1C(=O)[C@@]2(C)[C@H]([C@H](OC(=O)c3ccccc3)[C@]34OC(=O)O[C@H]3[C@H](OC(=O)[C@H](O)[C@H](CC(C)C)NC(=O)OC(C)(C)C)C(C)=C1C4(C)C)[C@]1(OC(C)=O)CO[C@@H]1C[C@@H]2O,2.0,C44H57NO17,871.93
CHEMBL177,AMIKACIN,NCC[C@H](O)C(=O)N[C@@H]1C[C@H](N)[C@@H](O[C@H]2O[C@H](CN)[C@@H](O)[C@H](O)[C@H]2O)[C@H](O)[C@H]1O[C@H]1O[C@H](CO)[C@@H](O)[C@H](N)[C@H]1O,4.0,C22H43N5O13,585.61
CHEMBL370805,COCAINE,COC(=O)[C@H]1[C@@H](OC(=O)c2ccccc2)C[C@@H]2CC[C@H]1N2C,4.0,C17H21NO4,303.36
CHEMBL219410,ZOTAROLIMUS,CO[C@H]1C[C@@H]2CC[C@@H](C)[C@@](O)(O2)C(=O)C(=O)N2CCCC[C@H]2C(=O)O[C@H]([C@H](C)C[C@@H]2CC[C@H](n3cnnn3)[C@H](OC)C2)CC(=O)[C@H](C)/C=C(\C)[C@@H](O)[C@@H](OC)C(=O)[C@H](C)C[C@H](C)/C=C/C=C/C=C/1C,3.0,C52H79N5O12,966.23
CHEMBL201761,SALINAZID,O=C(N/N=C/c1ccccc1O)c1ccncc1,2.0,C13H11N3O2,241.25
CHEMBL1397,POSACONAZOLE,CC[C@@H]([C@H](C)O)n1ncn(-c2ccc(N3CCN(c4ccc(OC[C@@H]5CO[C@@](Cn6cncn6)(c6ccc(F)cc6F)C5)cc4)CC3)cc2)c1=O,4.0,C37H42F2N8O4,700.79
CHEMBL372795,STREPTOMYCIN,CN[C@@H]1[C@H](O[C@H]2[C@H](O[C@H]3[C@H](O)[C@@H](O)[C@H](N=C(N)N)[C@@H](O)[C@@H]3N=C(N)N)O[C@@H](C)[C@]2(O)C=O)O[C@@H](CO)[C@H](O)[C@H]1O,4.0,C21H39N7O12,581.58
CHEMBL200177,MK-0777,CCn1ncnc1COc1nn2c(-c3ccccc3F)nnc2cc1C(C)(C)C,2.0,C20H22FN7O,395.44
CHEMBL200022,CLAFICAPAVIR,O=C(O)CCN1C(=O)/C(=C/c2ccc(-c3ccc(Cl)cc3)o2)SC1=S,2.0,C17H12ClNO4S2,393.87
CHEMBL200102,PU-H71,CC(C)NCCCn1c(Sc2cc3c(cc2I)OCO3)nc2c(N)ncnc21,2.0,C18H21IN6O2S,512.38
CHEMBL439338,ABT-925,CC(C)(C)c1nc(N2CCN(CCCSc3nccc(O)n3)CC2)cc(C(F)(F)F)n1,2.0,C20H27F3N6OS,456.54
CHEMBL178,DAUNORUBICIN,COc1cccc2c1C(=O)c1c(O)c3c(c(O)c1C2=O)C[C@@](O)(C(C)=O)C[C@@H]3O[C@H]1C[C@H](N)[C@H](O)[C@H](C)O1,4.0,C27H29NO10,527.53
CHEMBL1399,ANASTROZOLE,CC(C)(C#N)c1cc(Cn2cncn2)cc(C(C)(C)C#N)c1,4.0,C17H19N5,293.37
CHEMBL426113,TRIMEDOXIME BROMIDE,O/N=C/c1cc[n+](CCC[n+]2ccc(/C=N/O)cc2)cc1.[Br-].[Br-],2.0,C15H18Br2N4O2,446.14
CHEMBL1401,NITAZOXANIDE,CC(=O)Oc1ccccc1C(=O)Nc1ncc([N+](=O)[O-])s1,4.0,C12H9N3O5S,307.29
CHEMBL201960,PYROVALERONE,CCCC(C(=O)c1ccc(C)cc1)N1CCCC1,4.0,C16H23NO,245.37
CHEMBL382769,XILOBAM,Cc1cccc(C)c1NC(=O)/N=C1\CCCN1C,2.0,C14H19N3O,245.33
CHEMBL203665,RELACATIB,CC(C)C[C@H](NC(=O)c1cc2ccccc2o1)C(=O)N[C@H]1CC[C@@H](C)N(S(=O)(=O)c2ccccn2)CC1=O,2.0,C27H32N4O6S,540.64
CHEMBL203666,PIROXANTRONE,NCCCNc1ccc2c3c(nn2CCNCCO)-c2c(O)ccc(O)c2C(=O)c13,2.0,C21H25N5O4,411.46
CHEMBL203567,RO-3201195,Nc1c(C(=O)c2cccc(OC[C@@H](O)CO)c2)cnn1-c1ccc(F)cc1,1.0,C19H18FN3O4,371.37
CHEMBL204656,ELVITEGRAVIR,COc1cc2c(cc1Cc1cccc(Cl)c1F)c(=O)c(C(=O)O)cn2[C@H](CO)C(C)C,4.0,C23H23ClFNO5,447.89
CHEMBL383322,RESIQUIMOD,CCOCc1nc2c(N)nc3ccccc3c2n1CC(C)(C)O,2.0,C17H22N4O2,314.39
CHEMBL203321,BRINCIDOFOVIR,CCCCCCCCCCCCCCCCOCCCOP(=O)(O)CO[C@H](CO)Cn1ccc(N)nc1=O,4.0,C27H52N3O7P,561.70
CHEMBL383634,GLIQUIDONE,COc1ccc2c(c1)C(=O)N(CCc1ccc(S(=O)(=O)NC(=O)NC3CCCCC3)cc1)C(=O)C2(C)C,2.0,C27H33N3O6S,527.64
CHEMBL204694,BEFETUPITANT,Cc1ccccc1-c1cc(N2CCOCC2)ncc1N(C)C(=O)C(C)(C)c1cc(C(F)(F)F)cc(C(F)(F)F)c1,2.0,C29H29F6N3O2,565.56
CHEMBL206834,BAFETINIB,Cc1ccc(NC(=O)c2ccc(CN3CC[C@H](N(C)C)C3)c(C(F)(F)F)c2)cc1Nc1nccc(-c2cncnc2)n1,2.0,C30H31F3N8O,576.63
CHEMBL1404,RANOLAZINE,COc1ccccc1OCC(O)CN1CCN(CC(=O)Nc2c(C)cccc2C)CC1,4.0,C24H33N3O4,427.55
CHEMBL203266,TRIMETAZIDINE,COc1ccc(CN2CCNCC2)c(OC)c1OC,4.0,C14H22N2O3,266.34
CHEMBL206253,NETUPITANT,Cc1ccccc1-c1cc(N2CCN(C)CC2)ncc1N(C)C(=O)C(C)(C)c1cc(C(F)(F)F)cc(C(F)(F)F)c1,4.0,C30H32F6N4O,578.60
CHEMBL206815,APRATASTAT,CC1(C)SCCN(S(=O)(=O)c2ccc(OCC#CCO)cc2)[C@H]1C(=O)NO,2.0,C17H22N2O6S2,414.51
CHEMBL1405,ESTRONE,C[C@]12CC[C@@H]3c4ccc(O)cc4CC[C@H]3[C@@H]1CCC2=O,4.0,C18H22O2,270.37
CHEMBL377300,BRIVANIB,Cc1cc2c(F)c(Oc3ncnn4cc(OC[C@@H](C)O)c(C)c34)ccc2[nH]1,3.0,C19H19FN4O3,370.38
CHEMBL206025,LOXIGLUMIDE,CCCCCN(CCCOC)C(=O)C(CCC(=O)O)NC(=O)c1ccc(Cl)c(Cl)c1,2.0,C21H30Cl2N2O5,461.39
CHEMBL208375,IOPOFOSINE,C[N+](C)(C)CCOP(=O)([O-])OCCCCCCCCCCCCCCCCCCc1ccc(I)cc1,2.0,C29H53INO4P,637.62
CHEMBL203125,FOSMIDOMYCIN,O=CN(O)CCCP(=O)(O)O,3.0,C4H10NO5P,183.10
CHEMBL205596,CHOLIC ACID,C[C@H](CCC(=O)O)[C@H]1CC[C@H]2[C@@H]3[C@H](O)C[C@@H]4C[C@H](O)CC[C@]4(C)[C@H]3C[C@H](O)[C@]12C,4.0,C24H40O5,408.58
CHEMBL206335,RAZAXABAN,CN(C)Cc1nccn1-c1ccc(NC(=O)c2cc(C(F)(F)F)nn2-c2ccc3onc(N)c3c2)c(F)c1,2.0,C24H20F4N8O2,528.47
CHEMBL206468,AFEGOSTAT,OC[C@H]1CNC[C@@H](O)[C@@H]1O,2.0,C6H13NO3,147.17
CHEMBL463763,TRIPTOLIDE,CC(C)[C@]12O[C@H]1[C@@H]1O[C@]13[C@]1(O[C@H]1C[C@H]1C4=C(CC[C@@]13C)C(=O)OC4)[C@@H]2O,3.0,C20H24O6,360.41
CHEMBL206031,BRECANAVIR,Cc1nc(COc2ccc(C[C@H](NC(=O)O[C@H]3CO[C@H]4OCC[C@H]43)[C@H](O)CN(CC(C)C)S(=O)(=O)c3ccc4c(c3)OCO4)cc2)cs1,2.0,C33H41N3O10S2,703.84
CHEMBL1409,FLUVOXAMINE MALEATE,COCCCC/C(=N\OCCN)c1ccc(C(F)(F)F)cc1.O=C(O)/C=C\C(=O)O,4.0,C19H25F3N2O6,434.41
CHEMBL208427,SOLABEGRON,O=C(O)c1cccc(-c2cccc(NCCNC[C@H](O)c3cccc(Cl)c3)c2)c1,2.0,C23H23ClN2O3,410.90
CHEMBL1410,NONOXYNOL 9,CCCCCCCCCc1ccc(OCCOCCOCCOCCOCCOCCOCCOCCOCCO)cc1,4.0,C33H60O10,616.83
CHEMBL207456,PITTSBURGH COMPOUND B,[11CH3]Nc1ccc(-c2nc3ccc(O)cc3s2)cc1,2.0,C14H12N2OS,255.33
CHEMBL207197,OLCEGEPANT,NCCCC[C@H](NC(=O)[C@@H](Cc1cc(Br)c(O)c(Br)c1)NC(=O)N1CCC(N2Cc3ccccc3NC2=O)CC1)C(=O)N1CCN(c2ccncc2)CC1,2.0,C38H47Br2N9O5,869.66
CHEMBL427216,GLICLAZIDE,Cc1ccc(S(=O)(=O)NC(=O)NN2CC3CCCC3C2)cc1,4.0,C15H21N3O3S,323.42
CHEMBL209821,NALUZOTAN,CC(=O)Nc1cccc(N2CCN(CCCCNS(=O)(=O)CC3CCCCC3)CC2)c1,3.0,C23H38N4O3S,450.65
CHEMBL380230,ARTEFLENE,C[C@@H]1C(=O)C[C@H]2C[C@@H]1OO[C@@]2(C)/C=C\c1ccc(C(F)(F)F)cc1C(F)(F)F,2.0,C19H18F6O3,408.34
CHEMBL207538,BREXANOLONE,CC(=O)[C@H]1CC[C@H]2[C@@H]3CC[C@H]4C[C@H](O)CC[C@]4(C)[C@H]3CC[C@]12C,4.0,C21H34O2,318.50
CHEMBL207433,SB-705498,O=C(Nc1ccccc1Br)N[C@@H]1CCN(c2ccc(C(F)(F)F)cn2)C1,2.0,C17H16BrF3N4O,429.24
CHEMBL210952,ELTANOLONE,CC(=O)[C@H]1CC[C@H]2[C@@H]3CC[C@@H]4C[C@H](O)CC[C@]4(C)[C@H]3CC[C@]12C,2.0,C21H34O2,318.50
CHEMBL210651,APRICITABINE,Nc1ccn([C@H]2CO[C@@H](CO)S2)c(=O)n1,3.0,C8H11N3O3S,229.26
CHEMBL168640,PPL-100,COC(=O)N[C@H](C(=O)NCCCC[C@@H](CO)N(CC(C)C)S(=O)(=O)c1ccc(N)cc1)C(c1ccccc1)c1ccccc1,1.0,C33H44N4O6S,624.80
CHEMBL1411,LISOFYLLINE,C[C@@H](O)CCCCn1c(=O)c2c(ncn2C)n(C)c1=O,2.0,C13H20N4O3,280.33
CHEMBL211456,EPHEDRINE,CN[C@@H](C)[C@H](O)c1ccccc1,4.0,C10H15NO,165.24
CHEMBL212432,552-02 FREE BASE,N/C(=N\C(=O)c1nc(Cl)c(N)nc1N)NCCCCc1ccc(OCC(O)CO)cc1,2.0,C19H26ClN7O4,451.92
CHEMBL214268,PHA-543613,O=C(N[C@H]1CN2CCC1CC2)c1cc2ccoc2cn1,1.0,C15H17N3O2,271.32
CHEMBL1412,PIPERAZINE,C1CNCCN1,4.0,C4H10N2,86.14
CHEMBL1413,CICLOPIROX,Cc1cc(C2CCCCC2)n(O)c(=O)c1,4.0,C12H17NO2,207.27
CHEMBL211538,AN-2718,OB1OCc2cc(Cl)ccc21,1.0,C7H6BClO2,168.39
CHEMBL443052,TAVABOROLE,OB1OCc2cc(F)ccc21,4.0,C7H6BFO2,151.93
CHEMBL378031,FLUOROFURANYLNORPROGESTERONE,C[C@]12CC[C@H]3[C@@H](CCC4=CC(=O)CC[C@@H]43)[C@@H]1C[C@H]1O[C@@H](c3ccco3)O[C@]12C(=O)CF,2.0,C25H29FO5,428.50
CHEMBL377559,RETASPIMYCIN HYDROCHLORIDE,C=CCNc1c(O)cc2c(O)c1C[C@@H](C)C[C@H](OC)[C@H](O)[C@@H](C)/C=C(\C)[C@H](OC(N)=O)[C@@H](OC)/C=C\C=C(/C)C(=O)N2.Cl,3.0,C31H46ClN3O8,624.18
CHEMBL211471,NEOSTIGMINE METHYLSULFATE,CN(C)C(=O)Oc1cccc([N+](C)(C)C)c1.COS(=O)(=O)[O-],4.0,C13H22N2O6S,334.39
CHEMBL437526,PRALNACASAN,CCO[C@@H]1OC(=O)C[C@@H]1NC(=O)[C@@H]1CCCN2C(=O)CC[C@H](NC(=O)c3nccc4ccccc34)C(=O)N12,2.0,C26H29N5O7,523.55
CHEMBL378544,VINBLASTINE SULFATE,CC[C@]1(O)C[C@@H]2CN(CCc3c([nH]c4ccccc34)[C@@](C(=O)OC)(c3cc4c(cc3OC)N(C)[C@H]3[C@@](O)(C(=O)OC)[C@H](OC(C)=O)[C@]5(CC)C=CCN6CC[C@]43[C@@H]65)C2)C1.O=S(=O)(O)O,4.0,C46H60N4O13S,909.07
CHEMBL213907,THIOCOLCHICOSIDE,COc1c(O[C@@H]2O[C@H](CO)[C@@H](O)[C@H](O)[C@H]2O)cc2c(c1OC)-c1ccc(SC)c(=O)cc1[C@@H](NC(C)=O)CC2,3.0,C27H33NO10S,563.63
CHEMBL377353,SALAZOSULFAMIDE,NS(=O)(=O)c1ccc(/N=N/c2ccc(O)c(C(=O)O)c2)cc1,2.0,C13H11N3O5S,321.31
CHEMBL1419,SIBUTRAMINE,CC(C)CC(N(C)C)C1(c2ccc(Cl)cc2)CCC1,4.0,C17H26ClN,279.86
CHEMBL214796,NGD-8243,FC(F)(F)c1ccc(Nc2ncnc3cc(-c4ncccc4C(F)(F)F)ccc23)cc1,2.0,C21H12F6N4,434.34
CHEMBL436774,AR9281,CC(=O)N1CCC(NC(=O)NC23CC4CC(CC(C4)C2)C3)CC1,2.0,C18H29N3O2,319.45
CHEMBL1420,PRALIDOXIME,C[n+]1ccccc1C=NO,4.0,C7H9N2O+,137.16
CHEMBL214920,TIOCARLIDE,CC(C)CCOc1ccc(NC(=S)Nc2ccc(OCCC(C)C)cc2)cc1,2.0,C23H32N2O2S,400.59
CHEMBL218291,FORODESINE,O=c1[nH]cnc2c([C@@H]3N[C@H](CO)[C@@H](O)[C@H]3O)c[nH]c12,4.0,C11H14N4O4,266.26
CHEMBL278703,ERTEBEREL,Oc1ccc([C@@H]2Oc3ccc(O)cc3[C@@H]3CCC[C@@H]32)cc1,2.0,C18H18O3,282.34
CHEMBL374223,DEFOSLIMOD,CCCCCCCCCCCC(=O)O[C@H](CCCCCCCCCCC)CC(=O)N[C@H]1[C@H](OC[C@H]2O[C@H](OP(=O)(O)O)[C@H](NC(=O)C[C@H](O)CCCCCCCCCCC)[C@@H](O)[C@@H]2O)O[C@H](CO)[C@@H](OP(=O)(O)O)[C@@H]1O,2.0,C52H100N2O20P2,1135.31
CHEMBL215303,GARENOXACIN,C[C@H]1NCc2cc(-c3ccc4c(=O)c(C(=O)O)cn(C5CC5)c4c3OC(F)F)ccc21,4.0,C23H20F2N2O4,426.42
CHEMBL218394,BOCEPREVIR,CC(C)(C)NC(=O)N[C@H](C(=O)N1C[C@H]2[C@@H]([C@H]1C(=O)NC(CC1CCC1)C(=O)C(N)=O)C2(C)C)C(C)(C)C,4.0,C27H45N5O5,519.69
CHEMBL385517,SAXAGLIPTIN ANHYDROUS,N#C[C@@H]1C[C@@H]2C[C@@H]2N1C(=O)[C@@H](N)C12CC3CC(CC(O)(C3)C1)C2,4.0,C18H25N3O2,315.42
CHEMBL384304,RG-547,COc1ccc(F)c(F)c1C(=O)c1cnc(NC2CCN(S(C)(=O)=O)CC2)nc1N,2.0,C18H21F2N5O4S,441.46
CHEMBL217092,SARACATINIB,CN1CCN(CCOc2cc(OC3CCOCC3)c3c(Nc4c(Cl)ccc5c4OCO5)ncnc3c2)CC1,3.0,C27H32ClN5O5,542.04
CHEMBL1421,DASATINIB ANHYDROUS,Cc1nc(Nc2ncc(C(=O)Nc3c(C)cccc3Cl)s2)cc(N2CCN(CCO)CC2)n1,4.0,C22H26ClN7O2S,488.02
CHEMBL426161,AZM-475271,COc1ccc(Cl)c(Nc2ncnc3cc(OCC4CCN(C)CC4)c(OC)cc23)c1,2.0,C23H27ClN4O3,442.95
CHEMBL414157,TONAPOFYLLINE,CCCn1c(=O)c2[nH]c(C34CCC(CCC(=O)O)(CC3)CC4)nc2n(CCC)c1=O,3.0,C22H32N4O4,416.52
CHEMBL215152,DEFOSBARASERTIB,CCN(CCO)CCCOc1ccc2c(Nc3cc(CC(=O)Nc4cccc(F)c4)[nH]n3)ncnc2c1,2.0,C26H30FN7O3,507.57
CHEMBL415049,BARASERTIB,CCN(CCCOc1ccc2c(Nc3cc(CC(=O)Nc4cccc(F)c4)[nH]n3)ncnc2c1)CCOP(=O)(O)O,3.0,C26H31FN7O6P,587.55
CHEMBL1422,SITAGLIPTIN,N[C@@H](CC(=O)N1CCn2c(nnc2C(F)(F)F)C1)Cc1cc(F)c(F)cc1F,4.0,C16H15F6N5O,407.32
CHEMBL1423,PIMOZIDE,O=c1[nH]c2ccccc2n1C1CCN(CCCC(c2ccc(F)cc2)c2ccc(F)cc2)CC1,4.0,C28H29F2N3O,461.56
CHEMBL386630,TESTOSTERONE,C[C@]12CC[C@H]3[C@@H](CCC4=CC(=O)CC[C@@]43C)[C@@H]1CC[C@@H]2O,4.0,C19H28O2,288.43
CHEMBL219568,GUANINE,Nc1nc2[nH]cnc2c(=O)[nH]1,3.0,C5H5N5O,151.13
CHEMBL1425,MERCAPTOPURINE ANHYDROUS,Sc1ncnc2nc[nH]c12,4.0,C5H4N4S,152.18
CHEMBL219916,DOMPERIDONE,O=c1[nH]c2ccccc2n1CCCN1CCC(n2c(=O)[nH]c3cc(Cl)ccc32)CC1,4.0,C22H24ClN5O2,425.92
CHEMBL181,DIAZOXIDE,CC1=Nc2ccc(Cl)cc2S(=O)(=O)N1,4.0,C8H7ClN2O2S,230.68
CHEMBL216981,NAVARIXIN ANHYDROUS,CC[C@@H](Nc1c(Nc2cccc(C(=O)N(C)C)c2O)c(=O)c1=O)c1ccc(C)o1,2.0,C21H23N3O5,397.43
CHEMBL220360,TARANABANT,C[C@H](NC(=O)C(C)(C)Oc1ccc(C(F)(F)F)cn1)[C@@H](Cc1ccc(Cl)cc1)c1cccc(C#N)c1,3.0,C27H25ClF3N3O2,515.96
CHEMBL374478,RIFAMPIN,CO[C@H]1/C=C/O[C@@]2(C)Oc3c(C)c(O)c4c(O)c(c(/C=N/N5CCN(C)CC5)c(O)c4c3C2=O)NC(=O)/C(C)=C\C=C\[C@H](C)[C@H](O)[C@@H](C)[C@@H](O)[C@@H](C)[C@H](OC(C)=O)[C@@H]1C,4.0,C43H58N4O12,822.95
CHEMBL218650,DELAMANID,C[C@]1(COc2ccc(N3CCC(Oc4ccc(OC(F)(F)F)cc4)CC3)cc2)Cn2cc([N+](=O)[O-])nc2O1,4.0,C25H25F3N4O6,534.49
CHEMBL1428,NIMODIPINE,COCCOC(=O)C1=C(C)NC(C)=C(C(=O)OC(C)C)C1c1cccc([N+](=O)[O-])c1,4.0,C21H26N2O7,418.45
CHEMBL216913,MITOGUAZONE,CC(/C=N/NC(=N)N)=N\NC(=N)N,3.0,C5H12N8,184.21
CHEMBL384467,DEXAMETHASONE,C[C@@H]1C[C@H]2[C@@H]3CCC4=CC(=O)C=C[C@]4(C)[C@@]3(F)[C@@H](O)C[C@]2(C)[C@@]1(O)C(=O)CO,4.0,C22H29FO5,392.47
CHEMBL182,GANCICLOVIR,Nc1nc2c(ncn2COC(CO)CO)c(=O)[nH]1,4.0,C9H13N5O4,255.23
CHEMBL184,ACYCLOVIR,Nc1nc2c(ncn2COCCO)c(=O)[nH]1,4.0,C8H11N5O3,225.21
CHEMBL219376,OXYCINCHOPHEN,O=C(O)c1c(O)c(-c2ccccc2)nc2ccccc12,2.0,C16H11NO3,265.27
CHEMBL219046,PSI-697,O=C(O)c1c(O)c(Cc2ccc(Cl)cc2)nc2c3c(ccc12)CCCC3,1.0,C21H18ClNO3,367.83
CHEMBL217899,TOFIMILAST,CCc1nn(C2CCCC2)c2c1CCn1c(-c3cccs3)nnc1-2,2.0,C18H21N5S,339.47
CHEMBL375611,LY404039,N[C@@]1(C(=O)O)CS(=O)(=O)[C@H]2[C@H](C(=O)O)[C@H]21,1.0,C7H9NO6S,235.22
CHEMBL374731,TELBIVUDINE,Cc1cn([C@@H]2C[C@@H](O)[C@H](CO)O2)c(=O)[nH]c1=O,4.0,C10H14N2O5,242.23
CHEMBL218490,DORZOLAMIDE,CCN[C@H]1C[C@H](C)S(=O)(=O)c2sc(S(N)(=O)=O)cc21,4.0,C10H16N2O4S3,324.45
CHEMBL220491,BRINZOLAMIDE,CCN[C@H]1CN(CCCOC)S(=O)(=O)c2sc(S(N)(=O)=O)cc21,4.0,C12H21N3O5S3,383.52
CHEMBL220492,TOPIRAMATE,CC1(C)O[C@@H]2[C@@H](CO[C@@]3(COS(N)(=O)=O)OC(C)(C)O[C@@H]23)O1,4.0,C12H21NO8S,339.37
CHEMBL221186,OTX-008,CN(C)CCNC(=O)COc1c2cccc1Cc1cccc(c1OCC(=O)NCCN(C)C)Cc1cccc(c1OCC(=O)NCCN(C)C)Cc1cccc(c1OCC(=O)NCCN(C)C)C2,1.0,C52H72N8O8,937.20
CHEMBL218427,FASITIBANT,Cc1cc(C)c2cccc(OCc3c(Cl)ccc(S(=O)(=O)NC4(C(=O)N5CCN(C(=O)[C@@H](N)CCC[N+](C)(C)C)CC5)CCOCC4)c3Cl)c2n1,2.0,C36H49Cl2N6O6S+,764.80
CHEMBL384200,RGI-7000,CCCCCCCCCCCCCCCCCCCCCCCCCC(=O)N[C@@H](CO[C@H]1O[C@H](CO)[C@H](O)[C@H](O)[C@H]1O)[C@H](O)[C@H](O)CCCCCCCCCCCCCC,1.0,C50H99NO9,858.34
CHEMBL219586,GW590735,Cc1nc(-c2ccc(C(F)(F)F)cc2)sc1C(=O)NCc1ccc(OC(C)(C)C(=O)O)cc1,2.0,C23H21F3N2O4S,478.49
CHEMBL376408,ABT 737,CN(C)CC[C@H](CSc1ccccc1)Nc1ccc(S(=O)(=O)NC(=O)c2ccc(N3CCN(Cc4ccccc4-c4ccc(Cl)cc4)CC3)cc2)cc1[N+](=O)[O-],1.0,C42H45ClN6O5S2,813.45
CHEMBL221692,ADOPRAZINE,Fc1ccc(-c2cncc(CN3CCN(c4cccc5c4OCCO5)CC3)c2)cc1,2.0,C24H24FN3O2,405.47
CHEMBL220808,SARIZOTAN,Fc1ccc(-c2cncc(CNC[C@H]3CCc4ccccc4O3)c2)cc1,3.0,C22H21FN2O,348.42
CHEMBL218166,BIFEPRUNOX,O=c1[nH]c2cccc(N3CCN(Cc4cccc(-c5ccccc5)c4)CC3)c2o1,3.0,C24H23N3O2,385.47
CHEMBL426559,LAROPIPRANT,CS(=O)(=O)c1cc(F)cc2c3c(n(Cc4ccc(Cl)cc4)c12)[C@@H](CC(=O)O)CC3,4.0,C21H19ClFNO4S,435.90
CHEMBL218227,S-1360,O=C(/C=C(\O)c1nc[nH]n1)c1ccc(Cc2ccc(F)cc2)o1,2.0,C16H12FN3O3,313.29
CHEMBL221959,TOFACITINIB,C[C@@H]1CCN(C(=O)CC#N)C[C@@H]1N(C)c1ncnc2[nH]ccc12,4.0,C16H20N6O,312.38
CHEMBL221753,BENZETHONIUM CHLORIDE,CC(C)(C)CC(C)(C)c1ccc(OCCOCC[N+](C)(C)Cc2ccccc2)cc1.[Cl-],2.0,C27H42ClNO2,448.09
CHEMBL185,FLUOROURACIL,O=c1[nH]cc(F)c(=O)[nH]1,4.0,C4H3FN2O2,130.08
CHEMBL1430,PENICILLAMINE,CC(C)(S)[C@@H](N)C(=O)O,4.0,C5H11NO2S,149.21
CHEMBL426926,ARBEKACIN,NCC[C@H](O)C(=O)N[C@@H]1C[C@H](N)[C@@H](O[C@H]2O[C@H](CN)CC[C@H]2N)[C@H](O)[C@H]1O[C@H]1O[C@H](CO)[C@@H](O)[C@H](N)[C@H]1O,2.0,C22H44N6O10,552.63
CHEMBL1431,METFORMIN,CN(C)C(=N)NC(=N)N,4.0,C4H11N5,129.17
CHEMBL222460,BMS-223131,O=c1[nH]c2ccc(C(F)(F)F)cc2c(-c2cc(Cl)ccc2O)c1CCO,2.0,C18H13ClF3NO3,383.75
CHEMBL221326,DIQUAFOSOL,O=c1ccn([C@@H]2O[C@H](COP(=O)(O)OP(=O)(O)OP(=O)(O)OP(=O)(O)OC[C@H]3O[C@@H](n4ccc(=O)[nH]c4=O)[C@H](O)[C@@H]3O)[C@@H](O)[C@H]2O)c(=O)[nH]1,4.0,C18H26N4O23P4,790.31
CHEMBL376897,METHSCOPOLAMINE,C[N+]1(C)[C@@H]2C[C@@H](OC(=O)[C@H](CO)c3ccccc3)C[C@H]1[C@@H]1O[C@@H]12,4.0,C18H24NO4+,318.39
CHEMBL220050,GW813893,C[C@@H](C(=O)N1CCOCC1)N1CC[C@H](NS(=O)(=O)/C=C/c2ccc(Cl)s2)C1=O,2.0,C17H22ClN3O5S2,447.97
CHEMBL223402,RSV-604,O=C(Nc1ccccc1F)N[C@H]1N=C(c2ccccc2)c2ccccc2NC1=O,2.0,C22H17FN4O2,388.40
CHEMBL269787,ECOPLADIB,O=C(O)c1ccc(OCCc2c(CCNS(=O)(=O)Cc3ccc(Cl)c(Cl)c3)n(C(c3ccccc3)c3ccccc3)c3ccc(Cl)cc23)cc1,2.0,C39H33Cl3N2O5S,748.13
CHEMBL223360,LINIFANIB,Cc1ccc(F)c(NC(=O)Nc2ccc(-c3cccc4[nH]nc(N)c34)cc2)c1,3.0,C21H18FN5O,375.41
CHEMBL221886,SISOMICIN,CN[C@@H]1[C@@H](O)[C@@H](O[C@@H]2[C@@H](O)[C@H](O[C@H]3OC(CN)=CC[C@H]3N)[C@@H](N)C[C@H]2N)OC[C@]1(C)O,3.0,C19H37N5O7,447.53
CHEMBL1433,DOXYCYCLINE ANHYDROUS,C[C@H]1c2cccc(O)c2C(=O)C2=C(O)[C@]3(O)C(=O)C(C(N)=O)=C(O)[C@@H](N(C)C)[C@@H]3[C@@H](O)[C@@H]21,4.0,C22H24N2O8,444.44
CHEMBL1434,MINOCYCLINE,CN(C)c1ccc(O)c2c1C[C@H]1C[C@H]3[C@H](N(C)C)C(O)=C(C(N)=O)C(=O)[C@@]3(O)C(O)=C1C2=O,4.0,C23H27N3O7,457.48
CHEMBL389847,TOMOPENEM,C[C@@H](O)[C@H]1C(=O)N2C(C(=O)O)=C(S[C@H]3C[C@@H](C(=O)N4CC[C@H](NC(=O)CNC(=N)N)C4)N(C)C3)[C@H](C)[C@H]12,2.0,C23H35N7O6S,537.64
CHEMBL1435,CEFAZOLIN,Cc1nnc(SCC2=C(C(=O)O)N3C(=O)[C@@H](NC(=O)Cn4cnnn4)[C@H]3SC2)s1,4.0,C14H14N8O4S3,454.52
CHEMBL1436,CEFUROXIME,CO/N=C(\C(=O)N[C@@H]1C(=O)N2C(C(=O)O)=C(COC(N)=O)CS[C@H]12)c1ccco1,4.0,C16H16N4O8S,424.39
CHEMBL222645,FLOXACILLIN,Cc1onc(-c2c(F)cccc2Cl)c1C(=O)N[C@@H]1C(=O)N2[C@@H]1SC(C)(C)[C@@H]2C(=O)O,3.0,C19H17ClFN3O5S,453.88
CHEMBL222287,IBOGAINE,CC[C@H]1C[C@H]2C[C@H]3c4[nH]c5ccc(OC)cc5c4CCN(C2)[C@@H]13,2.0,C20H26N2O,310.44
CHEMBL186,CEFEPIME,CO/N=C(\C(=O)N[C@@H]1C(=O)N2C(C(=O)[O-])=C(C[N+]3(C)CCCC3)CS[C@H]12)c1csc(N)n1,4.0,C19H24N6O5S2,480.57
CHEMBL374975,FUSIDIC ACID,CC(=O)O[C@H]1C[C@@]2(C)[C@@H](C[C@@H](O)[C@H]3[C@@]4(C)CC[C@@H](O)[C@@H](C)[C@@H]4CC[C@@]32C)/C1=C(\CCC=C(C)C)C(=O)O,4.0,C31H48O6,516.72
CHEMBL222838,"EFLORNITHINE, (S)-",NCCC[C@](N)(C(=O)O)C(F)F,2.0,C6H12F2N2O2,182.17
CHEMBL223520,KANAMYCIN A,NC[C@@H]1O[C@@H](O[C@H]2[C@H](O)[C@@H](O[C@H]3O[C@H](CO)[C@@H](O)[C@H](N)[C@H]3O)[C@H](N)C[C@@H]2N)[C@@H](O)[C@H](O)[C@H]1O,1.0,C18H36N4O11,484.50
CHEMBL222559,TIPRANAVIR,CCC[C@@]1(CCc2ccccc2)CC(O)=C([C@H](CC)c2cccc(NS(=O)(=O)c3ccc(C(F)(F)F)cn3)c2)C(=O)O1,4.0,C31H33F3N2O5S,602.68
CHEMBL221572,RIBOSTAMYCIN,NC[C@H]1O[C@H](O[C@H]2[C@H](O[C@@H]3O[C@H](CO)[C@@H](O)[C@H]3O)[C@@H](O)[C@H](N)C[C@@H]2N)[C@H](N)[C@@H](O)[C@@H]1O,2.0,C17H34N4O10,454.48
CHEMBL222280,BROXURIDINE,O=c1[nH]c(=O)n([C@H]2C[C@H](O)[C@@H](CO)O2)cc1Br,2.0,C9H11BrN2O5,307.10
CHEMBL222913,CEFTIOFUR,CO/N=C(\C(=O)N[C@@H]1C(=O)N2C(C(=O)O)=C(CSC(=O)c3ccco3)CS[C@H]12)c1csc(N)n1,2.0,C19H17N5O7S3,523.57
CHEMBL1437,NOREPINEPHRINE,NC[C@H](O)c1ccc(O)c(O)c1,4.0,C8H11NO3,169.18
CHEMBL221722,FAVIPIRAVIR,NC(=O)c1nc(F)cnc1O,4.0,C5H4FN3O2,157.10
CHEMBL222813,ZANAMIVIR,CC(=O)N[C@H]1[C@H]([C@H](O)[C@H](O)CO)OC(C(=O)O)=C[C@@H]1NC(=N)N,4.0,C12H20N4O7,332.31
CHEMBL1439,TAZOBACTAM SODIUM,C[C@]1(Cn2ccnn2)[C@H](C(=O)[O-])N2C(=O)C[C@H]2S1(=O)=O.[Na+],4.0,C10H11N4NaO5S,322.28
CHEMBL225164,CLOXYQUIN,Oc1ccc(Cl)c2cccnc12,2.0,C9H6ClNO,179.61
CHEMBL224325,CHLORQUINALDOL,Cc1ccc2c(Cl)cc(Cl)c(O)c2n1,2.0,C10H7Cl2NO,228.08
CHEMBL376140,TIGECYCLINE,CN(C)c1cc(NC(=O)CNC(C)(C)C)c(O)c2c1C[C@H]1C[C@H]3[C@H](N(C)C)C(O)=C(C(N)=O)C(=O)[C@@]3(O)C(O)=C1C2=O,4.0,C29H39N5O8,585.66
CHEMBL223448,BROXYQUINOLINE,Oc1c(Br)cc(Br)c2cccnc12,4.0,C9H5Br2NO,302.95
CHEMBL376488,BEDAQUILINE,COc1nc2ccc(Br)cc2cc1[C@@H](c1ccccc1)[C@@](O)(CCN(C)C)c1cccc2ccccc12,4.0,C32H31BrN2O2,555.52
CHEMBL1440,TETRACYCLINE,CN(C)[C@@H]1C(O)=C(C(N)=O)C(=O)[C@@]2(O)C(O)=C3C(=O)c4c(O)cccc4[C@@](C)(O)[C@H]3C[C@@H]12,4.0,C22H24N2O8,444.44
CHEMBL1441,ETHIONAMIDE,CCc1cc(C(N)=S)ccn1,4.0,C8H10N2S,166.25
CHEMBL375492,AMITHIOZONE,CC(=O)Nc1ccc(/C=N/NC(N)=S)cc1,2.0,C10H12N4OS,236.30
CHEMBL225071,RALTITREXED,Cc1nc(=O)c2cc(CN(C)c3ccc(C(=O)N[C@@H](CCC(=O)O)C(=O)O)s3)ccc2[nH]1,4.0,C21H22N4O6S,458.50
CHEMBL225072,PEMETREXED,Nc1nc2[nH]cc(CCc3ccc(C(=O)N[C@@H](CCC(=O)O)C(=O)O)cc3)c2c(=O)[nH]1,4.0,C20H21N5O6,427.42
CHEMBL224265,NICOTHIAZONE,NC(=S)N/N=C/c1cccnc1,2.0,C7H8N4S,180.24
CHEMBL224436,JOSAMYCIN,CO[C@@H]1[C@@H](O[C@@H]2O[C@H](C)[C@@H](O[C@H]3C[C@@](C)(O)[C@@H](OC(=O)CC(C)C)[C@H](C)O3)[C@H](N(C)C)[C@H]2O)[C@@H](CC=O)C[C@@H](C)[C@@H](O)/C=C/C=C/C[C@@H](C)OC(=O)C[C@H]1OC(C)=O,3.0,C42H69NO15,828.01
CHEMBL376180,AMINOPTERIN,Nc1nc(N)c2nc(CNc3ccc(C(=O)N[C@@H](CCC(=O)O)C(=O)O)cc3)cnc2n1,2.0,C19H20N8O5,440.42
CHEMBL387675,DAPTOMYCIN,CCCCCCCCCC(=O)N[C@@H](Cc1c[nH]c2ccccc12)C(=O)N[C@@H](CC(N)=O)C(=O)N[C@@H](CC(=O)O)C(=O)N[C@@H]1C(=O)NCC(=O)N[C@@H](CCCN)C(=O)N[C@@H](CC(=O)O)C(=O)N[C@H](C)C(=O)N[C@@H](CC(=O)O)C(=O)NCC(=O)N[C@H](CO)C(=O)N[C@@H]([C@H](C)CC(=O)O)C(=O)N[C@@H](CC(=O)c2ccccc2N)C(=O)O[C@@H]1C,4.0,C72H101N17O26,1620.69
CHEMBL389621,HYDROCORTISONE,C[C@]12CCC(=O)C=C1CC[C@@H]1[C@@H]2[C@@H](O)C[C@@]2(C)[C@H]1CC[C@]2(O)C(=O)CO,4.0,C21H30O5,362.47
CHEMBL1443,NAFCILLIN,CCOc1ccc2ccccc2c1C(=O)N[C@@H]1C(=O)N2[C@@H]1SC(C)(C)[C@@H]2C(=O)O,4.0,C21H22N2O5S,414.48
CHEMBL223824,MOZENAVIR,Nc1cccc(CN2C(=O)N(Cc3cccc(N)c3)[C@H](Cc3ccccc3)[C@H](O)[C@@H](O)[C@H]2Cc2ccccc2)c1,2.0,C33H36N4O3,536.68
CHEMBL388590,BENZBROMARONE,CCc1oc2ccccc2c1C(=O)c1cc(Br)c(O)c(Br)c1,4.0,C17H12Br2O3,424.09
CHEMBL224006,POZTINURAD,CC(O)c1oc2ccccc2c1C(=O)c1cc(Br)c(O)c(Br)c1,2.0,C17H12Br2O4,440.09
CHEMBL225157,RESATORVID,CCOC(=O)C1=CCCC[C@H]1S(=O)(=O)Nc1ccc(F)cc1Cl,3.0,C15H17ClFNO4S,361.82
CHEMBL1444,LETROZOLE,N#Cc1ccc(C(c2ccc(C#N)cc2)n2cncn2)cc1,4.0,C17H11N5,285.31
CHEMBL389433,LIAROZOLE,Clc1cccc(C(c2ccc3[nH]cnc3c2)n2ccnc2)c1,2.0,C17H13ClN4,308.77
CHEMBL224060,VOROZOLE,Cn1nnc2ccc([C@H](c3ccc(Cl)cc3)n3cncn3)cc21,2.0,C16H13ClN6,324.77
CHEMBL223228,EFAVIRENZ,O=C1Nc2ccc(Cl)cc2[C@@](C#CC2CC2)(C(F)(F)F)O1,4.0,C14H9ClF3NO2,315.68
CHEMBL225304,PIMAGEDINE,N=C(N)NN,2.0,CH6N4,74.09
CHEMBL227744,NITROARGININE,N=C(NCCC[C@H](N)C(=O)O)N[N+](=O)[O-],1.0,C6H13N5O4,219.20
CHEMBL374385,NCX-4016,CC(=O)Oc1ccccc1C(=O)Oc1cccc(CO[N+](=O)[O-])c1,2.0,C16H13NO7,331.28
CHEMBL227529,ALOGLIPTIN BENZOATE,Cn1c(=O)cc(N2CCC[C@@H](N)C2)n(Cc2ccccc2C#N)c1=O.O=C(O)c1ccccc1,4.0,C25H27N5O4,461.52
CHEMBL1445,FLUOXYMESTERONE,C[C@]1(O)CC[C@H]2[C@@H]3CCC4=CC(=O)CC[C@]4(C)[C@@]3(F)[C@@H](O)C[C@@]21C,4.0,C20H29FO3,336.45
CHEMBL376359,ALOGLIPTIN,Cn1c(=O)cc(N2CCC[C@@H](N)C2)n(Cc2ccccc2C#N)c1=O,4.0,C18H21N5O2,339.40
CHEMBL226335,RUTIN,C[C@@H]1O[C@@H](OC[C@H]2O[C@@H](Oc3c(-c4ccc(O)c(O)c4)oc4cc(O)cc(O)c4c3=O)[C@H](O)[C@@H](O)[C@@H]2O)[C@H](O)[C@H](O)[C@H]1O,3.0,C27H30O16,610.52
CHEMBL1446,KANAMYCIN SULFATE,NC[C@H]1O[C@H](O[C@H]2[C@H](O)[C@@H](O[C@H]3O[C@H](CO)[C@@H](O)[C@H](N)[C@H]3O)[C@H](N)C[C@@H]2N)[C@H](O)[C@@H](O)[C@@H]1O.O=S(=O)(O)O,4.0,C18H38N4O15S,582.58
CHEMBL1447,LINCOMYCIN,CCC[C@@H]1C[C@@H](C(=O)N[C@@H]([C@H]2O[C@H](SC)[C@H](O)[C@@H](O)[C@H]2O)[C@@H](C)O)N(C)C1,4.0,C18H34N2O6S,406.55
CHEMBL227875,PRETOMANID,O=[N+]([O-])c1cn2c(n1)OC[C@@H](OCc1ccc(OC(F)(F)F)cc1)C2,4.0,C14H12F3N3O5,359.26
CHEMBL1448,NICLOSAMIDE,O=C(Nc1ccc([N+](=O)[O-])cc1Cl)c1cc(Cl)ccc1O,4.0,C13H8Cl2N2O4,327.12
CHEMBL224128,20-HYDROXYECDYSONE,CC(C)(O)CC[C@@H](O)[C@](C)(O)[C@H]1CC[C@@]2(O)C3=CC(=O)[C@@H]4C[C@@H](O)[C@@H](O)C[C@]4(C)[C@H]3CC[C@]12C,2.0,C27H44O7,480.64
CHEMBL1449,TICARCILLIN,CC1(C)S[C@@H]2[C@H](NC(=O)[C@H](C(=O)O)c3ccsc3)C(=O)N2[C@H]1C(=O)O,4.0,C15H16N2O6S2,384.44
CHEMBL1450,ATOVAQUONE,O=C1C(O)=C([C@H]2CC[C@H](c3ccc(Cl)cc3)CC2)C(=O)c2ccccc21,4.0,C22H19ClO3,366.84
CHEMBL225411,GW842166X,O=C(NCC1CCOCC1)c1cnc(Nc2ccc(Cl)cc2Cl)nc1C(F)(F)F,2.0,C18H17Cl2F3N4O2,449.26
CHEMBL226267,ARZOXIFENE,COc1ccc(-c2sc3cc(O)ccc3c2Oc2ccc(OCCN3CCCCC3)cc2)cc1,3.0,C28H29NO4S,475.61
CHEMBL226345,ADENINE,Nc1[nH]cnc2ncnc1-2,3.0,C5H5N5,135.13
CHEMBL389507,OSALMID,O=C(Nc1ccc(O)cc1)c1ccccc1O,2.0,C13H11NO3,229.24
CHEMBL229128,MEPHENESIN,Cc1ccccc1OCC(O)CO,4.0,C10H14O3,182.22
CHEMBL189,MILRINONE,Cc1[nH]c(=O)c(C#N)cc1-c1ccncc1,4.0,C12H9N3O,211.22
CHEMBL1451,TRIAMCINOLONE,C[C@]12C=CC(=O)C=C1CC[C@H]1[C@@H]3C[C@@H](O)[C@](O)(C(=O)CO)[C@@]3(C)C[C@H](O)[C@@]12F,4.0,C21H27FO6,394.44
CHEMBL388560,DIMPYLATE,CCOP(=S)(OCC)Oc1cc(C)nc(C(C)C)n1,2.0,C12H21N2O3PS,304.35
CHEMBL229430,AMG-517,CC(=O)Nc1nc2c(Oc3cc(-c4ccc(C(F)(F)F)cc4)ncn3)cccc2s1,1.0,C20H13F3N4O2S,430.41
CHEMBL230599,PREMAFLOXACIN,CN[C@@H](C)[C@@H]1CCN(c2c(F)cc3c(=O)c(C(=O)O)cn(C4CC4)c3c2OC)C1,2.0,C21H26FN3O4,403.45
CHEMBL231616,TRIAPINE,NC(=S)N/N=C/c1ncccc1N,3.0,C7H9N5S,195.25
CHEMBL230158,SELADELPAR,CCO[C@H](COc1ccc(C(F)(F)F)cc1)CSc1ccc(OCC(=O)O)c(C)c1,4.0,C21H23F3O5S,444.47
CHEMBL396290,NCX 1000,COc1ccc(/C=C/C(=O)OCCCCO[N+](=O)[O-])cc1OC(=O)CC[C@@H](C)[C@H]1CC[C@H]2[C@@H]3[C@@H](O)C[C@@H]4C[C@H](O)CC[C@]4(C)[C@H]3CC[C@]12C,2.0,C38H55NO10,685.86
CHEMBL1454,LEVAMISOLE,c1ccc([C@H]2CN3CCSC3=N2)cc1,4.0,C11H12N2S,204.30
CHEMBL228814,ISPINESIB,Cc1ccc(C(=O)N(CCCN)[C@@H](c2nc3cc(Cl)ccc3c(=O)n2Cc2ccccc2)C(C)C)cc1,2.0,C30H33ClN4O2,517.07
CHEMBL397976,PIDOLIC ACID,O=C1CC[C@@H](C(=O)O)N1,2.0,C5H7NO3,129.12
CHEMBL1455,ALTRETAMINE,CN(C)c1nc(N(C)C)nc(N(C)C)n1,4.0,C9H18N6,210.28
CHEMBL1456,MYCOPHENOLATE MOFETIL,COc1c(C)c2c(c(O)c1C/C=C(\C)CCC(=O)OCCN1CCOCC1)C(=O)OC2,4.0,C23H31NO7,433.50
CHEMBL245019,MIZORIBINE,NC(=O)c1ncn([C@@H]2O[C@H](CO)[C@@H](O)[C@H]2O)c1O,3.0,C9H13N3O6,259.22
CHEMBL446452,ARUNDINE,c1ccc2c(Cc3c[nH]c4ccccc34)c[nH]c2c1,3.0,C17H14N2,246.31
CHEMBL245030,SR-13668,CCOC(=O)c1ccc2[nH]c3c(OC)c4[nH]c5ccc(C(=O)OCC)cc5c4cc3c2c1,1.0,C25H22N2O5,430.46
CHEMBL230006,ENOXOLONE,CC1(C)[C@@H](O)CC[C@]2(C)[C@H]3C(=O)C=C4[C@@H]5C[C@@](C)(C(=O)O)CC[C@]5(C)CC[C@@]4(C)[C@]3(C)CC[C@@H]12,2.0,C30H46O4,470.69
CHEMBL243716,METACAVIR,COc1nc(N)nc2c1ncn2[C@H]1CC[C@@H](CO)O1,2.0,C11H15N5O3,265.27
CHEMBL230011,TG100-115,Nc1nc(N)c2nc(-c3cccc(O)c3)c(-c3cccc(O)c3)nc2n1,2.0,C18H14N6O2,346.35
CHEMBL244138,HEXAPROFEN,CC(C(=O)O)c1ccc(C2CCCCC2)cc1,2.0,C15H20O2,232.32
CHEMBL1457,HYDROCODONE,COc1ccc2c3c1O[C@H]1C(=O)CC[C@H]4[C@@H](C2)N(C)CC[C@]314,4.0,C18H21NO3,299.37
CHEMBL396778,SAFINAMIDE,C[C@H](NCc1ccc(OCc2cccc(F)c2)cc1)C(N)=O,4.0,C17H19FN2O2,302.35
CHEMBL231068,FLIBANSERIN,O=c1[nH]c2ccccc2n1CCN1CCN(c2cccc(C(F)(F)F)c2)CC1,4.0,C20H21F3N4O,390.41
CHEMBL266125,IBODUTANT,Cc1ccc2cc(C(=O)NC3(C(=O)N[C@H](Cc4ccccc4)C(=O)NCC4CCN(CC5CCOCC5)CC4)CCCC3)sc2c1,3.0,C37H48N4O4S,644.88
CHEMBL243712,AMISULPRIDE,CCN1CCCC1CNC(=O)c1cc(S(=O)(=O)CC)c(N)cc1OC,4.0,C17H27N3O4S,369.49
CHEMBL244888,NIFUROXAZIDE,O=C(N/N=C/c1ccc([N+](=O)[O-])o1)c1ccc(O)cc1,3.0,C12H9N3O5,275.22
CHEMBL242580,CICLOPIROX OLAMINE,Cc1cc(C2CCCCC2)n(O)c(=O)c1.NCCO,3.0,C14H24N2O3,268.36
CHEMBL395091,ESKETAMINE,CN[C@]1(c2ccccc2Cl)CCCCC1=O,4.0,C13H16ClNO,237.73
CHEMBL1460,DIDANOSINE,O=c1[nH]cnc2c1ncn2[C@H]1CC[C@@H](CO)O1,4.0,C10H12N4O3,236.23
CHEMBL244243,SRX246,C[C@@H](NC(=O)[C@@H](CC(=O)N1CCC(N2CCCCC2)CC1)N1C(=O)[C@@H](N2C(=O)OC[C@@H]2c2ccccc2)[C@H]1/C=C/c1ccccc1)c1cccc(C(F)(F)F)c1,2.0,C43H48F3N5O5,771.88
CHEMBL242948,CARNOSINE,NCCC(=O)N[C@@H](Cc1c[nH]cn1)C(=O)O,3.0,C9H14N4O3,226.24
CHEMBL242341,FORMONONETIN,COc1ccc(-c2coc3cc(O)ccc3c2=O)cc1,2.0,C16H12O4,268.27
CHEMBL396298,ELACRIDAR,COc1cc2c(cc1OC)CN(CCc1ccc(NC(=O)c3cccc4c(=O)c5cccc(OC)c5[nH]c34)cc1)CC2,2.0,C34H33N3O5,563.65
CHEMBL395280,HUPERZINE A,C/C=C1\[C@H]2C=C(C)C[C@]1(N)c1ccc(=O)[nH]c1C2,2.0,C15H18N2O,242.32
CHEMBL395414,DISOGLUSIDE,C[C@@H]1CC[C@@]2(OC1)O[C@H]1C[C@H]3[C@@H]4CC=C5C[C@@H](O[C@@H]6O[C@H](CO)[C@@H](O)[C@H](O)[C@H]6O)CC[C@]5(C)[C@H]4CC[C@]3(C)[C@H]1[C@@H]2C,2.0,C33H52O8,576.77
CHEMBL231884,DIOSMIN,COc1ccc(-c2cc(=O)c3c(O)cc(O[C@@H]4O[C@H](CO[C@@H]5O[C@@H](C)[C@H](O)[C@@H](O)[C@H]5O)[C@@H](O)[C@H](O)[C@H]4O)cc3o2)cc1O,4.0,C28H32O15,608.55
CHEMBL1463,FLUCYTOSINE,Nc1nc(=O)[nH]cc1F,4.0,C4H4FN3O,129.09
CHEMBL232211,MINOZAC FREE BASE,Cc1cc(-c2ccccc2)nnc1N1CCN(c2ncccn2)CC1,1.0,C19H20N6,332.41
CHEMBL1464,WARFARIN,CC(=O)CC(c1ccccc1)c1c(O)c2ccccc2oc1=O,4.0,C19H16O4,308.33
CHEMBL397420,ACENOCOUMAROL,CC(=O)CC(c1ccc([N+](=O)[O-])cc1)c1c(O)c2ccccc2oc1=O,4.0,C19H15NO6,353.33
CHEMBL1465,PHENPROCOUMON,CCC(c1ccccc1)c1c(O)c2ccccc2oc1=O,4.0,C18H16O3,280.32
CHEMBL1466,DICUMAROL,O=c1oc2ccccc2c(O)c1Cc1c(O)c2ccccc2oc1=O,4.0,C19H12O6,336.30
CHEMBL233406,SODIUM SULFATE ANHYDROUS,O=S(=O)([O-])[O-].[Na+].[Na+],4.0,Na2O4S,142.04
CHEMBL232656,BX 471 FREE BASE,C[C@@H]1CN(Cc2ccc(F)cc2)CCN1C(=O)COc1ccc(Cl)cc1NC(N)=O,2.0,C21H24ClFN4O3,434.90
CHEMBL233248,ALLYL ISOTHIOCYANATE,C=CCN=C=S,1.0,C4H5NS,99.16
CHEMBL231813,TELAPREVIR,CCC[C@H](NC(=O)[C@@H]1[C@H]2CCC[C@H]2CN1C(=O)[C@@H](NC(=O)[C@@H](NC(=O)c1cnccn1)C1CCCCC1)C(C)(C)C)C(=O)C(=O)NC1CC1,4.0,C36H53N7O6,679.86
CHEMBL1467,ALLOPURINOL,Oc1ncnc2[nH]ncc12,4.0,C5H4N4O,136.11
CHEMBL232201,BENZIODARONE,CCc1oc2ccccc2c1C(=O)c1cc(I)c(O)c(I)c1,4.0,C17H12I2O3,518.09
CHEMBL232202,ARBUTIN,OC[C@H]1O[C@@H](Oc2ccc(O)cc2)[C@H](O)[C@@H](O)[C@@H]1O,2.0,C12H16O7,272.25
CHEMBL395110,MEPAZINE,CN1CCCC(CN2c3ccccc3Sc3ccccc32)C1,4.0,C19H22N2S,310.47
CHEMBL410414,DIRLOTAPIDE,CN(Cc1ccccc1)C(=O)[C@@H](NC(=O)c1cc2cc(NC(=O)c3ccccc3-c3ccc(C(F)(F)F)cc3)ccc2n1C)c1ccccc1,2.0,C40H33F3N4O3,674.72
CHEMBL232943,MK0686,COC(=O)c1c(Cl)cccc1-c1ccc([C@@H](C)NC(=O)C2(NC(=O)C(F)(F)F)CC2)c(F)c1,2.0,C22H19ClF4N2O4,486.85
CHEMBL444633,RIFABUTIN,CO[C@H]1/C=C/O[C@@]2(C)Oc3c(C)c(O)c4c(c3C2=O)C2=NC3(CCN(CC(C)C)CC3)NC2=C(NC(=O)/C(C)=C\C=C\[C@H](C)[C@H](O)[C@@H](C)[C@@H](O)[C@@H](C)[C@H](OC(C)=O)[C@@H]1C)C4=O,4.0,C46H62N4O11,847.02
CHEMBL231779,APIXABAN,COc1ccc(-n2nc(C(N)=O)c3c2C(=O)N(c2ccc(N4CCCCC4=O)cc2)CC3)cc1,4.0,C25H25N5O4,459.51
CHEMBL396416,CARBOCYSTEINE,N[C@@H](CSCC(=O)O)C(=O)O,3.0,C5H9NO4S,179.20
CHEMBL1469,PHENYLBUTANOIC ACID,O=C(O)CCCc1ccccc1,4.0,C10H12O2,164.20
CHEMBL236297,RIFALAZIL,CO[C@H]1/C=C/O[C@@]2(C)Oc3c(C)c(O)c4c(=O)c(c5oc6cc(N7CCN(CC(C)C)CC7)cc(O)c6nc-5c4c3C2=O)NC(=O)/C(C)=C\C=C\[C@H](C)[C@H](O)[C@@H](C)[C@@H](O)[C@@H](C)[C@H](OC(C)=O)[C@@H]1C,3.0,C51H64N4O13,941.09
CHEMBL437765,RIFAMYCIN,CO[C@H]1/C=C/O[C@@]2(C)Oc3c(C)c(O)c4c(O)c(cc(O)c4c3C2=O)NC(=O)/C(C)=C\C=C\[C@H](C)[C@H](O)[C@@H](C)[C@@H](O)[C@@H](C)[C@H](OC(C)=O)[C@@H]1C,4.0,C37H47NO12,697.78
CHEMBL236687,PERILLYL ALCOHOL,C=C(C)[C@@H]1CC=C(CO)CC1,2.0,C10H16O,152.24
CHEMBL235668,TIPIRACIL,N=C1CCCN1Cc1[nH]c(=O)[nH]c(=O)c1Cl,4.0,C9H11ClN4O2,242.67
CHEMBL235191,TACEDINALINE,CC(=O)Nc1ccc(C(=O)Nc2ccccc2N)cc1,3.0,C15H15N3O2,269.30
CHEMBL1471,APREPITANT,C[C@@H](O[C@H]1OCCN(Cc2n[nH]c(=O)[nH]2)[C@H]1c1ccc(F)cc1)c1cc(C(F)(F)F)cc(C(F)(F)F)c1,4.0,C23H21F7N4O3,534.43
CHEMBL267225,BOSWELLIC ACID,C[C@H]1[C@H](C)CC[C@]2(C)CC[C@]3(C)C(=CC[C@@H]4[C@@]5(C)CC[C@@H](O)[C@](C)(C(=O)O)[C@@H]5CC[C@]43C)[C@H]12,2.0,C30H48O3,456.71
CHEMBL237500,LINAGLIPTIN,CC#CCn1c(N2CCC[C@@H](N)C2)nc2c1c(=O)n(Cc1nc(C)c3ccccc3n1)c(=O)n2C,4.0,C25H28N8O2,472.55
CHEMBL438497,NICOTINAMIDE RIBOSIDE,NC(=O)c1ccc[n+]([C@@H]2O[C@H](CO)[C@@H](O)[C@H]2O)c1,3.0,C11H15N2O5+,255.25
CHEMBL393820,VALOPICITABINE,CC(C)[C@H](N)C(=O)O[C@@H]1[C@@H](CO)O[C@@H](n2ccc(N)nc2=O)[C@]1(C)O,2.0,C15H24N4O6,356.38
CHEMBL1473,FLUTICASONE PROPIONATE,CCC(=O)O[C@]1(C(=O)SCF)[C@H](C)C[C@H]2[C@@H]3C[C@H](F)C4=CC(=O)C=C[C@]4(C)[C@@]3(F)[C@@H](O)C[C@@]21C,4.0,C25H31F3O5S,500.58
CHEMBL238071,VINDESINE,CC[C@]1(O)C[C@@H]2CN(CCc3c([nH]c4ccccc34)[C@@](C(=O)OC)(c3cc4c(cc3OC)N(C)[C@H]3[C@@](O)(C(N)=O)[C@H](O)[C@]5(CC)C=CCN6CC[C@]43[C@@H]65)C2)C1,4.0,C43H55N5O7,753.94
CHEMBL392149,TECADENOSON,OC[C@H]1O[C@@H](n2cnc3c(N[C@@H]4CCOC4)ncnc32)[C@H](O)[C@@H]1O,2.0,C14H19N5O5,337.34
CHEMBL236593,TELCAGEPANT,O=C(N[C@@H]1CC[C@@H](c2cccc(F)c2F)CN(CC(F)(F)F)C1=O)N1CCC(n2c(=O)[nH]c3ncccc32)CC1,3.0,C26H27F5N6O3,566.53
CHEMBL1475,TRIOXSALEN,Cc1cc2cc3c(C)cc(=O)oc3c(C)c2o1,4.0,C14H12O3,228.25
CHEMBL236150,CLIOXANIDE,CC(=O)Oc1c(I)cc(I)cc1C(=O)Nc1ccc(Cl)cc1,2.0,C15H10ClI2NO3,541.51
CHEMBL1477,CERIVASTATIN,COCc1c(C(C)C)nc(C(C)C)c(/C=C/[C@@H](O)C[C@@H](O)CC(=O)O)c1-c1ccc(F)cc1,4.0,C26H34FNO5,459.56
CHEMBL236345,MGB-BP-3,Cn1cc(NC(=O)c2cc(NC(=O)c3ccc(/C=C/c4cnc5ccccc5c4)cc3)cn2C)cc1C(=O)NCCN1CCOCC1,2.0,C36H37N7O4,631.74
CHEMBL398110,"UK-396,082",CCCn1cnc(C[C@H](CCCN)C(=O)O)c1,1.0,C12H21N3O2,239.32
CHEMBL238465,SOFINICLINE,Clc1cc(N2C[C@@H]3CN[C@@H]3C2)cnc1Cl,2.0,C10H11Cl2N3,244.12
CHEMBL240597,CHENODIOL,C[C@H](CCC(=O)O)[C@H]1CC[C@H]2[C@@H]3[C@H](O)C[C@@H]4C[C@H](O)CC[C@]4(C)[C@H]3CC[C@]12C,4.0,C24H40O4,392.58
CHEMBL240163,PAZUFLOXACIN,C[C@H]1COc2c(C3(N)CC3)c(F)cc3c(=O)c(C(=O)O)cn1c23,3.0,C16H15FN2O4,318.30
CHEMBL1479,DANAZOL,C#C[C@]1(O)CC[C@H]2[C@@H]3CCC4=Cc5oncc5C[C@]4(C)[C@H]3CC[C@@]21C,4.0,C22H27NO2,337.46
CHEMBL1480,FELODIPINE,CCOC(=O)C1=C(C)NC(C)=C(C(=O)OC)C1c1cccc(Cl)c1Cl,4.0,C18H19Cl2NO4,384.26
CHEMBL1481,GLIMEPIRIDE,CCC1=C(C)CN(C(=O)NCCc2ccc(S(=O)(=O)NC(=O)N[C@H]3CC[C@H](C)CC3)cc2)C1=O,4.0,C24H34N4O5S,490.63
CHEMBL539163,TANAPROGET,Cn1c(C#N)ccc1-c1ccc2c(c1)C(C)(C)OC(=S)N2,2.0,C16H15N3OS,297.38
CHEMBL392861,CAPURIDE,CCC(C)C(CC)C(=O)NC(N)=O,2.0,C9H18N2O2,186.25
CHEMBL240773,QUINPIROLE,CCCN1CCC[C@@H]2Cc3n[nH]cc3C[C@H]21,2.0,C13H21N3,219.33
CHEMBL240390,EGTAZIC ACID,O=C(O)CN(CCOCCOCCN(CC(=O)O)CC(=O)O)CC(=O)O,2.0,C14H24N2O10,380.35
CHEMBL241782,DILMEFONE,COc1ccc(C(=O)/C=C/c2ccncc2)c(OC)c1,2.0,C16H15NO3,269.30
CHEMBL239226,LASELIPAG,CC(C)N(CCCCOCC(=O)O)c1cnc(-c2ccccc2)c(-c2ccccc2)n1,2.0,C25H29N3O3,419.53
CHEMBL238804,SELEXIPAG,CC(C)N(CCCCOCC(=O)NS(C)(=O)=O)c1cnc(-c2ccccc2)c(-c2ccccc2)n1,4.0,C26H32N4O4S,496.63
CHEMBL1482,BETHANECHOL,CC(C[N+](C)(C)C)OC(N)=O,4.0,C7H17N2O2+,161.22
CHEMBL1483,ALBENDAZOLE,CCCSc1ccc2[nH]c(NC(=O)OC)nc2c1,4.0,C12H15N3O2S,265.34
CHEMBL427683,ORGANON,COc1ccc(C)c(OC(CCN2CCC(n3c(=O)[nH]c4ccccc43)CC2)C(C)C)c1,2.0,C26H35N3O3,437.58
CHEMBL395447,MYRALACT,CCCCCCCCCCCCCCNCCO,2.0,C16H35NO,257.46
CHEMBL393220,ATORVASTATIN CALCIUM,CC(C)c1c(C(=O)Nc2ccccc2)c(-c2ccccc2)c(-c2ccc(F)cc2)n1CC[C@@H](O)C[C@@H](O)CC(=O)[O-].CC(C)c1c(C(=O)Nc2ccccc2)c(-c2ccccc2)c(-c2ccc(F)cc2)n1CC[C@@H](O)C[C@@H](O)CC(=O)[O-].[Ca+2],4.0,C66H68CaF2N4O10,1155.36
CHEMBL239243,TAURINE,NCCS(=O)(=O)O,3.0,C2H7NO3S,125.15
CHEMBL392158,FALLYPRIDE,C=CCN1CCC[C@H]1CNC(=O)c1cc(CCCF)cc(OC)c1OC,3.0,C20H29FN2O3,364.46
CHEMBL241694,ETHISTERONE,C#C[C@]1(O)CC[C@H]2[C@@H]3CCC4=CC(=O)CC[C@]4(C)[C@H]3CC[C@@]21C,3.0,C21H28O2,312.45
CHEMBL1484,NICARDIPINE,COC(=O)C1=C(C)NC(C)=C(C(=O)OCCN(C)Cc2ccccc2)C1c1cccc([N+](=O)[O-])c1,4.0,C26H29N3O6,479.53
CHEMBL245621,HALOPEMIDE,O=C(NCCN1CCC(n2c(=O)[nH]c3cc(Cl)ccc32)CC1)c1ccc(F)cc1,2.0,C21H22ClFN4O2,416.88
CHEMBL239800,FENOBAM ANHYDROUS,CN1CC(=O)N=C1NC(=O)Nc1cccc(Cl)c1,2.0,C11H11ClN4O2,266.69
CHEMBL248095,SINOMENINE,COC1=C[C@@H]2[C@@H]3Cc4ccc(OC)c(O)c4[C@]2(CCN3C)CC1=O,3.0,C19H23NO4,329.40
CHEMBL245807,OXYPHENISATINE,O=C1Nc2ccccc2C1(c1ccc(O)cc1)c1ccc(O)cc1,4.0,C20H15NO3,317.34
CHEMBL191,LOSARTAN,CCCCc1nc(Cl)c(CO)n1Cc1ccc(-c2ccccc2-c2nnn[nH]2)cc1,4.0,C22H23ClN6O,422.92
CHEMBL240624,PRELADENANT,COCCOc1ccc(N2CCN(CCn3ncc4c3nc(N)n3nc(-c5ccco5)nc43)CC2)cc1,3.0,C25H29N9O3,503.57
CHEMBL192,SILDENAFIL,CCCc1nn(C)c2c(=O)[nH]c(-c3cc(S(=O)(=O)N4CCN(C)CC4)ccc3OCC)nc12,4.0,C22H30N6O4S,474.59
CHEMBL1485,ARGININE,N=C(N)NCCC[C@H](N)C(=O)O,3.0,C6H14N4O2,174.20
CHEMBL247951,PEMAFIBRATE,CC[C@@H](Oc1cccc(CN(CCCOc2ccc(OC)cc2)c2nc3ccccc3o2)c1)C(=O)O,4.0,C28H30N2O6,490.56
CHEMBL397783,5-FLUORONICOTINIC ACID,O=C(O)c1cncc(F)c1,3.0,C6H4FNO2,141.10
CHEMBL397647,JNJ-17166864 CATION,C[N+](C)(Cc1ccc(NC(=O)c2ccc(Cl)c(Cl)c2)cc1)C1CCOCC1,2.0,C21H25Cl2N2O2+,408.35
CHEMBL246600,COMBRETASTATIN,COc1ccc(C[C@@H](O)c2cc(OC)c(OC)c(OC)c2)cc1O,1.0,C18H22O6,334.37
CHEMBL249420,DEXPRAMIPEXOLE,CCCN[C@@H]1CCc2nc(N)sc2C1,3.0,C10H17N3S,211.33
CHEMBL398435,TICAGRELOR,CCCSc1nc(N[C@@H]2C[C@H]2c2ccc(F)c(F)c2)c2nnn([C@@H]3C[C@H](OCCO)[C@@H](O)[C@H]3O)c2n1,4.0,C23H28F2N6O4S,522.58
CHEMBL248594,RAC-3-N-BUTYLPHTHALIDE,CCCCC1OC(=O)c2ccccc21,3.0,C12H14O2,190.24
CHEMBL1486,TENOFOVIR DISOPROXIL FUMARATE,CC(C)OC(=O)OCOP(=O)(CO[C@H](C)Cn1cnc2c(N)ncnc21)OCOC(=O)OC(C)C.O=C(O)/C=C/C(=O)O,4.0,C23H34N5O14P,635.52
CHEMBL1487,ATORVASTATIN,CC(C)c1c(C(=O)Nc2ccccc2)c(-c2ccccc2)c(-c2ccc(F)cc2)n1CC[C@@H](O)C[C@@H](O)CC(=O)O,4.0,C33H35FN2O5,558.65
CHEMBL250172,BUFOGENIN,C[C@]12CC[C@H](O)C[C@H]1CC[C@@H]1[C@@H]2CC[C@]2(C)[C@@H](c3ccc(=O)oc3)C[C@H]3O[C@]132,2.0,C24H32O4,384.52
CHEMBL249973,LINTITRIPT,O=C(O)Cn1c(C(=O)Nc2nc(-c3ccccc3Cl)cs2)cc2ccccc21,2.0,C20H14ClN3O3S,411.87
CHEMBL1488,URACIL MUSTARD,Oc1ncc(N(CCCl)CCCl)c(O)n1,4.0,C8H11Cl2N3O2,252.10
CHEMBL1489,AZACITIDINE,Nc1ncn([C@@H]2O[C@H](CO)[C@@H](O)[C@H]2O)c(=O)n1,4.0,C8H12N4O5,244.21
CHEMBL251940,PERICIAZINE,N#Cc1ccc2c(c1)N(CCCN1CCC(O)CC1)c1ccccc1S2,4.0,C21H23N3OS,365.50
CHEMBL1490,TRIHEXYPHENIDYL,OC(CCN1CCCCC1)(c1ccccc1)C1CCCCC1,4.0,C20H31NO,301.47
CHEMBL253371,ALVERINE,CCN(CCCc1ccccc1)CCCc1ccccc1,2.0,C20H27N,281.44
CHEMBL1491,AMLODIPINE,CCOC(=O)C1=C(COCCN)NC(C)=C(C(=O)OC)C1c1ccccc1Cl,4.0,C20H25ClN2O5,408.88
CHEMBL400599,BENFLUOREX,CC(Cc1cccc(C(F)(F)F)c1)NCCOC(=O)c1ccccc1,4.0,C19H20F3NO2,351.37
CHEMBL253376,BROMHEXINE,CN(Cc1cc(Br)cc(Br)c1N)C1CCCCC1,4.0,C14H20Br2N2,376.14
CHEMBL399510,BROMOPRIDE,CCN(CC)CCNC(=O)c1cc(Br)c(N)cc1OC,3.0,C14H22BrN3O2,344.25
CHEMBL253592,CAMYLOFIN,CCN(CC)CCNC(C(=O)OCCC(C)C)c1ccccc1,2.0,C19H32N2O2,320.48
CHEMBL415087,CLOPERASTINE,Clc1ccc(C(OCCN2CCCCC2)c2ccccc2)cc1,2.0,C20H24ClNO,329.87
CHEMBL255066,CLORICROMEN,CCOC(=O)COc1ccc2c(C)c(CCN(CC)CC)c(=O)oc2c1Cl,2.0,C20H26ClNO5,395.88
CHEMBL442444,DROFENINE,CCN(CC)CCOC(=O)C(c1ccccc1)C1CCCCC1,2.0,C20H31NO2,317.47
CHEMBL254857,FIPEXIDE,O=C(COc1ccc(Cl)cc1)N1CCN(Cc2ccc3c(c2)OCO3)CC1,4.0,C20H21ClN2O4,388.85
CHEMBL404215,PRIDINOL,OC(CCN1CCCCC1)(c1ccccc1)c1ccccc1,2.0,C20H25NO,295.43
CHEMBL404216,TOFISOPAM,CCC1C(C)=NN=C(c2ccc(OC)c(OC)c2)c2cc(OC)c(OC)cc21,2.0,C22H26N2O4,382.46
CHEMBL1492,DIPHENYLPYRALINE,CN1CCC(OC(c2ccccc2)c2ccccc2)CC1,4.0,C19H23NO,281.40
CHEMBL254832,FENDILINE,CC(NCCC(c1ccccc1)c1ccccc1)c1ccccc1,2.0,C23H25N,315.46
CHEMBL1493,FLAVOXATE,Cc1c(-c2ccccc2)oc2c(C(=O)OCCN3CCCCC3)cccc2c1=O,4.0,C24H25NO4,391.47
CHEMBL255044,FLUPIRTINE,CCOC(=O)Nc1ccc(NCc2ccc(F)cc2)nc1N,4.0,C15H17FN4O2,304.32
CHEMBL250270,LERCANIDIPINE,COC(=O)C1=C(C)NC(C)=C(C(=O)OC(C)(C)CN(C)CCC(c2ccccc2)c2ccccc2)C1c1cccc([N+](=O)[O-])c1,3.0,C36H41N3O6,611.74
CHEMBL1495,OXYPHENCYCLIMINE,CN1CCCN=C1COC(=O)C(O)(c1ccccc1)C1CCCCC1,4.0,C20H28N2O3,344.46
CHEMBL404849,SULOCTIDIL,CCCCCCCCNC(C)C(O)c1ccc(SC(C)C)cc1,4.0,C20H35NOS,337.57
CHEMBL399910,PINOCEMBRIN,O=C1C[C@@H](c2ccccc2)Oc2cc(O)cc(O)c21,2.0,C15H12O4,256.26
CHEMBL398338,ABT-102,CC(C)(C)c1ccc2c(c1)CC[C@H]2NC(=O)Nc1cccc2[nH]ncc12,1.0,C21H24N4O,348.45
CHEMBL252556,IDEBENONE,COC1=C(OC)C(=O)C(CCCCCCCCCCO)=C(C)C1=O,4.0,C19H30O5,338.44
CHEMBL1496,ROSUVASTATIN,CC(C)c1nc(N(C)S(C)(=O)=O)nc(-c2ccc(F)cc2)c1/C=C/[C@@H](O)C[C@@H](O)CC(=O)O,4.0,C22H28FN3O6S,481.55
CHEMBL252164,LUMINESPIB,CCNC(=O)c1noc(-c2cc(C(C)C)c(O)cc2O)c1-c1ccc(CN2CCOCC2)cc1,2.0,C26H31N3O5,465.55
CHEMBL252059,FILIPIN,CCCCC[C@@H](O)[C@H]1C(=O)O[C@H](C)[C@@H](O)/C=C/C=C/C=C/C=C/C=C(\C)[C@@H](O)C[C@H](O)C[C@H](O)C[C@H](O)C[C@H](O)C[C@H](O)C[C@@H]1O,2.0,C35H58O11,654.84
CHEMBL1497,BETAMETHASONE VALERATE,CCCCC(=O)O[C@]1(C(=O)CO)[C@@H](C)C[C@H]2[C@@H]3CCC4=CC(=O)C=C[C@]4(C)[C@@]3(F)[C@@H](O)C[C@@]21C,4.0,C27H37FO6,476.59
CHEMBL398440,CHLOROXYLENOL,Cc1cc(O)cc(C)c1Cl,2.0,C8H9ClO,156.61
CHEMBL253144,CORTODOXONE,C[C@]12CCC(=O)C=C1CC[C@@H]1[C@@H]2CC[C@@]2(C)[C@H]1CC[C@]2(O)C(=O)CO,2.0,C21H30O4,346.47
CHEMBL1499,CORTISONE,C[C@]12CCC(=O)C=C1CC[C@@H]1[C@@H]2C(=O)C[C@@]2(C)[C@H]1CC[C@]2(O)C(=O)CO,3.0,C21H28O5,360.45
CHEMBL254219,DIGITOXIN,C[C@H]1O[C@@H](O[C@H]2[C@@H](O)C[C@H](O[C@H]3[C@@H](O)C[C@H](O[C@H]4CC[C@@]5(C)[C@H](CC[C@@H]6[C@@H]5CC[C@]5(C)[C@@H](C7=CC(=O)OC7)CC[C@]65O)C4)O[C@@H]3C)O[C@@H]2C)C[C@H](O)[C@@H]1O,4.0,C41H64O13,764.95
CHEMBL1501,FLUOCINONIDE,CC(=O)OCC(=O)[C@@]12OC(C)(C)O[C@@H]1C[C@H]1[C@@H]3C[C@H](F)C4=CC(=O)C=C[C@]4(C)[C@@]3(F)[C@@H](O)C[C@@]12C,4.0,C26H32F2O7,494.53
CHEMBL252557,GLYCOLIC ACID,O=C(O)CO,2.0,C2H4O3,76.05
CHEMBL398707,HYDROMORPHONE,CN1CC[C@]23c4c5ccc(O)c4O[C@H]2C(=O)CC[C@H]3[C@H]1C5,4.0,C17H19NO3,285.34
CHEMBL193,NIFEDIPINE,COC(=O)C1=C(C)NC(C)=C(C(=O)OC)C1c1ccccc1[N+](=O)[O-],4.0,C17H18N2O6,346.34
CHEMBL1502,PANTOPRAZOLE,COc1ccnc(C[S+]([O-])c2nc3cc(OC(F)F)ccc3[nH]2)c1OC,4.0,C16H15F2N3O4S,383.38
CHEMBL1503,OMEPRAZOLE,COc1ccc2[nH]c([S+]([O-])Cc3ncc(C)c(OC)c3C)nc2c1,4.0,C17H19N3O3S,345.42
CHEMBL253363,PREGNENOLONE,CC(=O)[C@H]1CC[C@H]2[C@@H]3CC=C4C[C@@H](O)CC[C@]4(C)[C@H]3CC[C@]12C,1.0,C21H32O2,316.49
CHEMBL253582,SUCROSE,OC[C@H]1O[C@@](CO)(O[C@H]2O[C@H](CO)[C@@H](O)[C@H](O)[C@H]2O)[C@@H](O)[C@@H]1O,3.0,C12H22O11,342.30
CHEMBL1504,TRIAMCINOLONE ACETONIDE,CC1(C)O[C@@H]2C[C@H]3[C@@H]4CCC5=CC(=O)C=C[C@]5(C)[C@@]4(F)[C@@H](O)C[C@]3(C)[C@]2(C(=O)CO)O1,4.0,C24H31FO6,434.50
CHEMBL398891,"THIOUREA, N-(5-BROMO-2-PYRIDINYL)-N'-(2-(2-CHLORO-3-ETHOXY-6-FLUOROPHENYL)ETHYL)-",CCOc1ccc(F)c(CCNC(=S)Nc2ccc(Br)cn2)c1Cl,2.0,C16H16BrClFN3OS,432.75
CHEMBL250450,ISOQUERCETIN,O=c1c(O[C@@H]2O[C@H](CO)[C@@H](O)[C@H](O)[C@H]2O)c(-c2ccc(O)c(O)c2)oc2cc(O)cc(O)c12,2.0,C21H20O12,464.38
CHEMBL251680,COUMAPHOS,CCOP(=S)(OCC)Oc1ccc2c(C)c(Cl)c(=O)oc2c1,2.0,C14H16ClO5PS,362.77
CHEMBL402061,VALTRATE,CC(=O)OCC1=CO[C@@H](OC(=O)CC(C)C)[C@H]2C1=C[C@H](OC(=O)CC(C)C)[C@]21CO1,2.0,C22H30O8,422.47
CHEMBL1505,ALMOTRIPTAN,CN(C)CCc1c[nH]c2ccc(CS(=O)(=O)N3CCCC3)cc12,4.0,C17H25N3O2S,335.47
CHEMBL1508,ESCITALOPRAM,CN(C)CCC[C@@]1(c2ccc(F)cc2)OCc2cc(C#N)ccc21,4.0,C20H21FN2O,324.40
CHEMBL1509,DROSPIRENONE,C[C@]12CCC(=O)C=C1[C@@H]1C[C@@H]1[C@H]1[C@@H]3[C@@H]4C[C@@H]4[C@@]4(CCC(=O)O4)[C@@]3(C)CC[C@@H]12,4.0,C24H30O3,366.50
CHEMBL1510,ELETRIPTAN,CN1CCC[C@@H]1Cc1c[nH]c2ccc(CCS(=O)(=O)c3ccccc3)cc12,4.0,C22H26N2O2S,382.53
CHEMBL254193,ENDRALAZINE,N/N=c1/cc2c(n[nH]1)CCN(C(=O)c1ccccc1)C2,2.0,C14H15N5O,269.31
CHEMBL254194,EPROXINDINE,CCN(CC)CC(O)CNC(=O)c1c(OC)c2ccccc2n1-c1ccccc1,2.0,C23H29N3O3,395.50
CHEMBL1511,ESTRADIOL VALERATE,CCCCC(=O)O[C@H]1CC[C@H]2[C@@H]3CCc4cc(O)ccc4[C@H]3CC[C@]12C,4.0,C23H32O3,356.51
CHEMBL438145,LEVOFENFLURAMINE,CCN[C@H](C)Cc1cccc(C(F)(F)F)c1,2.0,C12H16F3N,231.26
CHEMBL1512,FLUNISOLIDE,CC1(C)O[C@@H]2C[C@H]3[C@@H]4C[C@H](F)C5=CC(=O)C=C[C@]5(C)[C@H]4[C@@H](O)C[C@]3(C)[C@]2(C(=O)CO)O1,4.0,C24H31FO6,434.50
CHEMBL251634,FLUOCORTOLONE,C[C@@H]1C[C@H]2[C@@H]3C[C@H](F)C4=CC(=O)C=C[C@]4(C)[C@H]3[C@@H](O)C[C@]2(C)[C@H]1C(=O)CO,4.0,C22H29FO4,376.47
CHEMBL1513,IRBESARTAN,CCCCC1=NC2(CCCC2)C(=O)N1Cc1ccc(-c2ccccc2-c2nnn[nH]2)cc1,4.0,C25H28N6O,428.54
CHEMBL1514,LEVOMETHADYL ACETATE,CC[C@H](OC(C)=O)C(C[C@H](C)N(C)C)(c1ccccc1)c1ccccc1,4.0,C23H31NO2,353.51
CHEMBL250892,(R)-MELPHALAN,N[C@H](Cc1ccc(N(CCCl)CCCl)cc1)C(=O)O,3.0,C13H18Cl2N2O2,305.21
CHEMBL249837,METHACYCLINE,C=C1c2cccc(O)c2C(=O)C2=C(O)[C@]3(O)C(=O)C(C(N)=O)=C(O)[C@@H](N(C)C)[C@@H]3[C@@H](O)[C@H]12,4.0,C22H22N2O8,442.42
CHEMBL1515,METHIMAZOLE,Cn1ccnc1S,4.0,C4H6N2S,114.17
CHEMBL398615,METOPIMAZINE,CS(=O)(=O)c1ccc2c(c1)N(CCCN1CCC(C(N)=O)CC1)c1ccccc1S2,2.0,C22H27N3O3S2,445.61
CHEMBL1516,OLMESARTAN,CCCc1nc(C(C)(C)O)c(C(=O)O)n1Cc1ccc(-c2ccccc2-c2nnn[nH]2)cc1,3.0,C24H26N6O3,446.51
CHEMBL1517,OXYTETRACYCLINE,CN(C)[C@@H]1C(O)=C(C(N)=O)C(=O)[C@@]2(O)C(O)=C3C(=O)c4c(O)cccc4[C@@](C)(O)[C@H]3[C@H](O)[C@@H]12,4.0,C22H24N2O9,460.44
CHEMBL1518,PROPYLTHIOURACIL,CCCc1cc(=O)[nH]c(=S)[nH]1,4.0,C7H10N2OS,170.24
CHEMBL600325,PROSCILLARIDIN,C[C@@H]1O[C@@H](O[C@@H]2C=C3CC[C@@H]4[C@H](CC[C@]5(C)[C@@H](c6ccc(=O)oc6)CC[C@]45O)[C@@]3(C)CC2)[C@H](O)[C@H](O)[C@H]1O,2.0,C30H42O8,530.66
CHEMBL252312,DEXSOTALOL,CC(C)NC[C@@H](O)c1ccc(NS(C)(=O)=O)cc1,2.0,C12H20N2O3S,272.37
CHEMBL253978,TELENZEPINE,Cc1scc2c1N(C(=O)CN1CCN(C)CC1)c1ccccc1NC2=O,2.0,C19H22N4O2S,370.48
CHEMBL1519,TRANDOLAPRIL,CCOC(=O)[C@H](CCc1ccccc1)N[C@@H](C)C(=O)N1[C@H](C(=O)O)C[C@H]2CCCC[C@@H]21,4.0,C24H34N2O5,430.55
CHEMBL1520,VARDENAFIL,CCCc1nc(C)c2c(=O)nc(-c3cc(S(=O)(=O)N4CCN(CC)CC4)ccc3OCC)[nH]n12,4.0,C23H32N6O4S,488.61
CHEMBL1521,ZALEPLON,CCN(C(C)=O)c1cccc(-c2ccnc3c(C#N)cnn23)c1,4.0,C17H15N5O,305.34
CHEMBL1522,ESZOPICLONE,CN1CCN(C(=O)O[C@H]2c3nccnc3C(=O)N2c2ccc(Cl)cn2)CC1,4.0,C17H17ClN6O3,388.82
CHEMBL248702,DEXFENFLURAMINE,CCN[C@@H](C)Cc1cccc(C(F)(F)F)c1,4.0,C12H16F3N,231.26
CHEMBL249446,PIRAZOLAC,O=C(O)Cc1nn(-c2ccc(F)cc2)cc1-c1ccc(Cl)cc1,2.0,C17H12ClFN2O2,330.75
CHEMBL249856,ENOXIMONE,CSc1ccc(C(=O)c2[nH]c(=O)[nH]c2C)cc1,4.0,C12H12N2O2S,248.31
CHEMBL253896,XANTHOHUMOL,COc1cc(O)c(CC=C(C)C)c(O)c1C(=O)/C=C/c1ccc(O)cc1,2.0,C21H22O5,354.40
CHEMBL1525,PERMETHRIN,CC1(C)C(C=C(Cl)Cl)C1C(=O)OCc1cccc(Oc2ccccc2)c1,4.0,C21H20Cl2O3,391.29
CHEMBL254328,ABIRATERONE,C[C@]12CC[C@H](O)CC1=CC[C@@H]1[C@@H]2CC[C@]2(C)C(c3cccnc3)=CC[C@@H]12,4.0,C24H31NO,349.52
CHEMBL403578,BESIGOMSIN,COc1cc2c(c(OC)c1OC)-c1c(cc3c(c1OC)OCO3)C[C@H](C)[C@@](C)(O)C2,2.0,C23H28O7,416.47
CHEMBL254316,RALTEGRAVIR,Cc1nnc(C(=O)NC(C)(C)c2nc(C(=O)NCc3ccc(F)cc3)c(O)c(=O)n2C)o1,4.0,C20H21FN6O5,444.42
CHEMBL429844,ORE-1001,CC(C)C[C@H](N[C@@H](Cc1cncn1Cc1cc(Cl)cc(Cl)c1)C(=O)O)C(=O)O,1.0,C19H23Cl2N3O4,428.32
CHEMBL254468,FLUCICLOVINE F18,N[C@]1(C(=O)O)C[C@@H]([18F])C1,4.0,C5H8FNO2,132.12
CHEMBL253969,OSI-632,NC(=O)c1c(OCc2c(F)cc(Br)cc2F)nsc1NC(=O)NCCCCN1CCCC1,2.0,C20H24BrF2N5O3S,532.41
CHEMBL404108,LUMIRACOXIB,Cc1ccc(Nc2c(F)cccc2Cl)c(CC(=O)O)c1,4.0,C15H13ClFNO2,293.73
CHEMBL255231,LADOSTIGIL,C#CCN[C@@H]1CCc2ccc(OC(=O)N(C)CC)cc21,2.0,C16H20N2O2,272.35
CHEMBL256705,OCHROMYCINONE,C[C@@H]1CC(=O)c2c(ccc3c2C(=O)c2cccc(O)c2C3=O)C1,1.0,C19H14O4,306.32
CHEMBL256147,TILARGININE,CNC(=N)NCCC[C@H](N)C(=O)O,3.0,C7H16N4O2,188.23
CHEMBL401796,TAPRIZOSIN,COc1cc2nc(N3CCc4c(cccc4NS(C)(=O)=O)C3)nc(N)c2c(-c2ccccn2)c1OC,2.0,C25H26N6O4S,506.59
CHEMBL256087,MENTHOL,CC1CCC(C(C)C)C(O)C1,4.0,C10H20O,156.27
CHEMBL1528,SODIUM FLUORIDE,[F-].[Na+],4.0,FNa,41.99
CHEMBL1529,DIPHENIDOL HYDROCHLORIDE,Cl.OC(CCCN1CCCCC1)(c1ccccc1)c1ccccc1,4.0,C21H28ClNO,345.91
CHEMBL256997,ATALUREN,O=C(O)c1cccc(-c2noc(-c3ccccc3F)n2)c1,4.0,C15H9FN2O3,284.25
CHEMBL258405,ICILLIN,O=C1NC(c2cccc([N+](=O)[O-])c2)=CCN1c1ccccc1O,3.0,C16H13N3O4,311.30
CHEMBL256105,MONENSIN,CC[C@@]1([C@@H]2O[C@@H]([C@H]3O[C@@](O)(CO)[C@H](C)C[C@@H]3C)C[C@@H]2C)CC[C@H]([C@]2(C)CC[C@]3(C[C@H](O)[C@@H](C)[C@@H]([C@@H](C)[C@@H](OC)[C@H](C)C(=O)O)O3)O2)O1,4.0,C36H62O11,670.88
CHEMBL255863,NILOTINIB,Cc1cn(-c2cc(NC(=O)c3ccc(C)c(Nc4nccc(-c5cccnc5)n4)c3)cc(C(F)(F)F)c2)cn1,4.0,C28H22F3N7O,529.53
CHEMBL256563,MONEPANTEL,C[C@](C#N)(COc1cc(C#N)ccc1C(F)(F)F)NC(=O)c1ccc(SC(F)(F)F)cc1,1.0,C20H13F6N3O2S,473.40
CHEMBL257978,DABUZALGRON,Cc1c(OCC2=NCCN2)ccc(Cl)c1NS(C)(=O)=O,2.0,C12H16ClN3O3S,317.80
CHEMBL429317,AVL-3288,Cc1cc(/C(=C/Nc2ccc(Cl)cc2)C(=O)Nc2ccc(Cl)cc2)on1,1.0,C19H15Cl2N3O2,388.25
CHEMBL259209,MILNACIPRAN,CCN(CC)C(=O)C1(c2ccccc2)CC1CN,4.0,C15H22N2O,246.35
CHEMBL406050,PX-12,CCC(C)SSc1ncc[nH]1,2.0,C7H12N2S2,188.32
CHEMBL259571,TAPINAROF,CC(C)c1c(O)cc(/C=C/c2ccccc2)cc1O,4.0,C17H18O2,254.33
CHEMBL259084,MLN-8054,O=C(O)c1ccc(Nc2ncc3c(n2)-c2ccc(Cl)cc2C(c2c(F)cccc2F)=NC3)cc1,1.0,C25H15ClF2N4O2,476.87
CHEMBL1531,ETONOGESTREL,C#C[C@]1(O)CC[C@H]2[C@@H]3CCC4=CC(=O)CC[C@@H]4[C@H]3C(=C)C[C@@]21CC,4.0,C22H28O2,324.46
CHEMBL1532,QUINETHAZONE,CCC1NC(=O)c2cc(S(N)(=O)=O)c(Cl)cc2N1,4.0,C10H12ClN3O3S,289.74
CHEMBL259548,BOLASTERONE,C[C@@H]1CC2=CC(=O)CC[C@]2(C)[C@H]2CC[C@@]3(C)[C@@H](CC[C@]3(C)O)[C@H]12,2.0,C21H32O2,316.49
CHEMBL261514,MESTANOLONE,C[C@]12CCC(=O)C[C@@H]1CC[C@@H]1[C@@H]2CC[C@@]2(C)[C@H]1CC[C@]2(C)O,2.0,C20H32O2,304.47
CHEMBL262344,BAKUCHIOL,C=C[C@@](C)(/C=C/c1ccc(O)cc1)CCC=C(C)C,1.0,C18H24O,256.39
CHEMBL408194,OBATOCLAX,COC1=CC(c2cc3ccccc3[nH]2)=N/C1=C\c1[nH]c(C)cc1C,3.0,C20H19N3O,317.39
CHEMBL1533,DESOGESTREL,C#C[C@]1(O)CC[C@H]2[C@@H]3CCC4=CCCC[C@@H]4[C@H]3C(=C)C[C@@]21CC,4.0,C22H30O,310.48
CHEMBL1534,RIBOFLAVIN,Cc1cc2nc3c(=O)[nH]c(=O)nc-3n(C[C@H](O)[C@H](O)[C@H](O)CO)c2cc1C,4.0,C17H20N4O6,376.37
CHEMBL258918,MESTEROLONE,C[C@H]1CC(=O)C[C@@H]2CC[C@H]3[C@@H]4CC[C@H](O)[C@@]4(C)CC[C@@H]3[C@]21C,4.0,C20H32O2,304.47
CHEMBL412142,LADUVIGLUSIB,Cc1cnc(-c2cnc(NCCNc3ccc(C#N)cn3)nc2-c2ccc(Cl)cc2Cl)[nH]1,1.0,C22H18Cl2N8,465.35
CHEMBL259972,MOFEZOLAC,COc1ccc(-c2noc(CC(=O)O)c2-c2ccc(OC)cc2)cc1,4.0,C19H17NO5,339.35
CHEMBL260046,EVOFOSFAMIDE,Cn1c(COP(=O)(NCCBr)NCCBr)cnc1[N+](=O)[O-],3.0,C9H16Br2N5O4P,449.04
CHEMBL1535,HYDROXYCHLOROQUINE,CCN(CCO)CCCC(C)Nc1ccnc2cc(Cl)ccc12,4.0,C18H26ClN3O,335.88
CHEMBL260402,"IODOMETOMIDATE I-123, R-",COC(=O)c1cncn1[C@H](C)c1ccc(I)cc1,1.0,C13H13IN2O2,356.16
CHEMBL260933,GS 6201,CCCn1c(=O)c2[nH]c(-c3cnn(Cc4cccc(C(F)(F)F)c4)c3)nc2n(CC)c1=O,1.0,C21H21F3N6O2,446.43
CHEMBL405845,FURAFYLLINE,Cc1nc2c([nH]1)c(=O)n(C)c(=O)n2Cc1ccco1,2.0,C12H12N4O3,260.25
CHEMBL1536,ERGOCALCIFEROL,C=C1CC[C@H](O)C/C1=C/C=C1\CCC[C@]2(C)[C@@H]([C@H](C)/C=C/[C@H](C)C(C)C)CC[C@@H]12,4.0,C28H44O,396.66
CHEMBL261772,MECLOCYCLINE SULFOSALICYLATE,C=C1c2c(Cl)ccc(O)c2C(=O)C2=C(O)[C@]3(O)C(=O)C(C(N)=O)=C(O)[C@@H](N(C)C)[C@@H]3[C@@H](O)[C@H]12.O=C(O)c1cc(S(=O)(=O)O)ccc1O,4.0,C29H27ClN2O14S,695.06
CHEMBL412262,IBIPINABANT,CN/C(=N\S(=O)(=O)c1ccc(Cl)cc1)N1C[C@H](c2ccccc2)C(c2ccc(Cl)cc2)=N1,2.0,C23H20Cl2N4O2S,487.41
CHEMBL406381,KRN-633,CCCNC(=O)Nc1ccc(Oc2ncnc3cc(OC)c(OC)cc23)cc1Cl,1.0,C20H21ClN4O4,416.87
CHEMBL262101,CIAFTALAN,c1ccc2c(c1)-c1nc-2nc2[nH]c(nc3nc(nc4[nH]c(n1)c1ccccc41)-c1ccccc1-3)c1ccccc21,1.0,C32H18N8,514.55
CHEMBL258805,SU-9516,COc1ccc2c(c1)/C(=C/c1cnc[nH]1)C(=O)N2,1.0,C13H11N3O2,241.25
CHEMBL405355,NIGULDIPINE,COC(=O)C1=C(C)NC(C)=C(C(=O)OCCCN2CCC(c3ccccc3)(c3ccccc3)CC2)[C@H]1c1cccc([N+](=O)[O-])c1,2.0,C36H39N3O6,609.72
CHEMBL261627,AZACONAZOLE,Clc1ccc(C2(Cn3cncn3)OCCO2)c(Cl)c1,2.0,C12H11Cl2N3O2,300.15
CHEMBL406117,GUSPERIMUS,N=C(N)NCCCCCCC(=O)NC(O)C(=O)NCCCCNCCCN,3.0,C17H37N7O3,387.53
CHEMBL258940,FALNIDAMOL,CN1CCC(Nc2ncc3ncnc(Nc4ccc(F)c(Cl)c4)c3n2)CC1,2.0,C18H19ClFN7,387.85
CHEMBL1537,AZLOCILLIN,CC1(C)S[C@@H]2[C@H](NC(=O)[C@H](NC(=O)N3CCNC3=O)c3ccccc3)C(=O)N2[C@H]1C(=O)O,4.0,C20H23N5O6S,461.50
CHEMBL1538,TENOFOVIR DISOPROXIL,CC(C)OC(=O)OCOP(=O)(CO[C@H](C)Cn1cnc2c(N)ncnc21)OCOC(=O)OC(C)C,4.0,C19H30N5O10P,519.45
CHEMBL1539,SULFADOXINE,COc1ncnc(NS(=O)(=O)c2ccc(N)cc2)c1OC,4.0,C12H14N4O4S,310.34
CHEMBL1540,PENCICLOVIR,Nc1nc(O)c2ncn(CCC(CO)CO)c2n1,4.0,C10H15N5O3,253.26
CHEMBL1541,CEFIXIME,C=CC1=C(C(=O)O)N2C(=O)[C@@H](NC(=O)/C(=N\OCC(=O)O)c3csc(N)n3)[C@H]2SC1,4.0,C16H15N5O7S2,453.46
CHEMBL407535,NIFURIMIDE,CC1CN(/N=C/c2ccc([N+](=O)[O-])o2)C(=O)N1,2.0,C9H10N4O4,238.20
CHEMBL265442,NIFURADENE,O=C1NCCN1/N=C/c1ccc([N+](=O)[O-])o1,2.0,C8H8N4O4,224.18
CHEMBL260829,NEFIRACETAM,Cc1cccc(C)c1NC(=O)CN1CCCC1=O,2.0,C14H18N2O2,246.31
CHEMBL258734,DANOPREVIR,CC(C)(C)OC(=O)N[C@H]1CCCCC/C=C\[C@@H]2C[C@@]2(C(=O)NS(=O)(=O)C2CC2)NC(=O)[C@@H]2C[C@@H](OC(=O)N3Cc4cccc(F)c4C3)CN2C1=O,3.0,C35H46FN5O9S,731.84
CHEMBL1542,AZATHIOPRINE,Cn1cnc([N+](=O)[O-])c1Sc1ncnc2[nH]cnc12,4.0,C9H7N7O2S,277.27
CHEMBL260538,ULIPRISTAL ACETATE,CC(=O)O[C@]1(C(C)=O)CC[C@H]2[C@@H]3CCC4=CC(=O)CCC4=C3[C@@H](c3ccc(N(C)C)cc3)C[C@@]21C,4.0,C30H37NO4,475.63
CHEMBL267431,ASOPRISNIL,COC[C@]1(OC)CC[C@H]2[C@@H]3CCC4=CC(=O)CCC4=C3[C@@H](c3ccc(/C=N/O)cc3)C[C@@]21C,3.0,C28H35NO4,449.59
CHEMBL405130,WHI-P131,COc1cc2ncnc(Nc3ccc(O)cc3)c2cc1OC,1.0,C16H15N3O3,297.31
CHEMBL259223,MENATETRENONE,CC(C)=CCC/C(C)=C/CC/C(C)=C/CC/C(C)=C/CC1=C(C)C(=O)c2ccccc2C1=O,3.0,C31H40O2,444.66
CHEMBL405110,METHYLENE BLUE ANHYDROUS,CN(C)c1ccc2nc3ccc(N(C)C)cc3[s+]c2c1.[Cl-],4.0,C16H18ClN3S,319.86
CHEMBL1543,GLUTATHIONE,N[C@@H](CCC(=O)N[C@@H](CS)C(=O)NCC(=O)O)C(=O)O,3.0,C10H17N3O6S,307.33
CHEMBL1544,LIOTHYRONINE,N[C@@H](Cc1cc(I)c(Oc2ccc(O)c(I)c2)c(I)c1)C(=O)O,4.0,C15H12I3NO4,650.98
CHEMBL263886,MODITHROMYCIN,CC[C@H]1OC(=O)[C@H](C)C(=O)[C@H](C)[C@@H](O[C@@H]2O[C@H](C)C[C@H](N(C)C)[C@H]2O)[C@@]2(C)C[C@@H](C)/C(=N\C(C)=O)[C@H](C)[C@@H](OC/C(=N\OCc3ccc(-n4cccn4)nc3)CO2)[C@]1(C)O,2.0,C43H64N6O11,841.02
CHEMBL265948,FILOCICLOVIR,Nc1nc2c(ncn2/C=C2/CC2(CO)CO)c(=O)[nH]1,2.0,C11H13N5O3,263.26
CHEMBL262075,INDIPLON,CC(=O)N(C)c1cccc(-c2ccnc3c(C(=O)c4cccs4)cnn23)c1,3.0,C20H16N4O2S,376.44
CHEMBL261244,REGRELOR DISODIUM,CCNC(=O)Nc1ncnc2c1ncn2[C@@H]1O[C@H](COP(=O)([O-])[O-])[C@H]2O[C@H](/C=C/c3ccccc3)O[C@H]21.[Na+].[Na+],2.0,C22H23N6Na2O8P,576.41
CHEMBL409153,ISAVUCONAZOLE,C[C@@H](c1nc(-c2ccc(C#N)cc2)cs1)[C@](O)(Cn1cncn1)c1cc(F)ccc1F,3.0,C22H17F2N5OS,437.48
CHEMBL272080,ISEPAMICIN,CN[C@@H]1[C@@H](O)[C@@H](O[C@@H]2[C@@H](O)[C@H](O[C@H]3O[C@H](CN)[C@@H](O)[C@H](O)[C@H]3O)[C@@H](N)C[C@H]2NC(=O)[C@@H](O)CN)OC[C@]1(C)O,2.0,C22H43N5O12,569.61
CHEMBL271475,FIALURIDINE,O=c1[nH]c(=O)n([C@@H]2O[C@H](CO)[C@@H](O)[C@@H]2F)cc1I,2.0,C9H10FIN2O5,372.09
CHEMBL272557,FIACITABINE,Nc1nc(=O)n([C@@H]2O[C@H](CO)[C@@H](O)[C@@H]2F)cc1I,2.0,C9H11FIN3O4,371.11
CHEMBL257704,EPLIVANSERIN,CN(C)CCO/N=C(/C=C/c1ccc(O)cc1)c1ccccc1F,3.0,C19H21FN2O2,328.39
CHEMBL272980,MOCETINOSTAT,Nc1ccccc1NC(=O)c1ccc(CNc2nccc(-c3cccnc3)n2)cc1,2.0,C23H20N6O,396.45
CHEMBL408513,BELINOSTAT,O=C(/C=C/c1cccc(S(=O)(=O)Nc2ccccc2)c1)NO,4.0,C15H14N2O4S,318.35
CHEMBL270190,ALVIMOPAN,C[C@H]1CN(C[C@H](Cc2ccccc2)C(=O)NCC(=O)O)CC[C@@]1(C)c1cccc(O)c1,4.0,C25H32N2O4,424.54
CHEMBL271068,ROSABULIN,Cc1cc(NC(=O)C(=O)c2cc(Cc3ccc(C#N)cc3)n3ccccc23)sn1,2.0,C22H16N4O2S,400.46
CHEMBL1546,HYDROXYAMPHETAMINE,CC(N)Cc1ccc(O)cc1,4.0,C9H13NO,151.21
CHEMBL572878,TOZASERTIB,Cc1cc(Nc2cc(N3CCN(C)CC3)nc(Sc3ccc(NC(=O)C4CC4)cc3)n2)n[nH]1,2.0,C23H28N8OS,464.60
CHEMBL402548,DANUSERTIB,CO[C@@H](C(=O)N1Cc2[nH]nc(NC(=O)c3ccc(N4CCN(C)CC4)cc3)c2C1)c1ccccc1,2.0,C26H30N6O3,474.57
CHEMBL429847,MILFASARTAN,CCCCc1nc(C)n(Cc2sccc2C(=O)OC)c(=O)c1Cc1ccc(-c2ccccc2-c2nnn[nH]2)cc1,2.0,C30H30N6O3S,554.68
CHEMBL404431,OZ277,CC(C)(N)CNC(=O)C[C@H]1CC[C@]2(CC1)OO[C@]1(O2)C2CC3CC(C2)CC1C3,3.0,C22H36N2O4,392.54
CHEMBL271220,CORT 108297,CCOC[C@]12Cc3cnn(-c4ccc(F)cc4)c3C=C1CCN(S(=O)(=O)c1ccc(C(F)(F)F)cc1)C2,1.0,C26H25F4N3O3S,535.56
CHEMBL271896,BUTAPROST,CCCC1([C@H](O)C/C=C/[C@H]2[C@H](O)CC(=O)[C@@H]2CCCCCCC(=O)OC)CCC1,2.0,C24H40O5,408.58
CHEMBL1547,THIAMINE ION,Cc1ncc(C[n+]2csc(CCO)c2C)c(N)n1,4.0,C12H17N4OS+,265.36
CHEMBL256907,MARAVIROC,Cc1nnc(C(C)C)n1[C@H]1C[C@H]2CC[C@@H](C1)N2CC[C@H](NC(=O)C1CCC(F)(F)CC1)c1ccccc1,4.0,C29H41F2N5O,513.68
CHEMBL271227,ABIRATERONE ACETATE,CC(=O)O[C@H]1CC[C@@]2(C)C(=CC[C@@H]3[C@@H]2CC[C@]2(C)C(c4cccnc4)=CC[C@@H]32)C1,4.0,C26H33NO2,391.56
CHEMBL429736,RETOSIBAN,CC[C@H](C)[C@@H]1C(=O)N[C@H](C2Cc3ccccc3C2)C(=O)N1[C@@H](C(=O)N1CCOCC1)c1coc(C)n1,3.0,C27H34N4O5,494.59
CHEMBL404520,CHLORTETRACYCLINE,CN(C)[C@@H]1C(O)=C(C(N)=O)C(=O)[C@@]2(O)C(O)=C3C(=O)c4c(O)ccc(Cl)c4[C@@](C)(O)[C@H]3C[C@@H]12,4.0,C22H23ClN2O8,478.89
CHEMBL272342,EFIPLADIB,O=C(O)c1ccc(CCCc2c(CCNS(=O)(=O)Cc3ccc(Cl)c(Cl)c3)n(C(c3ccccc3)c3ccccc3)c3ccc(Cl)cc23)cc1,2.0,C40H35Cl3N2O4S,746.16
CHEMBL267495,NALFURAFINE,CN(C(=O)/C=C/c1ccoc1)[C@@H]1CC[C@@]2(O)[C@H]3Cc4ccc(O)c5c4[C@@]2(CCN3CC2CC2)[C@H]1O5,4.0,C28H32N2O5,476.57
CHEMBL415284,NALORPHINE,C=CCN1CC[C@]23c4c5ccc(O)c4O[C@H]2[C@@H](O)C=C[C@H]3[C@H]1C5,2.0,C19H21NO3,311.38
CHEMBL257661,METAZOCINE,C[C@H]1[C@@H]2Cc3ccc(O)cc3[C@]1(C)CCN2C,2.0,C15H21NO,231.34
CHEMBL257662,ZD-6126,COc1cc2c(c(OC)c1OC)-c1ccc(OP(=O)(O)O)cc1[C@@H](NC(C)=O)CC2,2.0,C20H24NO8P,437.39
CHEMBL1549,HYDROCORTISONE CYPIONATE,C[C@]12CCC(=O)C=C1CC[C@@H]1[C@@H]2[C@@H](O)C[C@@]2(C)[C@H]1CC[C@]2(O)C(=O)COC(=O)CCC1CCCC1,4.0,C29H42O6,486.65
CHEMBL270271,ETACONAZOLE,CCC1COC(Cn2cncn2)(c2ccc(Cl)cc2Cl)O1,1.0,C14H15Cl2N3O2,328.20
CHEMBL407874,6-O-BENZYLGUANINE,Nc1nc(OCc2ccccc2)c2nc[nH]c2n1,3.0,C12H11N5O,241.25
CHEMBL270995,BRIVANIB ALANINATE,Cc1cc2c(F)c(Oc3ncnn4cc(OC[C@@H](C)OC(=O)[C@H](C)N)c(C)c34)ccc2[nH]1,3.0,C22H24FN5O4,441.46
CHEMBL411907,SONOLISIB,C=CCN(/C=C1/C(=O)O[C@H](COC)[C@@]2(C)C1=C(O)C(=O)C1=C2[C@H](OC(C)=O)C[C@]2(C)C(=O)CC[C@@H]12)CC=C,2.0,C29H35NO8,525.60
CHEMBL270515,DELANZOMIB,CC(C)C[C@H](NC(=O)[C@@H](NC(=O)c1cccc(-c2ccccc2)n1)[C@@H](C)O)B(O)O,2.0,C21H28BN3O5,413.28
CHEMBL1550,PHYTONADIONE,CC1=C(C/C=C(\C)CCC[C@H](C)CCC[C@H](C)CCCC(C)C)C(=O)c2ccccc2C1=O,4.0,C31H46O2,450.71
CHEMBL429910,DAPAGLIFLOZIN,CCOc1ccc(Cc2cc([C@@H]3O[C@H](CO)[C@@H](O)[C@H](O)[C@H]3O)ccc2Cl)cc1,4.0,C21H25ClO6,408.88
CHEMBL272621,HYODEOXYCHOLIC_ACID,C[C@H](CCC(=O)O)[C@H]1CC[C@H]2[C@@H]3C[C@H](O)[C@@H]4C[C@H](O)CC[C@]4(C)[C@H]3CC[C@]12C,1.0,C24H40O4,392.58
CHEMBL1551,URSODIOL,C[C@H](CCC(=O)O)[C@H]1CC[C@H]2[C@@H]3[C@@H](O)C[C@@H]4C[C@H](O)CC[C@]4(C)[C@H]3CC[C@]12C,4.0,C24H40O4,392.58
CHEMBL406393,DEOXYCHOLIC ACID,C[C@H](CCC(=O)O)[C@H]1CC[C@H]2[C@@H]3CC[C@@H]4C[C@H](O)CC[C@]4(C)[C@H]3C[C@H](O)[C@]12C,4.0,C24H40O4,392.58
CHEMBL403989,TG100-801,Cc1cc(-c2cc(OC(=O)c3ccccc3)ccc2Cl)cc2nnc(Nc3ccc(OCCN4CCCC4)cc3)nc12,2.0,C33H30ClN5O3,580.09
CHEMBL405821,SENICAPOC,NC(=O)C(c1ccccc1)(c1ccc(F)cc1)c1ccc(F)cc1,3.0,C20H15F2NO,323.34
CHEMBL269864,ULODESINE,O=c1[nH]cnc2c(CN3C[C@H](CO)[C@@H](O)C3)c[nH]c12,2.0,C12H16N4O3,264.29
CHEMBL411070,GLYCOCHOLIC ACID,C[C@H](CCC(=O)NCC(=O)O)[C@H]1CC[C@H]2[C@@H]3[C@H](O)C[C@@H]4C[C@H](O)CC[C@]4(C)[C@H]3C[C@H](O)[C@]12C,3.0,C26H43NO6,465.63
CHEMBL272427,TAURURSODIOL,C[C@H](CCC(=O)NCCS(=O)(=O)O)[C@H]1CC[C@H]2[C@@H]3[C@@H](O)C[C@@H]4C[C@H](O)CC[C@]4(C)[C@H]3CC[C@]12C,4.0,C26H45NO6S,499.71
CHEMBL412272,TAURODEOXYCHOLIC ACID,C[C@H](CCC(=O)NCCS(=O)(=O)O)[C@H]1CC[C@H]2[C@@H]3CC[C@@H]4C[C@H](O)CC[C@]4(C)[C@H]3C[C@H](O)[C@]12C,2.0,C26H45NO6S,499.71
CHEMBL408701,TAUROLITHOCHOLIC ACID,C[C@H](CCC(=O)NCCS(=O)(=O)O)[C@H]1CC[C@H]2[C@@H]3CC[C@@H]4C[C@H](O)CC[C@]4(C)[C@H]3CC[C@]12C,3.0,C26H45NO5S,483.72
CHEMBL487182,TETRAHYDROPALMATINE,COc1cc2c(cc1OC)[C@@H]1Cc3ccc(OC)c(OC)c3CN1CC2,2.0,C21H25NO4,355.43
CHEMBL486174,PECILOCIN,CCCC[C@@H](O)/C=C(C)/C=C/C=C/C(=O)N1CCCC1=O,2.0,C17H25NO3,291.39
CHEMBL485980,BUCLADESINE,CCCC(=O)Nc1ncnc2c1ncn2[C@@H]1O[C@@H]2COP(=O)(O)O[C@H]2[C@H]1OC(=O)CCC,2.0,C18H24N5O8P,469.39
CHEMBL448864,LEVCYCLOSERINE,N[C@H]1CONC1=O,2.0,C3H6N2O2,102.09
CHEMBL449317,HESPERIDIN,COc1ccc([C@@H]2CC(=O)c3c(O)cc(O[C@@H]4O[C@H](CO[C@@H]5O[C@@H](C)[C@H](O)[C@@H](O)[C@H]5O)[C@@H](O)[C@H](O)[C@H]4O)cc3O2)cc1O,3.0,C28H34O15,610.57
CHEMBL1555,GALANTAMINE HYDROBROMIDE,Br.COc1ccc2c3c1O[C@H]1C[C@@H](O)C=C[C@@]31CCN(C)C2,4.0,C17H22BrNO3,368.27
CHEMBL506678,SITOGLUSIDE,CC[C@H](CC[C@@H](C)[C@H]1CC[C@H]2[C@@H]3CC=C4C[C@@H](O[C@@H]5O[C@H](CO)[C@@H](O)[C@H](O)[C@H]5O)CC[C@]4(C)[C@H]3CC[C@]12C)C(C)C,2.0,C35H60O6,576.86
CHEMBL505348,L-ARABINOSE,O[C@@H]1[C@@H](O)[C@@H](O)CO[C@H]1O,1.0,C5H10O5,150.13
CHEMBL196,ASCORBIC ACID,O=C1O[C@H]([C@@H](O)CO)C(O)=C1O,4.0,C6H8O6,176.12
CHEMBL486386,PUERARIN,O=c1c(-c2ccc(O)cc2)coc2c([C@@H]3O[C@H](CO)[C@@H](O)[C@H](O)[C@H]3O)c(O)ccc12,2.0,C21H20O9,416.38
CHEMBL1556,INOSINE,O=c1[nH]cnc2c1ncn2[C@@H]1O[C@H](CO)[C@@H](O)[C@H]1O,3.0,C10H12N4O5,268.23
CHEMBL1557,DOPAMINE HYDROCHLORIDE,Cl.NCCc1ccc(O)c(O)c1,4.0,C8H12ClNO2,189.64
CHEMBL1558,PRAZOSIN HYDROCHLORIDE,COc1cc2nc(N3CCN(C(=O)c4ccco4)CC3)nc(N)c2cc1OC.Cl,4.0,C19H22ClN5O4,419.87
CHEMBL459016,GENIPIN,COC(=O)C1=CO[C@@H](O)[C@@H]2C(CO)=CC[C@H]12,3.0,C11H14O5,226.23
CHEMBL1559,MICONAZOLE NITRATE,Clc1ccc(COC(Cn2ccnc2)c2ccc(Cl)cc2Cl)c(Cl)c1.O=[N+]([O-])O,4.0,C18H15Cl4N3O4,479.15
CHEMBL1560,CAPTOPRIL,C[C@H](CS)C(=O)N1CCC[C@H]1C(=O)O,4.0,C9H15NO3S,217.29
CHEMBL486208,DEXBORNEOL,CC1(C)[C@@H]2CC[C@@]1(C)[C@@H](O)C2,3.0,C10H18O,154.25
CHEMBL445740,BETA-CARYOPHYLLENE,C=C1CC/C=C(\C)CC[C@@H]2[C@@H]1CC2(C)C,1.0,C15H24,204.36
CHEMBL449062,D-LIMONENE,C=C(C)[C@H]1CC=C(C)CC1,2.0,C10H16,136.24
CHEMBL442565,ALPHA-PINENE,CC1=CCC2CC1C2(C)C,1.0,C10H16,136.24
CHEMBL517712,ATROPINE,CN1[C@@H]2CC[C@H]1C[C@@H](OC(=O)C(CO)c1ccccc1)C2,4.0,C17H23NO3,289.38
CHEMBL459815,GEROQUINOL,CC(C)=CCC/C(C)=C/Cc1cc(O)ccc1O,2.0,C16H22O2,246.35
CHEMBL470888,BVT.115959,COc1nc(N)c2ncn([C@@H]3O[C@H](CO)[C@@H](O)[C@H]3O)c2n1,2.0,C11H15N5O5,297.27
CHEMBL455491,MYRCENE,C=CC(=C)CCC=C(C)C,1.0,C10H16,136.24
CHEMBL470670,LEVOMENTHOL,CC(C)[C@@H]1CC[C@@H](C)C[C@H]1O,3.0,C10H20O,156.27
CHEMBL1561,MIGLITOL,OCCN1C[C@H](O)[C@@H](O)[C@H](O)[C@H]1CO,4.0,C8H17NO5,207.23
CHEMBL502109,BENZALKONIUM CHLORIDE,CCCCCCCCCCCCC[N+](C)(C)Cc1ccccc1.[Cl-],2.0,C22H40ClN,354.02
CHEMBL486819,CHLORHEXIDINE DIACETATE,CC(=O)O.CC(=O)O.NC(=N\CCCCCC/N=C(N)/N=C(\N)Nc1ccc(Cl)cc1)/N=C(\N)Nc1ccc(Cl)cc1,3.0,C26H38Cl2N10O4,625.56
CHEMBL486193,GILRETINOL ACETATE,CC(=O)OC/C=C(C)/C=C/C=C(C)/C=C/C1=C(C)CCCC1(C)C,1.0,C22H32O2,328.50
CHEMBL519260,MOTRETINIDE,CCNC(=O)/C=C(C)/C=C/C=C(C)/C=C/c1c(C)cc(OC)c(C)c1C,2.0,C23H31NO2,353.51
CHEMBL1563,DAUNORUBICIN HYDROCHLORIDE,COc1cccc2c1C(=O)c1c(O)c3c(c(O)c1C2=O)C[C@@](O)(C(C)=O)C[C@@H]3O[C@H]1C[C@H](N)[C@H](O)[C@H](C)O1.Cl,4.0,C27H30ClNO10,563.99
CHEMBL460026,ICOSAPENT,CC/C=C\C/C=C\C/C=C\C/C=C\C/C=C\CCCC(=O)O,3.0,C20H30O2,302.46
CHEMBL511142,BUPRENORPHINE,CO[C@@]12CC[C@@]3(C[C@@H]1[C@](C)(O)C(C)(C)C)[C@H]1Cc4ccc(O)c5c4[C@@]3(CCN1CC1CC1)[C@H]2O5,4.0,C29H41NO4,467.65
CHEMBL471897,MB07811,Cc1cc(OCP2(=O)OCC[C@@H](c3cccc(Cl)c3)O2)cc(C)c1Cc1ccc(O)c(C(C)C)c1,2.0,C28H32ClO5P,514.99
CHEMBL469448,D-MANNOSE,OC[C@H]1OC(O)[C@@H](O)[C@@H](O)[C@@H]1O,2.0,C6H12O6,180.16
CHEMBL447878,N-ACETYLGLUCOSAMINE,CC(=O)N[C@@H]1[C@@H](O)[C@H](O)[C@@H](CO)O[C@H]1O,2.0,C8H15NO6,221.21
CHEMBL486226,BMS-707035,Cn1c(N2CCCCS2(=O)=O)nc(C(=O)NCc2ccc(F)cc2)c(O)c1=O,2.0,C17H19FN4O5S,410.43
CHEMBL197,DEXVERAPAMIL,COc1ccc(CCN(C)CCC[C@](C#N)(c2ccc(OC)c(OC)c2)C(C)C)cc1OC,2.0,C27H38N2O4,454.61
CHEMBL1564,DIPHENYLPYRALINE HYDROCHLORIDE,CN1CCC(OC(c2ccccc2)c2ccccc2)CC1.Cl,4.0,C19H24ClNO,317.86
CHEMBL512306,DPA-714,CCN(CC)C(=O)Cc1c(-c2ccc(OCCF)cc2)nn2c(C)cc(C)nc12,2.0,C22H27FN4O2,398.48
CHEMBL520733,SEMAGACESTAT,CC(C)[C@H](O)C(=O)N[C@@H](C)C(=O)N[C@@H]1C(=O)N(C)CCc2ccccc21,3.0,C19H27N3O4,361.44
CHEMBL529437,COCAINE HYDROCHLORIDE,COC(=O)[C@H]1[C@@H](OC(=O)c2ccccc2)C[C@@H]2CC[C@H]1N2C.Cl,4.0,C17H22ClNO4,339.82
CHEMBL451770,DPA-714 F-18,CCN(CC)C(=O)Cc1c(-c2ccc(OCC[18F])cc2)nn2c(C)cc(C)nc12,2.0,C22H27FN4O2,397.48
CHEMBL471737,IVABRADINE,COc1cc2c(cc1OC)CC(=O)N(CCCN(C)C[C@H]1Cc3cc(OC)c(OC)cc31)CC2,4.0,C27H36N2O5,468.59
CHEMBL507974,TETRODOTOXIN,NC1=N[C@H](O)[C@H]2[C@H]3O[C@]4(O)O[C@@H]([C@@H](O)[C@@]2(N1)[C@@H]4O)[C@]3(O)CO,3.0,C11H17N3O8,319.27
CHEMBL454095,ABECARNIL,COCc1c(C(=O)OC(C)C)ncc2[nH]c3ccc(OCc4ccccc4)cc3c12,2.0,C24H24N2O4,404.47
CHEMBL511099,BICIFADINE,Cc1ccc(C23CNCC2C3)cc1,3.0,C12H15N,173.26
CHEMBL469912,PUROMYCIN,COc1ccc(C[C@H](N)C(=O)N[C@H]2[C@@H](O)[C@H](n3cnc4c(N(C)C)ncnc43)O[C@@H]2CO)cc1,2.0,C22H29N7O5,471.52
CHEMBL487465,DEFERITAZOLE,COCCOCCOCCOc1cccc(C2=N[C@@](C)(C(=O)O)CS2)c1O,2.0,C18H25NO7S,399.47
CHEMBL1567,SUNITINIB MALATE,CCN(CC)CCNC(=O)c1c(C)[nH]c(/C=C2\C(=O)Nc3ccc(F)cc32)c1C.O=C(O)C[C@H](O)C(=O)O,4.0,C26H33FN4O7,532.57
CHEMBL511115,CILOMILAST,COc1ccc([C@]2(C#N)CC[C@@H](C(=O)O)CC2)cc1OC1CCCC1,3.0,C20H25NO4,343.42
CHEMBL452076,CILNIDIPINE,COCCOC(=O)C1=C(C)NC(C)=C(C(=O)OC/C=C/c2ccccc2)C1c1cccc([N+](=O)[O-])c1,3.0,C27H28N2O7,492.53
CHEMBL506110,SULTAMICILLIN,CC1(C)S[C@@H]2[C@H](NC(=O)[C@H](N)c3ccccc3)C(=O)N2[C@H]1C(=O)OCOC(=O)[C@@H]1N2C(=O)C[C@H]2S(=O)(=O)C1(C)C,2.0,C25H30N4O9S2,594.67
CHEMBL471498,MITIGLINIDE,O=C(O)[C@H](CC(=O)N1C[C@H]2CCCC[C@H]2C1)Cc1ccccc1,3.0,C19H25NO3,315.41
CHEMBL501849,SIMEPREVIR,COc1ccc2c(O[C@@H]3C[C@H]4C(=O)N[C@]5(C(=O)NS(=O)(=O)C6CC6)C[C@H]5/C=C\CCCCN(C)C(=O)[C@@H]4C3)cc(-c3nc(C(C)C)cs3)nc2c1C,4.0,C38H47N5O7S2,749.96
CHEMBL488025,EXISULIND,CC1=C(CC(=O)O)c2cc(F)ccc2/C1=C\c1ccc(S(C)(=O)=O)cc1,3.0,C20H17FO4S,372.42
CHEMBL455186,TREOSULFAN,CS(=O)(=O)OC[C@H](O)[C@@H](O)COS(C)(=O)=O,4.0,C6H14O8S2,278.30
CHEMBL452329,TRESTOLONE ACETATE,CC(=O)O[C@H]1CC[C@H]2[C@H]3[C@H](CC[C@]12C)[C@H]1CCC(=O)C=C1C[C@H]3C,2.0,C21H30O3,330.47
CHEMBL502384,TRIETHYLENEMELAMINE,C1CN1c1nc(N2CC2)nc(N2CC2)n1,2.0,C9H12N6,204.24
CHEMBL443613,TRICHLORMETHINE,ClCCN(CCCl)CCCl,2.0,C6H12Cl3N,204.53
CHEMBL462018,TRICIRIBINE PHOSPHATE,CN1N=C(N)c2cn([C@@H]3O[C@H](COP(=O)(O)O)[C@@H](O)[C@H]3O)c3ncnc1c23,2.0,C13H17N6O7P,400.29
CHEMBL462019,TROFOSFAMIDE,O=P1(N(CCCl)CCCl)OCCCN1CCCl,3.0,C9H18Cl3N2O2P,323.59
CHEMBL461332,FLUCLORONIDE,CC1(C)O[C@@H]2C[C@H]3[C@@H]4C[C@H](F)C5=CC(=O)C=C[C@]5(C)[C@@]4(Cl)[C@@H](Cl)C[C@]3(C)[C@]2(C(=O)CO)O1,2.0,C24H29Cl2FO5,487.40
CHEMBL1568,FLUDARABINE,Nc1nc(F)nc2c1ncn2[C@@H]1O[C@H](CO)[C@@H](O)[C@@H]1O,3.0,C10H12FN5O4,285.24
CHEMBL457157,UREDEPA,CCOC(=O)NP(=O)(N1CC1)N1CC1,2.0,C7H14N3O3P,219.18
CHEMBL462547,URETHANE,CCOC(N)=O,4.0,C3H7NO2,89.09
CHEMBL1569,AMANTADINE HYDROCHLORIDE,Cl.NC12CC3CC(CC(C3)C1)C2,4.0,C10H18ClN,187.71
CHEMBL472561,FLUROCITABINE,N=c1nc2n(cc1F)[C@@H]1O[C@H](CO)[C@@H](O)[C@@H]1O2,2.0,C9H10FN3O4,243.19
CHEMBL472562,FORFENIMEX,N[C@H](C(=O)O)c1ccc(CO)c(O)c1,2.0,C9H11NO4,197.19
CHEMBL471525,FOTRETAMINE,C1CN(P2(N3CC3)=NP(N3CC3)(N3CC3)=NP(N3CC3)(N3CC3)=N2)CCO1,2.0,C14H28N9OP3,431.36
CHEMBL517080,WITHAFERIN A,CC1=C(CO)C(=O)O[C@@H]([C@@H](C)[C@H]2CC[C@H]3[C@@H]4C[C@H]5O[C@]56[C@@H](O)C=CC(=O)[C@]6(C)[C@H]4CC[C@]23C)C1,1.0,C28H38O6,470.61
CHEMBL517199,XIPAMIDE,Cc1cccc(C)c1NC(=O)c1cc(S(N)(=O)=O)c(Cl)cc1O,2.0,C15H15ClN2O4S,354.81
CHEMBL472565,DINITOLMIDE,Cc1c(C(N)=O)cc([N+](=O)[O-])cc1[N+](=O)[O-],2.0,C8H7N3O5,225.16
CHEMBL472566,ZOXAZOLAMINE,Nc1nc2cc(Cl)ccc2o1,2.0,C7H5ClN2O,168.58
CHEMBL529888,GLIBORNURIDE,Cc1ccc(S(=O)(=O)NC(=O)N[C@H]2[C@H]3CC[C@@](C)([C@H]2O)C3(C)C)cc1,4.0,C18H26N2O4S,366.48
CHEMBL488914,GLUCAMETACIN,COc1ccc2c(c1)c(CC(=O)N[C@@H](C=O)[C@@H](O)[C@H](O)[C@H](O)CO)c(C)n2C(=O)c1ccc(Cl)cc1,2.0,C25H27ClN2O8,518.95
CHEMBL488436,AZD-5438,Cc1ncc(-c2ccnc(Nc3ccc(S(C)(=O)=O)cc3)n2)n1C(C)C,1.0,C18H21N5O2S,371.47
CHEMBL1570,SULFOXONE,O=S(O)CNc1ccc(S(=O)(=O)c2ccc(NCS(=O)O)cc2)cc1,4.0,C14H16N2O6S3,404.49
CHEMBL444480,THIODIGLYCOL,OCCSCCO,2.0,C4H10O2S,122.19
CHEMBL452231,TENIPOSIDE,COc1cc([C@@H]2c3cc4c(cc3[C@@H](O[C@@H]3O[C@@H]5CO[C@@H](c6cccs6)O[C@H]5[C@H](O)[C@H]3O)[C@H]3COC(=O)[C@H]23)OCO4)cc(OC)c1O,4.0,C32H32O13S,656.66
CHEMBL453863,TEROXIRONE,O=c1n(CC2CO2)c(=O)n(CC2CO2)c(=O)n1CC1CO1,2.0,C12H15N3O6,297.27
CHEMBL1571,TESTOLACTONE,C[C@]12C=CC(=O)C=C1CC[C@@H]1[C@@H]2CC[C@]2(C)OC(=O)CC[C@@H]12,4.0,C19H24O3,300.40
CHEMBL507361,MIRDAMETINIB,O=C(NOC[C@H](O)CO)c1ccc(F)c(F)c1Nc1ccc(I)cc1F,2.0,C16H14F3IN2O4,482.20
CHEMBL455461,RADEZOLID,CC(=O)NC[C@H]1CN(c2ccc(-c3ccc(CNCc4cnn[nH]4)cc3)c(F)c2)C(=O)O1,2.0,C22H23FN6O3,438.46
CHEMBL461343,GUANOXABENZ,N=C(NO)N/N=C/c1c(Cl)cccc1Cl,2.0,C8H8Cl2N4O,247.09
CHEMBL518043,FEDOVAPAGON,Cc1cc(C(=O)N2CCCCc3ccccc32)ccc1CNC(=O)N1CCC[C@H]1C(=O)N(C)C,2.0,C27H34N4O3,462.59
CHEMBL462393,EPIPROPIDINE,C1OC1CN1CCC(C2CCN(CC3CO3)CC2)CC1,2.0,C16H28N2O2,280.41
CHEMBL515668,ESORUBICIN,COc1cccc2c1C(=O)c1c(O)c3c(c(O)c1C2=O)C[C@@](O)(C(=O)CO)C[C@@H]3O[C@H]1C[C@H](N)C[C@H](C)O1,2.0,C27H29NO10,527.53
CHEMBL460287,ETOGLUCID,C(COCCOCC1CO1)OCCOCC1CO1,2.0,C12H22O6,262.30
CHEMBL330829,ETOZOLIN,CCOC(=O)/C=C1\SC(N2CCCCC2)C(=O)N1C,2.0,C13H20N2O3S,284.38
CHEMBL462220,INPROQUONE,CCCOC1=C(N2CC2)C(=O)C(OCCC)=C(N2CC2)C1=O,2.0,C16H22N2O4,306.36
CHEMBL460282,MANNOSULFAN,CS(=O)(=O)OC[C@@H](OS(C)(=O)=O)[C@@H](O)[C@H](O)[C@@H](COS(C)(=O)=O)OS(C)(=O)=O,2.0,C10H22O14S4,494.54
CHEMBL460283,MANNOMUSTINE,O[C@@H]([C@H](O)[C@H](O)CNCCCl)[C@H](O)CNCCCl,2.0,C10H22Cl2N2O4,305.20
CHEMBL501613,MEPARFYNOL,C#CC(C)(O)CC,2.0,C6H10O,98.14
CHEMBL461522,METAMIZOLE,Cc1c(N(C)CS(=O)(=O)O)c(=O)n(-c2ccccc2)n1C,4.0,C13H17N3O4S,311.36
CHEMBL462394,METRIZAMIDE,CC(=O)Nc1c(I)c(C(=O)N[C@H]2C(O)O[C@H](CO)[C@@H](O)[C@@H]2O)c(I)c(N(C)C(C)=O)c1I,4.0,C18H22I3N3O8,789.10
CHEMBL516476,METHYLATROPINE NITRATE,C[N+]1(C)[C@@H]2CC[C@H]1C[C@@H](OC(=O)C(CO)c1ccccc1)C2.O=[N+]([O-])[O-],2.0,C18H26N2O6,366.41
CHEMBL460289,MITOPODOZIDE,CCNNC(=O)[C@@H]1[C@H](c2cc(OC)c(OC)c(OC)c2)c2cc3c(cc2[C@H](O)[C@H]1CO)OCO3,2.0,C24H30N2O8,474.51
CHEMBL462222,PENTAMUSTINE,CC(C)(C)CNC(=O)N(CCCl)N=O,2.0,C8H16ClN3O2,221.69
CHEMBL1572,NETILMICIN,CCN[C@@H]1C[C@H](N)[C@@H](O[C@H]2OC(CN)=CC[C@H]2N)[C@H](O)[C@H]1O[C@H]1OC[C@](C)(O)[C@H](NC)[C@H]1O,4.0,C21H41N5O7,475.59
CHEMBL1574,PHENTERMINE,CC(C)(N)Cc1ccccc1,4.0,C10H15N,149.24
CHEMBL1575,ESTRAMUSTINE,C[C@]12CC[C@@H]3c4ccc(OC(=O)N(CCCl)CCCl)cc4CC[C@H]3[C@@H]1CC[C@@H]2O,3.0,C23H31Cl2NO3,440.41
CHEMBL1576,ETHINAMATE,C#CC1(OC(N)=O)CCCCC1,4.0,C9H13NO2,167.21
CHEMBL450117,GLYPROTHIAZOL,CC(C)c1nnc(NS(=O)(=O)c2ccc(N)cc2)s1,2.0,C11H14N4O2S2,298.39
CHEMBL460291,LACIDIPINE,CCOC(=O)C1=C(C)NC(C)=C(C(=O)OCC)C1c1ccccc1/C=C/C(=O)OC(C)(C)C,3.0,C26H33NO6,455.55
CHEMBL458336,MEDORUBICIN,C[C@@H]1O[C@@H](O[C@H]2C[C@](O)(C(=O)CO)Cc3c(O)c4c(c(O)c32)C(=O)c2ccccc2C4=O)C[C@H](N)[C@@H]1O,2.0,C26H27NO10,513.50
CHEMBL507419,METAHEXAMIDE,Cc1ccc(S(=O)(=O)NC(=O)NC2CCCCC2)cc1N,2.0,C14H21N3O3S,311.41
CHEMBL1577,METHYCLOTHIAZIDE,CN1C(CCl)Nc2cc(Cl)c(S(N)(=O)=O)cc2S1(=O)=O,4.0,C9H11Cl2N3O4S2,360.24
CHEMBL473100,MITINDOMIDE,O=C1NC(=O)[C@H]2[C@H]3C=C[C@@H]([C@@H]12)[C@@H]1[C@H]2C(=O)NC(=O)[C@H]2[C@H]31,2.0,C14H12N2O4,272.26
CHEMBL447629,MITOBRONITOL,O[C@@H]([C@H](O)[C@H](O)CBr)[C@H](O)CBr,2.0,C6H12Br2O4,307.97
CHEMBL514315,NIFURATEL,CSCC1CN(/N=C/c2ccc([N+](=O)[O-])o2)C(=O)O1,2.0,C10H11N3O5S,285.28
CHEMBL475534,NITRENDIPINE,CCOC(=O)C1=C(C)NC(C)=C(C(=O)OC)C1c1cccc([N+](=O)[O-])c1,3.0,C18H20N2O6,360.37
CHEMBL1578,ANISOTROPINE METHYLBROMIDE,CCCC(CCC)C(=O)O[C@H]1C[C@H]2CC[C@@H](C1)[N+]2(C)C.[Br-],4.0,C17H32BrNO2,362.35
CHEMBL1580,PENTOSTATIN,OC[C@H]1O[C@@H](n2cnc3c2N=CNC[C@H]3O)C[C@@H]1O,4.0,C11H16N4O4,268.27
CHEMBL1581,PERINDOPRIL,CCC[C@H](N[C@@H](C)C(=O)N1[C@H](C(=O)O)C[C@@H]2CCCC[C@@H]21)C(=O)OCC,4.0,C19H32N2O5,368.47
CHEMBL515914,AZARIBINE,CC(=O)OC[C@H]1O[C@@H](n2ncc(=O)[nH]c2=O)[C@H](OC(C)=O)[C@@H]1OC(C)=O,4.0,C14H17N3O9,371.30
CHEMBL455917,CHLORAL HYDRATE,OC(O)C(Cl)(Cl)Cl,4.0,C2H3Cl3O2,165.40
CHEMBL515606,CILAZAPRIL,CCOC(=O)[C@H](CCc1ccccc1)N[C@H]1CCCN2CCC[C@@H](C(=O)O)N2C1=O,4.0,C22H31N3O5,417.51
CHEMBL474928,AZETEPA,CCN(c1nncs1)P(=O)(N1CC1)N1CC1,2.0,C8H14N5OPS,259.27
CHEMBL1583,BACAMPICILLIN,CCOC(=O)OC(C)OC(=O)[C@@H]1N2C(=O)[C@@H](NC(=O)[C@H](N)c3ccccc3)[C@H]2SC1(C)C,4.0,C21H27N3O7S,465.53
CHEMBL1584,PIPERACETAZINE,CC(=O)c1ccc2c(c1)N(CCCN1CCC(CCO)CC1)c1ccccc1S2,4.0,C24H30N2O2S,410.58
CHEMBL1585,PIPOBROMAN,O=C(CCBr)N1CCN(C(=O)CCBr)CC1,4.0,C10H16Br2N2O2,356.06
CHEMBL472696,PIPOSULFAN,CS(=O)(=O)OCCC(=O)N1CCN(C(=O)CCOS(C)(=O)=O)CC1,2.0,C12H22N2O8S2,386.45
CHEMBL521589,BAMBUTEROL,CN(C)C(=O)Oc1cc(OC(=O)N(C)C)cc(C(O)CNC(C)(C)C)c1,3.0,C18H29N3O5,367.45
CHEMBL1586,BECLOMETHASONE,C[C@H]1C[C@H]2[C@@H]3CCC4=CC(=O)C=C[C@]4(C)[C@@]3(Cl)[C@@H](O)C[C@]2(C)[C@@]1(O)C(=O)CO,2.0,C22H29ClO5,408.92
CHEMBL490070,BENAXIBINE,O=C(O)c1ccc(NC2OC[C@@H](O)[C@H](O)[C@H]2O)cc1,2.0,C12H15NO6,269.25
CHEMBL488093,PYRITINOL,Cc1ncc(CSSCc2cnc(C)c(O)c2CO)c(CO)c1O,4.0,C16H20N2O4S2,368.48
CHEMBL1587,POLYTHIAZIDE,CN1C(CSCC(F)(F)F)Nc2cc(Cl)c(S(N)(=O)=O)cc2S1(=O)=O,4.0,C11H13ClF3N3O4S3,439.89
CHEMBL521078,PORFIROMYCIN,CO[C@@]12[C@H](COC(N)=O)C3=C(C(=O)C(C)=C(N)C3=O)N1C[C@H]1[C@@H]2N1C,3.0,C16H20N4O5,348.36
CHEMBL489079,MOFEGILINE,NC/C(=C/F)CCc1ccc(F)cc1,2.0,C11H13F2N,197.23
CHEMBL487253,BENDAMUSTINE,Cn1c(CCCC(=O)O)nc2cc(N(CCCl)CCCl)ccc21,4.0,C16H21Cl2N3O2,358.27
CHEMBL504088,BENZODEPA,O=C(NP(=O)(N1CC1)N1CC1)OCc1ccccc1,2.0,C12H16N3O3P,281.25
CHEMBL1588,THIAMINE,Cc1ncc(C[n+]2csc(CCO)c2C)c(N)n1.[Cl-],4.0,C12H17ClN4OS,300.81
CHEMBL505254,BROMACRYLIDE,C=CC(=O)NCNC(=O)CCBr,2.0,C7H11BrN2O2,235.08
CHEMBL488280,PROPATYL NITRATE,CCC(CO[N+](=O)[O-])(CO[N+](=O)[O-])CO[N+](=O)[O-],3.0,C6H11N3O9,269.17
CHEMBL446209,ACEGLATONE,CC(=O)O[C@@H]1C(=O)O[C@H]2[C@@H]1OC(=O)[C@@H]2OC(C)=O,2.0,C10H10O8,258.18
CHEMBL1589,ACETOHEXAMIDE,CC(=O)c1ccc(S(=O)(=O)NC(=O)NC2CCCCC2)cc1,4.0,C15H20N2O4S,324.40
CHEMBL509176,PROSPIDIUM CHLORIDE,OC(CCl)CN1CC[N+]2(CC1)CC[N+]1(CCN(CC(O)CCl)CC1)CC2.[Cl-].[Cl-],2.0,C18H36Cl4N4O2,482.32
CHEMBL1590,PSEUDOEPHEDRINE,CN[C@@H](C)[C@@H](O)c1ccccc1,4.0,C10H15NO,165.24
CHEMBL507584,PUMITEPA,CN(C)c1nc(NP(=O)(N2CC2)N2CC2)c2c(ncn2C)n1,2.0,C12H19N8OP,322.31
CHEMBL451901,DEFOSFAMIDE,O=P(NCCCO)(OCCCl)N(CCCl)CCCl,2.0,C9H20Cl3N2O3P,341.60
CHEMBL1591,DEMECLOCYCLINE,CN(C)[C@@H]1C(O)=C(C(N)=O)C(=O)[C@@]2(O)C(O)=C3C(=O)c4c(O)ccc(Cl)c4[C@@H](O)[C@H]3C[C@@H]12,4.0,C21H21ClN2O8,464.86
CHEMBL452715,ALANOSINE,N[C@@H](CN(O)N=O)C(=O)O,2.0,C3H7N3O4,149.11
CHEMBL1592,QUINAPRIL,CCOC(=O)[C@H](CCc1ccccc1)N[C@@H](C)C(=O)N1Cc2ccccc2C[C@H]1C(=O)O,4.0,C25H30N2O5,438.52
CHEMBL452861,LEVOPROPRANOLOL,CC(C)NC[C@H](O)COc1cccc2ccccc12,2.0,C16H21NO2,259.35
CHEMBL454450,BUTIBUFEN,CCC(C(=O)O)c1ccc(CC(C)C)cc1,2.0,C14H20O2,220.31
CHEMBL452859,BUTOCTAMIDE,CCCCC(CC)CNC(=O)CC(C)O,2.0,C12H25NO2,215.34
CHEMBL444186,RAZOXANE,CC(CN1CC(=O)NC(=O)C1)N1CC(=O)NC(=O)C1,2.0,C11H16N4O4,268.27
CHEMBL447692,DICLONIXIN,O=C(O)c1cccnc1Nc1cccc(Cl)c1Cl,2.0,C12H8Cl2N2O2,283.11
CHEMBL444814,L-CITRULLINE,NC(=O)NCCC[C@H](N)C(=O)O,3.0,C6H13N3O3,175.19
CHEMBL1594,PANTOTHENIC ACID,CC(C)(CO)[C@@H](O)C(=O)NCCC(=O)O,4.0,C9H17NO5,219.24
CHEMBL455706,CALUSTERONE,C[C@H]1CC2=CC(=O)CC[C@]2(C)[C@H]2CC[C@@]3(C)[C@@H](CC[C@]3(C)O)[C@H]12,2.0,C21H32O2,316.49
CHEMBL499915,CARBENOXOLONE,CC1(C)[C@@H](OC(=O)CCC(=O)O)CC[C@]2(C)[C@H]3C(=O)C=C4[C@@H]5C[C@@](C)(C(=O)O)CC[C@]5(C)CC[C@@]4(C)[C@]3(C)CC[C@@H]12,4.0,C34H50O7,570.77
CHEMBL452866,CARBOFENOTION,CCOP(=S)(OCC)SCSc1ccc(Cl)cc1,2.0,C11H16ClO2PS3,342.88
CHEMBL452867,RIBOPRINE,CC(C)=CCNc1ncnc2c1ncn2[C@@H]1O[C@H](CO)[C@@H](O)[C@H]1O,2.0,C15H21N5O4,335.36
CHEMBL509924,DIFLUCORTOLONE,C[C@@H]1C[C@H]2[C@@H]3C[C@H](F)C4=CC(=O)C=C[C@]4(C)[C@@]3(F)[C@@H](O)C[C@]2(C)[C@H]1C(=O)CO,2.0,C22H28F2O4,394.46
CHEMBL1595,DIHYDROCODEINE,COc1ccc2c3c1O[C@H]1[C@@H](O)CC[C@H]4[C@@H](C2)N(C)CC[C@@]341,4.0,C18H23NO3,301.39
CHEMBL462605,PITOLISANT,Clc1ccc(CCCOCCCN2CCCCC2)cc1,4.0,C17H26ClNO,295.85
CHEMBL517140,GSK189254,CNC(=O)c1ccc(Oc2ccc3c(c2)CCN(C2CCC2)CC3)nc1,2.0,C21H25N3O2,351.45
CHEMBL448570,CARBUTAMIDE,CCCCNC(=O)NS(=O)(=O)c1ccc(N)cc1,2.0,C11H17N3O3S,271.34
CHEMBL1596,CARBENICILLIN INDANYL,CC1(C)S[C@@H]2[C@H](NC(=O)C(C(=O)Oc3ccc4c(c3)CCC4)c3ccccc3)C(=O)N2[C@H]1C(=O)O,4.0,C26H26N2O6S,494.57
CHEMBL460499,CARMOFUR,CCCCCCNC(=O)n1cc(F)c(=O)[nH]c1=O,2.0,C11H16FN3O3,257.26
CHEMBL1597,DIMERCAPROL,OCC(S)CS,4.0,C3H8OS2,124.23
CHEMBL1599,CEPHAPIRIN,CC(=O)OCC1=C(C(=O)O)N2C(=O)[C@@H](NC(=O)CSc3ccncc3)[C@H]2SC1,4.0,C17H17N3O6S2,423.47
CHEMBL1601,CEFONICID,O=C(O)C1=C(CSc2nnnn2CS(=O)(=O)O)CS[C@@H]2[C@H](NC(=O)[C@H](O)c3ccccc3)C(=O)N12,4.0,C18H18N6O8S3,542.58
CHEMBL1604,CEPHRADINE,CC1=C(C(=O)O)N2C(=O)[C@@H](NC(=O)[C@H](N)C3=CCC=CC3)[C@H]2SC1,4.0,C16H19N3O4S,349.41
CHEMBL1605,CEFTIBUTEN,Nc1nc(/C(=C/CC(=O)O)C(=O)N[C@@H]2C(=O)N3C(C(=O)O)=CCS[C@H]23)cs1,4.0,C15H14N4O6S2,410.43
CHEMBL471721,SUFOSFAMIDE,CS(=O)(=O)OCCNP1(=O)OCCCN1CCCl,2.0,C8H18ClN2O5PS,320.74
CHEMBL489095,CAMICINAL,C[C@H]1CN(Cc2ccc(CC(=O)N3CCC(Nc4cccc(F)c4)CC3)cc2)CCN1,3.0,C25H33FN4O,424.56
CHEMBL490672,FILIBUVIR,CCc1cc(CC[C@]2(C3CCCC3)CC(O)=C(Cc3nc4nc(C)cc(C)n4n3)C(=O)O2)cc(CC)n1,3.0,C29H37N5O3,503.65
CHEMBL455136,ALMOREXANT,CNC(=O)[C@@H](c1ccccc1)N1CCc2cc(OC)c(OC)cc2[C@@H]1CCc1ccc(C(F)(F)F)cc1,3.0,C29H31F3N2O3,512.57
CHEMBL454138,TUROFEXORATE ISOPROPYL,CC(C)OC(=O)C1=CN(C(=O)c2ccc(F)c(F)c2)CC(C)(C)c2c1[nH]c1ccccc21,2.0,C25H24F2N2O3,438.47
CHEMBL454950,TETRACYCLINE HYDROCHLORIDE,CN(C)[C@@H]1C(O)=C(C(N)=O)C(=O)[C@@]2(O)C(O)=C3C(=O)c4c(O)cccc4[C@@](C)(O)[C@H]3C[C@@H]12.Cl,4.0,C22H25ClN2O8,480.90
CHEMBL460702,BMS-777607,CCOc1ccn(-c2ccc(F)cc2)c(=O)c1C(=O)Nc1ccc(Oc2ccnc(N)c2Cl)c(F)c1,2.0,C25H19ClF2N4O4,512.90
CHEMBL1607,TOPOTECAN HYDROCHLORIDE,CC[C@@]1(O)C(=O)OCc2c1cc1n(c2=O)Cc2cc3c(CN(C)C)c(O)ccc3nc2-1.Cl,4.0,C23H24ClN3O5,457.91
CHEMBL503481,PHOSPHATIDYLCHOLINE,CCCCCCCCCCCCCCSCC(=O)OC[C@H](COP(=O)([O-])OCC[N+](C)(C)C)OC(=O)CSCCCCCCCCCCCCCC,3.0,C40H80NO8PS2,798.19
CHEMBL473535,FENTICLOR,Oc1ccc(Cl)cc1Sc1cc(Cl)ccc1O,2.0,C12H8Cl2O2S,287.17
CHEMBL491473,CEDIRANIB,COc1cc2c(Oc3ccc4[nH]c(C)cc4c3F)ncnc2cc1OCCCN1CCCC1,3.0,C25H27FN4O3,450.51
CHEMBL506981,REMINERTANT,COc1cccc(OC)c1-c1cc(C(=O)NC2(C(=O)O)C3CC4CC(C3)CC2C4)nn1-c1ccnc2cc(Cl)ccc12,3.0,C32H31ClN4O5,587.08
CHEMBL461101,ELTROMBOPAG,CC1=NN(c2ccc(C)c(C)c2)C(=O)/C1=N\Nc1cccc(-c2cccc(C(=O)O)c2)c1O,4.0,C25H22N4O4,442.48
CHEMBL465026,NEFOPAM,CN1CCOC(c2ccccc2)c2ccccc2C1,4.0,C17H19NO,253.35
CHEMBL515564,TENOFOVIR EXALIDEX,CCCCCCCCCCCCCCCCOCCCOP(=O)(O)CO[C@H](C)Cn1cnc2c(N)ncnc21,2.0,C28H52N5O5P,569.73
CHEMBL474579,CEFOTETAN,CO[C@@]1(NC(=O)C2SC(=C(C(N)=O)C(=O)O)S2)C(=O)N2C(C(=O)O)=C(CSc3nnnn3C)CS[C@@H]21,4.0,C17H17N7O8S4,575.63
CHEMBL514800,APREMILAST,CCOc1cc([C@@H](CS(C)(=O)=O)N2C(=O)c3cccc(NC(C)=O)c3C2=O)ccc1OC,4.0,C22H24N2O7S,460.51
CHEMBL1611,PHENYTOIN SODIUM,O=C1N=C([O-])NC1(c1ccccc1)c1ccccc1.[Na+],4.0,C15H11N2NaO2,274.25
CHEMBL473159,PHLOROGLUCINOL,Oc1cc(O)cc(O)c1,3.0,C6H6O3,126.11
CHEMBL515271,R-112,Oc1cccc(Nc2ncc(F)c(Nc3cccc(O)c3)n2)c1,2.0,C16H13FN4O2,312.30
CHEMBL513994,PRX-08066 FREE BASE,N#Cc1cc(CN2CCC(Nc3ncnc4sc(Cl)cc34)CC2)ccc1F,2.0,C19H17ClFN5S,401.90
CHEMBL512351,BETRIXABAN,COc1ccc(NC(=O)c2ccc(C(=N)N(C)C)cc2)c(C(=O)Nc2ccc(Cl)cn2)c1,4.0,C23H22ClN5O3,451.91
CHEMBL515387,GOSOGLIPTIN,O=C([C@@H]1C[C@H](N2CCN(c3ncccn3)CC2)CN1)N1CCC(F)(F)C1,4.0,C17H24F2N6O,366.42
CHEMBL473417,VISMODEGIB,CS(=O)(=O)c1ccc(C(=O)Nc2ccc(Cl)c(-c3ccccn3)c2)c(Cl)c1,4.0,C19H14Cl2N2O3S,421.31
CHEMBL475251,R-406,COc1cc(Nc2ncc(F)c(Nc3ccc4c(n3)NC(=O)C(C)(C)O4)n2)cc(OC)c1OC,2.0,C22H23FN6O5,470.46
CHEMBL522302,VOFOPITANT,COc1ccc(-n2nnnc2C(F)(F)F)cc1CN[C@H]1CCCN[C@H]1c1ccccc1,2.0,C21H23F3N6O,432.45
CHEMBL446061,TROLAMINE,OCCN(CCO)CCO,2.0,C6H15NO3,149.19
CHEMBL491571,DORIPENEM,C[C@@H](O)[C@H]1C(=O)N2C(C(=O)O)=C(S[C@@H]3CN[C@H](CNS(N)(=O)=O)C3)[C@H](C)[C@H]12,4.0,C15H24N4O6S2,420.51
CHEMBL522987,VESTIPITANT,Cc1cc(F)ccc1[C@H]1CNCCN1C(=O)N(C)[C@H](C)c1cc(C(F)(F)F)cc(C(F)(F)F)c1,2.0,C23H24F7N3O,491.45
CHEMBL490932,BL-1021,CN(CCC=C1c2ccccc2CCc2ccccc21)C(=O)CCCN.Cl,1.0,C23H29ClN2O,384.95
CHEMBL521606,NADOLOL,CC(C)(C)NCC(O)COc1cccc2c1CC(O)C(O)C2,4.0,C17H27NO4,309.41
CHEMBL450613,ZERANOL,C[C@H]1CCC[C@H](O)CCCCCc2cc(O)cc(O)c2C(=O)O1,2.0,C18H26O5,322.40
CHEMBL491510,TALERANOL,C[C@H]1CCC[C@@H](O)CCCCCc2cc(O)cc(O)c2C(=O)O1,2.0,C18H26O5,322.40
CHEMBL493439,EMETINE HYDROCHLORIDE,CC[C@H]1CN2CCc3cc(OC)c(OC)cc3[C@@H]2C[C@@H]1C[C@H]1NCCc2cc(OC)c(OC)cc21.Cl.Cl,2.0,C29H42Cl2N2O4,553.57
CHEMBL490129,SANGUINARIUM CHLORIDE,C[n+]1cc2c3c(ccc2c2ccc4cc5c(cc4c21)OCO5)OCO3.[Cl-],2.0,C20H14ClNO4,367.79
CHEMBL504459,NOGALAMYCIN,COC(=O)[C@@H]1c2cc3c(c(O)c2[C@@H](O[C@@H]2O[C@@H](C)[C@H](OC)[C@@](C)(OC)[C@H]2OC)C[C@]1(C)O)C(=O)c1c(O)cc2c(c1C3=O)O[C@@H]1O[C@@]2(C)[C@H](O)[C@@H](N(C)C)[C@@H]1O,2.0,C39H49NO16,787.81
CHEMBL359744,DOXORUBICIN HYDROCHLORIDE,COc1cccc2c1C(=O)c1c(O)c3c(c(O)c1C2=O)C[C@@](O)(C(=O)CO)C[C@@H]3O[C@H]1C[C@H](N)[C@H](O)[C@H](C)O1.Cl,4.0,C27H30ClNO11,579.99
CHEMBL502620,ACLARUBICIN,CC[C@@]1(O)C[C@H](O[C@H]2C[C@H](N(C)C)[C@H](O[C@H]3C[C@H](O)[C@H](O[C@H]4CCC(=O)[C@H](C)O4)[C@H](C)O3)[C@H](C)O2)c2c(cc3c(c2O)C(=O)c2c(O)cccc2C3=O)[C@H]1C(=O)OC,3.0,C42H53NO15,811.88
CHEMBL447868,SODIUM SALICYLATE,O=C([O-])c1ccccc1O.[Na+],1.0,C7H5NaO3,160.10
CHEMBL513856,OXENDOLONE,CC[C@H]1C[C@H]2[C@@H]3CCC4=CC(=O)CC[C@@H]4[C@H]3CC[C@]2(C)[C@H]1O,2.0,C20H30O2,302.46
CHEMBL457077,SALVIANOLIC ACID A,O=C(/C=C/c1ccc(O)c(O)c1/C=C/c1ccc(O)c(O)c1)O[C@H](Cc1ccc(O)c(O)c1)C(=O)O,1.0,C26H22O10,494.45
CHEMBL506569,LANATOSIDE C,CC(=O)O[C@H]1C[C@H](O[C@H]2[C@@H](O)C[C@H](O[C@H]3[C@@H](O)C[C@H](O[C@H]4CC[C@@]5(C)[C@H](CC[C@@H]6[C@@H]5C[C@@H](O)[C@]5(C)[C@@H](C7=CC(=O)OC7)CC[C@]65O)C4)O[C@@H]3C)O[C@@H]2C)O[C@H](C)[C@H]1O[C@@H]1O[C@H](CO)[C@@H](O)[C@H](O)[C@H]1O,2.0,C49H76O20,985.13
CHEMBL1614,DESLANOSIDE,C[C@H]1O[C@@H](O[C@H]2CC[C@@]3(C)[C@H](CC[C@@H]4[C@@H]3C[C@@H](O)[C@]3(C)[C@@H](C5=CC(=O)OC5)CC[C@]43O)C2)C[C@H](O)[C@@H]1O[C@H]1C[C@H](O)[C@H](O[C@H]2C[C@H](O)[C@H](O[C@@H]3O[C@H](CO)[C@@H](O)[C@H](O)[C@H]3O)[C@@H](C)O2)[C@@H](C)O1,4.0,C47H74O19,943.09
CHEMBL517341,CINOBUFOTALIN,CC(=O)O[C@H]1[C@H]2O[C@]23[C@@H]2CC[C@]4(O)C[C@@H](O)CC[C@]4(C)[C@H]2CC[C@]3(C)[C@H]1c1ccc(=O)oc1,1.0,C26H34O7,458.55
CHEMBL444963,MIDECAMYCIN,CCC(=O)O[C@@H]1CC(=O)O[C@H](C)C/C=C/C=C/[C@H](O)[C@H](C)C[C@H](CC=O)[C@H](O[C@@H]2O[C@H](C)[C@@H](O[C@H]3C[C@@](C)(O)[C@@H](OC(=O)CC)[C@H](C)O3)[C@H](N(C)C)[C@H]2O)[C@H]1OC,2.0,C41H67NO15,813.98
CHEMBL1617,RIFAXIMIN,CO[C@H]1/C=C/O[C@@]2(C)Oc3c(C)c(O)c4c(O)c(c5c(nc6cc(C)ccn65)c4c3C2=O)NC(=O)/C(C)=C\C=C\[C@H](C)[C@H](O)[C@@H](C)[C@@H](O)[C@@H](C)[C@H](OC(C)=O)[C@@H]1C,4.0,C43H51N3O11,785.89
CHEMBL1618,CEFAMANDOLE NAFATE,Cn1nnnc1SCC1=C(C(=O)[O-])N2C(=O)[C@@H](NC(=O)[C@H](OC=O)c3ccccc3)[C@H]2SC1.[Na+],4.0,C19H17N6NaO6S2,512.51
CHEMBL517231,ISLATRAVIR,C#C[C@]1(CO)O[C@@H](n2cnc3c(N)nc(F)nc32)C[C@@H]1O,3.0,C12H12FN5O3,293.26
CHEMBL1619,CLADRIBINE,Nc1nc(Cl)nc2c1ncn2[C@H]1C[C@H](O)[C@@H](CO)O1,4.0,C10H12ClN5O3,285.69
CHEMBL448343,LESOGABERAN,NC[C@@H](F)C[PH](=O)O,2.0,C3H9FNO2P,141.08
CHEMBL481958,AMRUBICIN HYDROCHLORIDE,CC(=O)[C@]1(N)Cc2c(O)c3c(c(O)c2[C@@H](O[C@H]2C[C@H](O)[C@H](O)CO2)C1)C(=O)c1ccccc1C3=O.Cl,3.0,C25H26ClNO9,519.93
CHEMBL442687,TIOXOLONE,O=c1oc2cc(O)ccc2s1,2.0,C7H4O3S,168.17
CHEMBL1620,DIPHENHYDRAMINE HYDROCHLORIDE,CN(C)CCOC(c1ccccc1)c1ccccc1.Cl,4.0,C17H22ClNO,291.82
CHEMBL1621,PALIPERIDONE,Cc1nc2n(c(=O)c1CCN1CCC(c3noc4cc(F)ccc34)CC1)CCCC2O,4.0,C23H27FN4O3,426.49
CHEMBL495498,MB-05032,CC(C)Cc1sc(N)nc1-c1ccc(P(=O)(O)O)o1,2.0,C11H15N2O4PS,302.29
CHEMBL493873,MEPPEP,COc1cccc([C@H]2C[C@@H](N[C@H](C)c3ccccc3)C(=O)N2c2ccc(C(F)(F)F)cc2)c1,1.0,C26H25F3N2O2,454.49
CHEMBL1622,FOLIC ACID,Nc1nc(=O)c2nc(CNc3ccc(C(=O)N[C@@H](CCC(=O)O)C(=O)O)cc3)cnc2[nH]1,4.0,C19H19N7O6,441.40
CHEMBL494089,GSK-690693,CCn1c(-c2nonc2N)nc2c(C#CC(C)(C)O)ncc(OC[C@H]3CCCNC3)c21,1.0,C21H27N7O3,425.49
CHEMBL494480,ADL-5859,CCN(CC)C(=O)c1ccc(C2=CC3(CCNCC3)Oc3cccc(O)c32)cc1,2.0,C24H28N2O3,392.50
CHEMBL493682,DENOPAMINE,COc1ccc(CCNC[C@H](O)c2ccc(O)cc2)cc1OC,2.0,C18H23NO4,317.39
CHEMBL524004,MEPENZOLATE,C[N+]1(C)CCCC(OC(=O)C(O)(c2ccccc2)c2ccccc2)C1,4.0,C21H26NO3+,340.44
CHEMBL1623,MECLIZINE,Cc1cccc(CN2CCN(C(c3ccccc3)c3ccc(Cl)cc3)CC2)c1,4.0,C25H27ClN2,390.96
CHEMBL1624,LEVOTHYROXINE,N[C@@H](Cc1cc(I)c(Oc2cc(I)c(O)c(I)c2)c(I)c1)C(=O)O,4.0,C15H11I4NO4,776.87
CHEMBL500576,TEMOPORFIN,Oc1cccc(-c2c3nc(c(-c4cccc(O)c4)c4ccc([nH]4)c(-c4cccc(O)c4)c4nc(c(-c5cccc(O)c5)c5ccc2[nH]5)CC4)C=C3)c1,4.0,C44H32N4O4,680.76
CHEMBL1625,OXYBENZONE,COc1ccc(C(=O)c2ccccc2)c(O)c1,4.0,C14H12O3,228.25
CHEMBL522173,AMINDOCATE,Cc1c(C)n(CCN(C)C)c2ccc(C(=O)OCCN(C)C)cc12,2.0,C19H29N3O2,331.46
CHEMBL1626,CLEMASTINE,CN1CCC[C@@H]1CCO[C@](C)(c1ccccc1)c1ccc(Cl)cc1,4.0,C21H26ClNO,343.90
CHEMBL523367,METHOXYVERAPAMIL,COc1cc(C(C#N)(CCCN(C)CCc2ccccc2)C(C)C)cc(OC)c1OC,2.0,C26H36N2O3,424.59
CHEMBL521686,OLAPARIB,O=C(c1cc(Cc2n[nH]c(=O)c3ccccc23)ccc1F)N1CCN(C(=O)C2CC2)CC1,4.0,C24H23FN4O3,434.47
CHEMBL494521,TIPINDOLE,CN(C)CCOC(=O)c1ccc2[nH]c3c(c2c1)CSCC3,2.0,C16H20N2O2S,304.42
CHEMBL493287,GLUCOSAMINE,N[C@H]1C(O)O[C@H](CO)[C@@H](O)[C@@H]1O,4.0,C6H13NO5,179.17
CHEMBL521851,PICTILISIB,CS(=O)(=O)N1CCN(Cc2cc3nc(-c4cccc5[nH]ncc45)nc(N4CCOCC4)c3s2)CC1,2.0,C23H27N7O3S2,513.65
CHEMBL518520,RALTEGRAVIR POTASSIUM,Cc1nnc(C(=O)NC(C)(C)c2nc(C(=O)NCc3ccc(F)cc3)c([O-])c(=O)n2C)o1.[K+],4.0,C20H20FKN6O5,482.51
CHEMBL459505,TALAROZOLE,CCC(CC)C(c1ccc(Nc2nc3ccccc3s2)cc1)n1cncn1,2.0,C21H23N5S,377.52
CHEMBL460785,DUVOGLUSTAT HYDROCHLORIDE,Cl.OC[C@H]1NC[C@H](O)[C@@H](O)[C@@H]1O,2.0,C6H14ClNO4,199.63
CHEMBL508360,ILS-920,CO[C@@H]1C/C(C)=C\[C@H]2CC[C@@H]([C@@H](C)C[C@@H](C)C(=O)[C@H](OC)[C@H](O)/C(C)=C/[C@@H](C)C(=O)C[C@@H]([C@H](C)C[C@@H]3CC[C@@H](O)[C@H](OC)C3)OC(=O)[C@@H]3CCCCN3C(=O)C(=O)[C@]3(O)O[C@@H](CC[C@H]3C)C1)N(c1ccccc1)O2,1.0,C58H88N2O14,1037.34
CHEMBL447664,VIPADENANT,Cc1cc(Cn2nnc3c(-c4ccco4)nc(N)nc32)ccc1N,2.0,C16H15N7O,321.34
CHEMBL443605,HEXYLRESORCINOL,CCCCCCc1ccc(O)cc1O,4.0,C12H18O2,194.27
CHEMBL459324,DIACETYLMORPHINE,CC(=O)Oc1ccc2c3c1O[C@H]1[C@@H](OC(C)=O)C=C[C@H]4[C@@H](C2)N(C)CC[C@@]341,3.0,C21H23NO5,369.42
CHEMBL465123,SEPROXETINE,NCC[C@H](Oc1ccc(C(F)(F)F)cc1)c1ccccc1,2.0,C16H16F3NO,295.30
CHEMBL481949,ZAPNOMETINIB,O=C(O)c1ccc(F)c(F)c1Nc1ccc(I)cc1Cl,2.0,C13H7ClF2INO2,409.56
CHEMBL520613,ALBITIAZOLIUM BROMIDE,Cc1c(CCO)sc[n+]1CCCCCCCCCCCC[n+]1csc(CCO)c1C.[Br-].[Br-],2.0,C24H42Br2N2O2S2,614.55
CHEMBL481611,ODANACATIB,CC(C)(F)C[C@H](N[C@@H](c1ccc(-c2ccc(S(C)(=O)=O)cc2)cc1)C(F)(F)F)C(=O)NC1(C#N)CC1,3.0,C25H27F4N3O3S,525.57
CHEMBL480558,GSI-136,CCC(CC)[C@@H](CO)NS(=O)(=O)c1ccc(Cl)s1,1.0,C11H18ClNO3S2,311.86
CHEMBL474635,AMXT-1501,CCCCCCCCCCCCCCCC(=O)NCCCC[C@@H](N)C(=O)NCCCNCCCCNCCCN,1.0,C32H68N6O2,568.94
CHEMBL475786,EMBECONAZOLE,C[C@@H](S[C@H]1CO[C@H](/C=C/C=C/c2ccc(C#N)cc2F)OC1)[C@](O)(Cn1cncn1)c1ccc(F)cc1F,2.0,C27H25F3N4O3S,542.58
CHEMBL500826,SODIUM PROPIONATE,CCC(=O)[O-].[Na+],2.0,C3H5NaO2,96.06
CHEMBL492399,VERUBULIN,COc1ccc(N(C)c2nc(C)nc3ccccc23)cc1,2.0,C17H17N3O,279.34
CHEMBL493737,METHYLINOSITOL,CO[C@H]1[C@H](O)[C@@H](O)[C@@H](O)[C@H](O)[C@@H]1O,2.0,C7H14O6,194.18
CHEMBL450044,SERGLIFLOZIN ETABONATE,CCOC(=O)OC[C@H]1O[C@@H](Oc2ccccc2Cc2ccc(OC)cc2)[C@H](O)[C@@H](O)[C@@H]1O,2.0,C23H28O9,448.47
CHEMBL522038,XIMELAGATRAN,CCOC(=O)CN[C@@H](C(=O)N1CC[C@H]1C(=O)NCc1ccc(/C(N)=N\O)cc1)C1CCCCC1,4.0,C24H35N5O5,473.57
CHEMBL1632,CEPHALOTHIN SODIUM,CC(=O)OCC1=C(C(=O)[O-])N2C(=O)[C@@H](NC(=O)Cc3cccs3)[C@H]2SC1.[Na+],4.0,C16H15N2NaO6S2,418.43
CHEMBL494760,ORMETOPRIM,COc1cc(C)c(Cc2cnc(N)nc2N)cc1OC,2.0,C14H18N4O2,274.32
CHEMBL504652,TC-2216,c1cncc(N2CCC3(CCCN3)C2)c1,1.0,C12H17N3,203.29
CHEMBL1633,KETOTIFEN FUMARATE,CN1CCC(=C2c3ccccc3CC(=O)c3sccc32)CC1.O=C(O)/C=C/C(=O)O,4.0,C23H23NO5S,425.51
CHEMBL449158,BRYOSTATIN 1,CCC/C=C/C=C/C(=O)O[C@H]1/C(=C/C(=O)OC)C[C@H]2C[C@H]([C@@H](C)O)OC(=O)C[C@H](O)C[C@@H]3C[C@H](OC(C)=O)C(C)(C)[C@](O)(C[C@@H]4C/C(=C/C(=O)OC)C[C@H](/C=C/C(C)(C)[C@]1(O)O2)O4)O3,2.0,C47H68O17,905.04
CHEMBL467058,LANINAMIVIR OCTANOATE,CCCCCCCC(=O)OC[C@@H](O)[C@@H](OC)[C@@H]1OC(C(=O)O)=C[C@H](NC(=N)N)[C@H]1NC(C)=O,4.0,C21H36N4O8,472.54
CHEMBL466246,LANINAMIVIR,CO[C@@H]([C@@H]1OC(C(=O)O)=C[C@H](NC(=N)N)[C@H]1NC(C)=O)[C@H](O)CO,2.0,C13H22N4O7,346.34
CHEMBL467888,LGD-2941,C[C@@H]1CC[C@H]([C@@H](O)C(F)(F)F)N1c1ccc2[nH]c(=O)cc(C(F)(F)F)c2c1,1.0,C17H16F6N2O2,394.31
CHEMBL466659,PENTAERYTHRITOL TETRANITRATE,O=[N+]([O-])OCC(CO[N+](=O)[O-])(CO[N+](=O)[O-])CO[N+](=O)[O-],3.0,C5H8N4O12,316.14
CHEMBL466660,PENTRINITROL,O=[N+]([O-])OCC(CO)(CO[N+](=O)[O-])CO[N+](=O)[O-],2.0,C5H9N3O10,271.14
CHEMBL466042,OLEYLPHOSPHOCHOLINE,CCCCCCCC/C=C\CCCCCCCCOP(=O)([O-])OCC[N+](C)(C)C,1.0,C23H48NO4P,433.61
CHEMBL1637,GEMCITABINE HYDROCHLORIDE,Cl.Nc1ccn([C@@H]2O[C@H](CO)[C@@H](O)C2(F)F)c(=O)n1,4.0,C9H12ClF2N3O4,299.66
CHEMBL467084,LANICEMINE,N[C@@H](Cc1ccccn1)c1ccccc1,2.0,C13H14N2,198.27
CHEMBL1639,ALISKIREN,COCCCOc1cc(C[C@@H](C[C@H](N)[C@@H](O)C[C@H](C(=O)NCC(C)(C)C(N)=O)C(C)C)C(C)C)ccc1OC,4.0,C30H53N3O6,551.77
CHEMBL474260,CARUBICIN,CC(=O)[C@]1(O)Cc2c(O)c3c(c(O)c2[C@@H](O[C@H]2C[C@H](N)[C@H](O)[C@H](C)O2)C1)C(=O)c1c(O)cccc1C3=O,2.0,C26H27NO10,513.50
CHEMBL482035,BICYCLOL,COC(=O)c1cc(OC)c2c(c1-c1c(CO)cc(OC)c3c1OCO3)OCO2,3.0,C19H18O9,390.34
CHEMBL480853,NEOANDROGRAPHOLIDE,C=C1CC[C@@H]2[C@](C)(CO[C@@H]3O[C@H](CO)[C@@H](O)[C@H](O)[C@H]3O)CCC[C@@]2(C)[C@@H]1CCC1=CCOC1=O,2.0,C26H40O8,480.60
CHEMBL1640,TRYPAN BLUE,Cc1cc(-c2ccc(/N=N/c3c(S(=O)(=O)[O-])cc4cc(S(=O)(=O)[O-])cc(N)c4c3O)c(C)c2)ccc1/N=N/c1c(S(=O)(=O)[O-])cc2cc(S(=O)(=O)[O-])cc(N)c2c1O.[Na+].[Na+].[Na+].[Na+],4.0,C34H24N6Na4O14S4,960.82
CHEMBL505268,PAMAQUESIDE,C[C@@H]1CC[C@@]2(OC1)O[C@H]1C[C@H]3[C@@H]4CC[C@H]5C[C@@H](O[C@@H]6O[C@H](CO)[C@@H](O[C@@H]7O[C@H](CO)[C@@H](O)[C@H](O)[C@H]7O)[C@H](O)[C@H]6O)CC[C@]5(C)[C@H]4C(=O)C[C@]3(C)[C@H]1[C@@H]2C,2.0,C39H62O14,754.91
CHEMBL519364,DIMEFLINE,COc1ccc2c(=O)c(C)c(-c3ccccc3)oc2c1CN(C)C,2.0,C20H21NO3,323.39
CHEMBL1641,HYDROCORTISONE PHOSPHORIC ACID,C[C@]12CCC(=O)C=C1CC[C@@H]1[C@@H]2[C@@H](O)C[C@@]2(C)[C@H]1CC[C@]2(O)C(=O)COP(=O)(O)O,4.0,C21H31O8P,442.45
CHEMBL449782,CEPHARANTHINE,COc1ccc2cc1Oc1ccc(cc1)C[C@H]1c3c(cc4c(c3Oc3cc5c(cc3OC)CCN(C)[C@@H]5C2)OCO4)CCN1C,2.0,C37H38N2O6,606.72
CHEMBL485259,EUCALYPTOL,CC12CCC(CC1)C(C)(C)O2,3.0,C10H18O,154.25
CHEMBL451930,PLITIDEPSIN,CC[C@H](C)[C@H]1NC(=O)[C@@H](NC(=O)[C@@H](CC(C)C)N(C)C(=O)[C@@H]2CCCN2C(=O)C(C)=O)[C@@H](C)OC(=O)[C@H](Cc2ccc(OC)cc2)N(C)C(=O)[C@@H]2CCCN2C(=O)[C@H](CC(C)C)NC(=O)[C@@H](C)C(=O)[C@H](C(C)C)OC(=O)C[C@@H]1O,4.0,C57H87N7O15,1110.36
CHEMBL1642,IMATINIB MESYLATE,CS(=O)(=O)O.Cc1ccc(NC(=O)c2ccc(CN3CCN(C)CC3)cc2)cc1Nc1nccc(-c2cccnc2)n1,4.0,C30H35N7O4S,589.72
CHEMBL494039,METOMIDATE,COC(=O)c1cncn1C(C)c1ccccc1,2.0,C13H14N2O2,230.27
CHEMBL501680,BILIRUBIN,C=CC1=C(C)/C(=C/c2[nH]c(Cc3[nH]c(/C=C4\NC(=O)C(C)=C4C=C)c(C)c3CCC(=O)O)c(CCC(=O)O)c2C)NC1=O,1.0,C33H36N4O6,584.67
CHEMBL1643,RIBAVIRIN,NC(=O)c1ncn([C@@H]2O[C@H](CO)[C@@H](O)[C@H]2O)n1,4.0,C8H12N4O5,244.21
CHEMBL1644,CEFADROXIL,CC1=C(C(=O)O)N2C(=O)[C@@H](NC(=O)[C@H](N)c3ccc(O)cc3)[C@H]2SC1,4.0,C16H17N3O5S,363.39
CHEMBL494753,ESTRONE SULFURIC ACID,C[C@]12CC[C@@H]3c4ccc(OS(=O)(=O)O)cc4CC[C@H]3[C@@H]1CCC2=O,4.0,C18H22O5S,350.44
CHEMBL494622,FLURPIRIDAZ,CC(C)(C)n1ncc(OCc2ccc(COCCF)cc2)c(Cl)c1=O,4.0,C18H22ClFN2O3,368.84
CHEMBL493636,SULFANITRAN,CC(=O)Nc1ccc(S(=O)(=O)Nc2ccc([N+](=O)[O-])cc2)cc1,2.0,C14H13N3O5S,335.34
CHEMBL1646,INDOCYANINE GREEN,CC1(C)C(/C=C/C=C/C=C/C=C2\N(CCCCS(=O)(=O)[O-])c3ccc4ccccc4c3C2(C)C)=[N+](CCCCS(=O)(=O)[O-])c2ccc3ccccc3c21.[Na+],4.0,C43H47N2NaO6S2,774.98
CHEMBL496102,AMG-208,COc1ccc2c(OCc3nnc4ccc(-c5ccccc5)nn34)ccnc2c1,2.0,C22H17N5O2,383.41
CHEMBL1648,ISRADIPINE,COC(=O)C1=C(C)NC(C)=C(C(=O)OC(C)C)C1c1cccc2nonc12,4.0,C19H21N3O5,371.39
CHEMBL493982,VORAPAXAR,CCOC(=O)N[C@@H]1CC[C@@H]2[C@@H](C1)C[C@H]1C(=O)O[C@H](C)[C@H]1[C@H]2/C=C/c1ccc(-c2cccc(F)c2)cn1,4.0,C29H33FN2O4,492.59
CHEMBL446918,CLOPIDOL,Cc1nc(C)c(Cl)c(O)c1Cl,2.0,C7H7Cl2NO,192.04
CHEMBL1650,CORTISONE ACETATE,CC(=O)OCC(=O)[C@@]1(O)CC[C@H]2[C@@H]3CCC4=CC(=O)CC[C@]4(C)[C@H]3C(=O)C[C@@]21C,4.0,C23H30O6,402.49
CHEMBL503565,VINBARBITAL,CC/C=C(\C)C1(CC)C(=O)NC(=O)NC1=O,4.0,C11H16N2O3,224.26
CHEMBL513301,TRIMAZOSIN,COc1cc2c(N)nc(N3CCN(C(=O)OCC(C)(C)O)CC3)nc2c(OC)c1OC,2.0,C20H29N5O6,435.48
CHEMBL468837,HEPTABARBITAL,CCC1(C2=CCCCCC2)C(=O)NC(=O)NC1=O,4.0,C13H18N2O3,250.30
CHEMBL468403,QUINOCIDE,COc1cc(NCCCC(C)N)c2ncccc2c1,2.0,C15H21N3O,259.35
CHEMBL468154,SCYLLITOL,O[C@H]1[C@H](O)[C@@H](O)[C@H](O)[C@@H](O)[C@@H]1O,2.0,C6H12O6,180.16
CHEMBL515966,EZLOPITANT,COc1ccc(C(C)C)cc1CN[C@H]1C2CCN(CC2)[C@H]1C(c1ccccc1)c1ccccc1,2.0,C31H38N2O,454.66
CHEMBL477772,PAZOPANIB,Cc1ccc(Nc2nccc(N(C)c3ccc4c(C)n(C)nc4c3)n2)cc1S(N)(=O)=O,4.0,C21H23N7O2S,437.53
CHEMBL509273,FLUOROACETATE,O=C(O)CF,1.0,C2H3FO2,78.04
CHEMBL476323,MK-0249,Cc1nc2cccc(C(F)(F)F)c2c(=O)n1-c1ccc(OCCCN2CCCC2)cc1,2.0,C23H24F3N3O2,431.46
CHEMBL1652,AMBENONIUM,CC[N+](CC)(CCNC(=O)C(=O)NCC[N+](CC)(CC)Cc1ccccc1Cl)Cc1ccccc1Cl,4.0,C28H42Cl2N4O2+2,537.58
CHEMBL476960,VOGLIBOSE,OCC(CO)N[C@H]1C[C@](O)(CO)[C@@H](O)[C@H](O)[C@H]1O,4.0,C10H21NO7,267.28
CHEMBL447977,PACTIMIBE SULFATE,CCCCCCCCN1CCc2c(C)c(CC(=O)O)c(C)c(NC(=O)C(C)(C)C)c21.CCCCCCCCN1CCc2c(C)c(CC(=O)O)c(C)c(NC(=O)C(C)(C)C)c21.O=S(=O)(O)O,2.0,C50H82N4O10S,931.29
CHEMBL478858,PACTIMIBE,CCCCCCCCN1CCc2c(C)c(CC(=O)O)c(C)c(NC(=O)C(C)(C)C)c21,2.0,C25H40N2O3,416.61
CHEMBL501867,VINCRISTINE SULFATE,CC[C@]1(O)C[C@H]2CN(CCc3c([nH]c4ccccc34)[C@@](C(=O)OC)(c3cc4c(cc3OC)N(C=O)[C@H]3[C@@](O)(C(=O)OC)[C@H](OC(C)=O)[C@]5(CC)C=CCN6CC[C@]43[C@@H]65)C2)C1.O=S(=O)(O)O,4.0,C46H58N4O14S,923.05
CHEMBL513909,BI-2536,CC[C@@H]1C(=O)N(C)c2cnc(Nc3ccc(C(=O)NC4CCN(C)CC4)cc3OC)nc2N1C1CCCC1,2.0,C28H39N7O3,521.67
CHEMBL1653,PHENIRAMINE MALEATE,CN(C)CCC(c1ccccc1)c1ccccn1.O=C(O)/C=C\C(=O)O,4.0,C20H24N2O4,356.42
CHEMBL505147,UK-390957,CSc1ccc(Oc2ccc(S(N)(=O)=O)cc2CN(C)C)cc1,2.0,C16H20N2O3S2,352.48
CHEMBL450449,TRABECTEDIN,COc1cc2c(cc1O)CCN[C@]21CS[C@@H]2c3c(OC(C)=O)c(C)c4c(c3[C@H](COC1=O)N1[C@@H]2[C@H]2c3c(cc(C)c(OC)c3O)C[C@@H]([C@@H]1O)N2C)OCO4,4.0,C39H43N3O11S,761.85
CHEMBL496748,IOFOLASTAT,O=C(O)CC[C@H](NC(=O)N[C@@H](CCCCNCc1ccc(I)cc1)C(=O)O)C(=O)O,2.0,C19H26IN3O7,535.34
CHEMBL495727,AT-9283,O=C(Nc1c[nH]nc1-c1nc2ccc(CN3CCOCC3)cc2[nH]1)NC1CC1,2.0,C19H23N7O2,381.44
CHEMBL498416,L-KYNURENINE,Nc1ccccc1C(=O)C[C@H](N)C(=O)O,1.0,C10H12N2O3,208.22
CHEMBL506871,VELIPARIB,C[C@]1(c2nc3c(C(N)=O)cccc3[nH]2)CCCN1,3.0,C13H16N4O,244.30
CHEMBL496978,IOFOLASTAT I 123,O=C(O)CC[C@H](NC(=O)N[C@@H](CCCCNCc1ccc([123I])cc1)C(=O)O)C(=O)O,2.0,C19H26IN3O7,531.34
CHEMBL498623,MIP-1095 I-123,O=C(O)CC[C@H](NC(=O)N[C@@H](CCCCNC(=O)Nc1ccc([123I])cc1)C(=O)O)C(=O)O,1.0,C19H25IN4O8,560.33
CHEMBL1654,RISEDRONATE SODIUM,O=P([O-])(O)C(O)(Cc1cccnc1)P(=O)(O)O.[Na+],4.0,C7H10NNaO7P2,305.10
CHEMBL522892,DOVITINIB,CN1CCN(c2ccc3nc(-c4c(N)c5c(F)cccc5[nH]c4=O)[nH]c3c2)CC1,3.0,C21H21FN6O,392.44
CHEMBL523900,MELETIMIDE,Cc1ccc(CN2CCC(C3(c4ccccc4)CCC(=O)NC3=O)CC2)cc1,2.0,C24H28N2O2,376.50
CHEMBL1655,TOREMIFENE,CN(C)CCOc1ccc(/C(=C(/CCCl)c2ccccc2)c2ccccc2)cc1,4.0,C26H28ClNO,405.97
CHEMBL456029,MIP-1095,O=C(O)CC[C@H](NC(=O)N[C@@H](CCCCNC(=O)Nc1ccc(I)cc1)C(=O)O)C(=O)O,1.0,C19H25IN4O8,564.33
CHEMBL1657,TAZAROTENE,CCOC(=O)c1ccc(C#Cc2ccc3c(c2)C(C)(C)CCS3)nc1,4.0,C21H21NO2S,351.47
CHEMBL467399,BIIB021,COc1c(C)cnc(Cn2cnc3c(Cl)nc(N)nc32)c1C,2.0,C14H15ClN6O,318.77
CHEMBL456071,HALOFENATE,CC(=O)NCCOC(=O)C(Oc1cccc(C(F)(F)F)c1)c1ccc(Cl)cc1,2.0,C19H17ClF3NO4,415.80
CHEMBL1658,RETAPAMULIN,C=C[C@]1(C)C[C@@H](OC(=O)CS[C@@H]2C[C@H]3CC[C@@H](C2)N3C)[C@]2(C)[C@H](C)CC[C@]3(CCC(=O)[C@H]32)[C@@H](C)[C@@H]1O,4.0,C30H47NO4S,517.78
CHEMBL458875,CLEVUDINE,Cc1cn([C@H]2O[C@@H](CO)[C@H](O)[C@H]2F)c(=O)[nH]c1=O,3.0,C10H13FN2O5,260.22
CHEMBL458876,AMDOXOVIR,Nc1nc(N)c2ncn([C@H]3CO[C@@H](CO)O3)c2n1,2.0,C9H12N6O3,252.23
CHEMBL1659,CHLORPHENIRAMINE MALEATE,CN(C)CCC(c1ccc(Cl)cc1)c1ccccn1.O=C(O)/C=C\C(=O)O,4.0,C20H23ClN2O4,390.87
CHEMBL452461,PERZINFOTEL,O=c1c2c(c1=O)N(CCP(=O)(O)O)CCCN2,2.0,C9H13N2O5P,260.19
CHEMBL501122,CEFTAROLINE FOSAMIL,CCO/N=C(\C(=O)N[C@@H]1C(=O)N2C(C(=O)[O-])=C(Sc3nc(-c4cc[n+](C)cc4)cs3)CS[C@H]12)c1nsc(NP(=O)(O)O)n1,4.0,C22H21N8O8PS4,684.70
CHEMBL1660,RIFAPENTINE,CO[C@H]1/C=C/O[C@@]2(C)Oc3c(C)c(O)c4c(O)c(c(/C=N/N5CCN(C6CCCC6)CC5)c(O)c4c3C2=O)NC(=O)/C(C)=C\C=C\[C@H](C)[C@H](O)[C@@H](C)[C@@H](O)[C@@H](C)[C@H](OC(C)=O)[C@@H]1C,4.0,C47H64N4O12,877.04
CHEMBL475954,SODIUM CHOLATE,C[C@H](CCC(=O)[O-])[C@H]1CC[C@@H]2[C@]1(C)[C@@H](O)C[C@@H]1[C@@]3(C)CC[C@@H](O)C[C@H]3C[C@@H](O)[C@@]21C.[Na+],2.0,C25H41NaO5,444.59
CHEMBL1661,LACTITOL,OC[C@@H](O)[C@@H](O[C@@H]1O[C@H](CO)[C@H](O)[C@H](O)[C@H]1O)[C@H](O)[C@@H](O)CO,4.0,C12H24O11,344.31
CHEMBL476186,ERIBAXABAN,CO[C@@H]1C[C@H](C(=O)Nc2ccc(-n3ccccc3=O)cc2F)N(C(=O)Nc2ccc(Cl)cc2)C1,2.0,C24H22ClFN4O4,484.92
CHEMBL476632,TENYLIDONE,O=C1/C(=C/c2cccs2)CCC/C1=C\c1cccs1,2.0,C16H14OS2,286.42
CHEMBL513922,EMAPUNIL,CCN(Cc1ccccc1)C(=O)Cn1c(=O)n(C)c2cnc(-c3ccccc3)nc21,2.0,C23H23N5O2,401.47
CHEMBL476413,JHU-75528 C-11,[11CH3]Oc1ccc(-c2c(C#N)c(C(=O)NN3CCCCC3)nn2-c2ccc(Cl)cc2Cl)cc1,1.0,C23H21Cl2N5O2,469.36
CHEMBL498847,SECNIDAZOLE,Cc1ncc([N+](=O)[O-])n1CC(C)O,4.0,C7H11N3O3,185.18
CHEMBL514201,TALMAPIMOD,C[C@@H]1CN(Cc2ccc(F)cc2)[C@@H](C)CN1C(=O)c1cc2c(C(=O)C(=O)N(C)C)cn(C)c2cc1Cl,2.0,C27H30ClFN4O3,513.01
CHEMBL1663,PERFLUTREN,FC(F)(F)C(F)(F)C(F)(F)F,4.0,C3F8,188.02
CHEMBL477874,FLUROTHYL,FC(F)(F)COCC(F)(F)F,2.0,C4H4F6O,182.06
CHEMBL514215,JHU-75528,COc1ccc(-c2c(C#N)c(C(=O)NN3CCCCC3)nn2-c2ccc(Cl)cc2Cl)cc1,1.0,C23H21Cl2N5O2,470.36
CHEMBL522783,AMBRUTICIN,CC[C@H]1O[C@@H](/C(C)=C/[C@H](C)/C=C/[C@H]2[C@@H](C)[C@@H]2/C=C/[C@@H]2O[C@H](CC(=O)O)C[C@H](O)[C@H]2O)CC=C1C,2.0,C28H42O6,474.64
CHEMBL523299,UMECLIDINIUM BROMIDE,OC(c1ccccc1)(c1ccccc1)C12CC[N+](CCOCc3ccccc3)(CC1)CC2.[Br-],4.0,C29H34BrNO2,508.50
CHEMBL483254,PANOBINOSTAT,Cc1[nH]c2ccccc2c1CCNCc1ccc(/C=C/C(=O)NO)cc1,4.0,C21H23N3O2,349.43
CHEMBL483465,ELRAGLUSIB,Cn1cc(C2=C(c3coc4ccc(F)cc34)C(=O)NC2=O)c2cc3c(cc21)OCO3,2.0,C22H13FN2O5,404.35
CHEMBL504369,NICOXAMAT,O=C(NO)c1cccnc1,2.0,C6H6N2O2,138.13
CHEMBL489411,AMOROLFINE,CCC(C)(C)c1ccc(CC(C)CN2C[C@@H](C)O[C@@H](C)C2)cc1,4.0,C21H35NO,317.52
CHEMBL1664,FOSAMPRENAVIR,CC(C)CN(C[C@@H](OP(=O)(O)O)[C@H](Cc1ccccc1)NC(=O)O[C@H]1CCOC1)S(=O)(=O)c1ccc(N)cc1,4.0,C25H36N3O9PS,585.62
CHEMBL522580,HEPZIDINE,CN1CCC(OC2c3ccccc3CCc3ccccc32)CC1,2.0,C21H25NO,307.44
CHEMBL490029,MK-0533,CC[C@@H](Oc1cccc(-n2c(C)c(C(=O)c3ccc(OC)cc3)c3ccc(OC(F)(F)F)cc32)c1)C(=O)O,2.0,C28H24F3NO6,527.50
CHEMBL1665,ALBENDAZOLE OXIDE,CCC[S+]([O-])c1ccc2[nH]c(NC(=O)OC)nc2c1,2.0,C12H15N3O3S,281.34
CHEMBL488937,CG-400549,Cc1c(N)cccc1Cn1ccc(OCCc2cccs2)cc1=O,2.0,C19H20N2O2S,340.45
CHEMBL486696,DOMIPHEN BROMIDE,CCCCCCCCCCCC[N+](C)(C)CCOc1ccccc1.[Br-],2.0,C22H40BrNO,414.47
CHEMBL457547,MICAFUNGIN,CCCCCOc1ccc(-c2cc(-c3ccc(C(=O)N[C@H]4C[C@@H](O)[C@@H](O)NC(=O)[C@@H]5[C@@H](O)[C@@H](C)CN5C(=O)[C@H]([C@H](O)CC(N)=O)NC(=O)[C@H]([C@H](O)[C@@H](O)c5ccc(O)c(OS(=O)(=O)O)c5)NC(=O)[C@@H]5C[C@@H](O)CN5C(=O)[C@H]([C@@H](C)O)NC4=O)cc3)no2)cc1,4.0,C56H71N9O23S,1270.29
CHEMBL497011,LINAPRAZAN,Cc1cccc(C)c1CNc1cc(C(=O)NCCO)cn2c(C)c(C)nc12,2.0,C21H26N4O2,366.47
CHEMBL454801,UBIDECARENONE,COC1=C(OC)C(=O)C(C/C=C(\C)CC/C=C(\C)CC/C=C(\C)CC/C=C(\C)CC/C=C(\C)CC/C=C(\C)CC/C=C(\C)CC/C=C(\C)CC/C=C(\C)CCC=C(C)C)=C(C)C1=O,3.0,C59H90O4,863.36
CHEMBL508583,TRODUSQUEMINE,CC(C)[C@@H](CC[C@@H](C)[C@H]1CC[C@H]2[C@@H]3[C@H](O)C[C@H]4C[C@@H](NCCCNCCCCNCCCN)CC[C@]4(C)[C@H]3CC[C@]12C)OS(=O)(=O)O,2.0,C37H72N4O5S,685.07
CHEMBL444929,SQUALAMINE,CC(C)[C@@H](CC[C@@H](C)[C@H]1CC[C@H]2[C@@H]3[C@H](O)C[C@H]4C[C@@H](NCCCNCCCCN)CC[C@]4(C)[C@H]3CC[C@]12C)OS(=O)(=O)O,3.0,C34H65N3O5S,627.98
CHEMBL496634,DOCOSAPENTAENOIC ACID,CC/C=C\C/C=C\C/C=C\C/C=C\C/C=C\CCCCCC(=O)O,2.0,C22H34O2,330.51
CHEMBL501174,LYCOPENE,CC(C)=CCC/C(C)=C/C=C/C(C)=C/C=C/C(C)=C/C=C/C=C(C)/C=C/C=C(C)/C=C/C=C(\C)CCC=C(C)C,3.0,C40H56,536.89
CHEMBL1668,RESCINNAMINE,COC(=O)[C@H]1[C@H]2C[C@@H]3c4[nH]c5cc(OC)ccc5c4CCN3C[C@H]2C[C@@H](OC(=O)/C=C/c2cc(OC)c(OC)c(OC)c2)[C@@H]1OC,4.0,C35H42N2O9,634.73
CHEMBL464982,GAMOLENIC ACID,CCCCC/C=C\C/C=C\C/C=C\CCCCC(=O)O,3.0,C18H30O2,278.44
CHEMBL465183,DIHOMO-GAMMA-LINOLENIC ACID,CCCCC/C=C\C/C=C\C/C=C\CCCCCCC(=O)O,2.0,C20H34O2,306.49
CHEMBL459265,HEXAMETHYL PARAROSANILINE,CN(C)c1ccc(C(=C2C=CC(=[N+](C)C)C=C2)c2ccc(N(C)C)cc2)cc1,4.0,C25H30N3+,372.54
CHEMBL1670,MITOTANE,Clc1ccc(C(c2ccccc2Cl)C(Cl)Cl)cc1,4.0,C14H10Cl4,320.05
CHEMBL464792,TRANSCROCETIN,CC(/C=C/C=C(\C)C(=O)O)=C\C=C\C=C(C)\C=C\C=C(/C)C(=O)O,3.0,C20H24O4,328.41
CHEMBL540445,PARTHENOLIDE,C=C1C(=O)O[C@H]2[C@H]1CC/C(C)=C/CC[C@@]1(C)O[C@@H]21,2.0,C15H20O3,248.32
CHEMBL1671,PROPRANOLOL HYDROCHLORIDE,CC(C)NCC(O)COc1cccc2ccccc12.Cl,4.0,C16H22ClNO2,295.81
CHEMBL1672,CEFPODOXIME,COCC1=C(C(=O)O)N2C(=O)[C@@H](NC(=O)/C(=N\OC)c3csc(N)n3)[C@H]2SC1,4.0,C15H17N5O6S2,427.46
CHEMBL454446,CEFDITOREN PIVOXIL,CO/N=C(\C(=O)N[C@@H]1C(=O)N2C(C(=O)OCOC(=O)C(C)(C)C)=C(/C=C\c3scnc3C)CS[C@H]12)c1csc(N)n1,4.0,C25H28N6O7S3,620.74
CHEMBL478120,MARBOFLOXACIN,CN1CCN(c2c(F)cc3c(=O)c(C(=O)O)cn4c3c2OCN4C)CC1,2.0,C17H19FN4O4,362.36
CHEMBL477278,FLORETYROSINE F18,N[C@@H](Cc1ccc(OCC[18F])cc1)C(=O)O,2.0,C11H14FNO3,226.24
CHEMBL507282,DENUFOSOL,Nc1ccn([C@H]2C[C@H](O)[C@@H](COP(=O)(O)OP(=O)(O)OP(=O)(O)OP(=O)(O)OC[C@H]3O[C@@H](n4ccc(=O)[nH]c4=O)[C@H](O)[C@@H]3O)O2)c(=O)n1,3.0,C18H27N5O21P4,773.32
CHEMBL520642,CEFTOBIPROLE,Nc1nc(/C(=N/O)C(=O)N[C@@H]2C(=O)N3C(C(=O)O)=C(/C=C4\CCN([C@@H]5CCNC5)C4=O)CS[C@H]23)ns1,2.0,C20H22N8O6S2,534.58
CHEMBL443684,NAVITOCLAX,CC1(C)CCC(c2ccc(Cl)cc2)=C(CN2CCN(c3ccc(C(=O)NS(=O)(=O)c4ccc(N[C@H](CCN5CCOCC5)CSc5ccccc5)c(S(=O)(=O)C(F)(F)F)c4)cc3)CC2)C1,3.0,C47H55ClF3N5O6S3,974.63
CHEMBL518924,MAVORIXAFOR,NCCCCN(Cc1nc2ccccc2[nH]1)[C@H]1CCCc2cccnc21,4.0,C21H27N5,349.48
CHEMBL1675,VITAMIN A PALMITATE,CCCCCCCCCCCCCCCC(=O)OC/C=C(C)/C=C/C=C(C)/C=C/C1=C(C)CCCC1(C)C,4.0,C36H60O2,524.87
CHEMBL1676,FLUTICASONE FUROATE,C[C@@H]1C[C@H]2[C@@H]3C[C@H](F)C4=CC(=O)C=C[C@]4(C)[C@@]3(F)[C@@H](O)C[C@]2(C)[C@@]1(OC(=O)c1ccco1)C(=O)SCF,4.0,C27H29F3O6S,538.58
CHEMBL1677,TACRINE HYDROCHLORIDE,Cl.Nc1c2c(nc3ccccc13)CCCC2,4.0,C13H15ClN2,234.73
CHEMBL1678,DONEPEZIL HYDROCHLORIDE,COc1cc2c(cc1OC)C(=O)C(CC1CCN(Cc3ccccc3)CC1)C2.Cl,4.0,C24H30ClNO3,415.96
CHEMBL445472,16.ALPHA.-BROMOEPIANDROSTERONE,C[C@]12CC[C@H](O)C[C@@H]1CC[C@@H]1[C@@H]2CC[C@]2(C)C(=O)[C@H](Br)C[C@@H]12,1.0,C19H29BrO2,369.34
CHEMBL483321,CP-724714,COCC(=O)NC/C=C/c1ccc2ncnc(Nc3ccc(Oc4ccc(C)nc4)c(C)c3)c2c1,2.0,C27H27N5O3,469.55
CHEMBL507674,CEFOPERAZONE,CCN1CCN(C(=O)N[C@@H](C(=O)N[C@@H]2C(=O)N3C(C(=O)O)=C(CSc4nnnn4C)CS[C@H]23)c2ccc(O)cc2)C(=O)C1=O,4.0,C25H27N9O8S2,645.68
CHEMBL503356,PRAXADINE,N=C(N)n1cccn1,2.0,C4H6N4,110.12
CHEMBL451635,OBIDOXIME,O/N=C/c1cc[n+](COC[n+]2ccc(/C=N/O)cc2)cc1,2.0,C14H16N4O3+2,288.31
CHEMBL1679,LEUCOVORIN,Nc1nc(=O)c2c([nH]1)NCC(CNc1ccc(C(=O)N[C@@H](CCC(=O)O)C(=O)O)cc1)N2C=O,4.0,C20H23N7O7,473.45
CHEMBL498485,ICARITIN,COc1ccc(-c2oc3c(CC=C(C)C)c(O)cc(O)c3c(=O)c2O)cc1,3.0,C21H20O6,368.39
CHEMBL498672,CANNABIDIOLIC ACID,C=C(C)[C@@H]1CCC(C)=C[C@H]1c1c(O)cc(CCCCC)c(C(=O)O)c1O,2.0,C22H30O4,358.48
CHEMBL497318,CANNABIGEROL,CCCCCc1cc(O)c(C/C=C(\C)CCC=C(C)C)c(O)c1,2.0,C21H32O2,316.49
CHEMBL445813,AT-7519,O=C(NC1CCNCC1)c1n[nH]cc1NC(=O)c1c(Cl)cccc1Cl,2.0,C16H17Cl2N5O2,382.25
CHEMBL456341,LENABASUM,CCCCCCC(C)(C)c1cc(O)c2c(c1)OC(C)(C)[C@@H]1CC=C(C(=O)O)C[C@@H]21,3.0,C25H36O4,400.56
CHEMBL1681,IODOHIPPURATE,O=C(O)CNC(=O)c1ccccc1I,4.0,C9H8INO3,305.07
CHEMBL1682,SORBITOL,OC[C@@H](O)[C@@H](O)[C@H](O)[C@@H](O)CO,4.0,C6H14O6,182.17
CHEMBL485549,NIFURSOL,O=C(N/N=C/c1ccc([N+](=O)[O-])o1)c1cc([N+](=O)[O-])cc([N+](=O)[O-])c1O,2.0,C12H7N5O9,365.21
CHEMBL485629,MK-0873,O=C(NC1CC1)c1cn(-c2cccc(C#Cc3ccc[n+]([O-])c3)c2)c2ncccc2c1=O,2.0,C25H18N4O3,422.44
CHEMBL490665,NALFURAFINE HYDROCHLORIDE,CN(C(=O)/C=C/c1ccoc1)[C@@H]1CC[C@@]2(O)[C@H]3Cc4ccc(O)c5c4[C@@]2(CCN3CC2CC2)[C@H]1O5.Cl,4.0,C28H33ClN2O5,513.03
CHEMBL501259,ERITORAN,CCCCCC/C=C\CCCCCCCCCC(=O)N[C@H]1[C@H](OC[C@H]2O[C@H](OP(=O)(O)O)[C@H](NC(=O)CC(=O)CCCCCCCCCCC)[C@@H](OCCCCCCCCCC)[C@@H]2O)O[C@H](COC)[C@@H](OP(=O)(O)O)[C@@H]1OCC[C@@H](CCCCCCC)OC,3.0,C66H126N2O19P2,1313.68
CHEMBL1683,HYDROCORTISONE BUTYRATE,CCCC(=O)O[C@]1(C(=O)CO)CC[C@H]2[C@@H]3CCC4=CC(=O)CC[C@]4(C)[C@H]3[C@@H](O)C[C@@]21C,4.0,C25H36O6,432.56
CHEMBL514446,DEHYDROCHOLIC ACID,C[C@H](CCC(=O)O)[C@H]1CC[C@H]2[C@@H]3C(=O)C[C@@H]4CC(=O)CC[C@]4(C)[C@H]3CC(=O)[C@]12C,2.0,C24H34O5,402.53
CHEMBL514270,EMICERFONT,COc1ccc(N2CCc3c(-n4ccc(N5CCNC5=O)n4)cc(C)nc32)c(C)c1,2.0,C22H24N6O2,404.47
CHEMBL502182,ELAGOLIX SODIUM,COc1cccc(-c2c(C)n(Cc3c(F)cccc3C(F)(F)F)c(=O)n(C[C@H](NCCCC(=O)[O-])c3ccccc3)c2=O)c1F.[Na+],4.0,C32H29F5N3NaO5,653.58
CHEMBL1684,BENDROFLUMETHIAZIDE,NS(=O)(=O)c1cc2c(cc1C(F)(F)F)NC(Cc1ccccc1)NS2(=O)=O,4.0,C15H14F3N3O4S2,421.42
CHEMBL463981,BEGACESTAT,O=S(=O)(N[C@H](CO)C(C(F)(F)F)C(F)(F)F)c1ccc(Cl)s1,2.0,C9H8ClF6NO3S2,391.74
CHEMBL462990,SULFAMONOMETHOXINE,COc1cc(NS(=O)(=O)c2ccc(N)cc2)ncn1,2.0,C11H12N4O3S,280.31
CHEMBL456237,LXR-623,Fc1ccc(-c2c3cccc(C(F)(F)F)c3nn2Cc2ccc(F)cc2Cl)cc1,1.0,C21H12ClF5N2,422.78
CHEMBL520400,BAMIPINE,CN1CCC(N(Cc2ccccc2)c2ccccc2)CC1,2.0,C19H24N2,280.42
CHEMBL485696,SULFISOMIDINE,Cc1cc(NS(=O)(=O)c2ccc(N)cc2)nc(C)n1,4.0,C12H14N4O2S,278.34
CHEMBL485940,SULFAMETOMIDINE,COc1cc(NS(=O)(=O)c2ccc(N)cc2)nc(C)n1,2.0,C12H14N4O3S,294.34
CHEMBL448399,HYDROXYTOLUIC ACID,Cc1cccc(C(=O)O)c1O,2.0,C8H8O3,152.15
CHEMBL503160,FUMARIC ACID,O=C(O)/C=C/C(=O)O,3.0,C4H4O4,116.07
CHEMBL508102,CARBIMAZOLE,CCOC(=O)n1ccn(C)c1=S,4.0,C7H10N2O2S,186.24
CHEMBL444172,ZOSUQUIDAR,O[C@@H](COc1cccc2ncccc12)CN1CCN([C@@H]2c3ccccc3[C@@H]3[C@H](c4ccccc42)C3(F)F)CC1,3.0,C32H31F2N3O2,527.62
CHEMBL469328,AMOCARZINE,CN1CCN(C(=S)Nc2ccc(Nc3ccc([N+](=O)[O-])cc3)cc2)CC1,2.0,C18H21N5O2S,371.47
CHEMBL513389,ZENIDOLOL,Cc1ccc(OCC(O)C(C)NC(C)C)c2c1CCC2,2.0,C17H27NO2,277.41
CHEMBL471638,VALROCEMIDE,CCCC(CCC)C(=O)NCC(N)=O,2.0,C10H20N2O2,200.28
CHEMBL479527,TORCETRAPIB,CCOC(=O)N1c2ccc(C(F)(F)F)cc2[C@@H](N(Cc2cc(C(F)(F)F)cc(C(F)(F)F)c2)C(=O)OC)C[C@H]1CC,3.0,C26H25F9N2O4,600.48
CHEMBL517427,NILVADIPINE,COC(=O)C1=C(C#N)NC(C)=C(C(=O)OC(C)C)C1c1cccc([N+](=O)[O-])c1,3.0,C19H19N3O6,385.38
CHEMBL1685,DEZOCINE,C[C@@]12CCCCC[C@@H](Cc3ccc(O)cc31)[C@@H]2N,4.0,C16H23NO,245.37
CHEMBL509336,RACTOPAMINE,CC(CCc1ccc(O)cc1)NCC(O)c1ccc(O)cc1,2.0,C18H23NO3,301.39
CHEMBL515408,MARIBAVIR,CC(C)Nc1nc2cc(Cl)c(Cl)cc2n1[C@H]1O[C@@H](CO)[C@H](O)[C@@H]1O,4.0,C15H19Cl2N3O4,376.24
CHEMBL475717,5-METHYL-2'-FLUOROARAURACIL,Cc1cn([C@@H]2O[C@H](CO)[C@@H](O)[C@@H]2F)c(=O)[nH]c1=O,1.0,C10H13FN2O5,260.22
CHEMBL447955,SERLOPITANT,C[C@@H](O[C@H]1CC[C@@H]2CN(C3=CC(=O)CC3)C[C@H]2[C@@H]1c1ccc(F)cc1)c1cc(C(F)(F)F)cc(C(F)(F)F)c1,3.0,C29H28F7NO2,555.53
CHEMBL483158,ALISERTIB,COc1cc(Nc2ncc3c(n2)-c2ccc(Cl)cc2C(c2c(F)cccc2OC)=NC3)ccc1C(=O)O,3.0,C27H20ClFN4O4,518.93
CHEMBL482767,SNS-314,O=C(Nc1cccc(Cl)c1)Nc1ncc(CCNc2ncnc3ccsc23)s1,1.0,C18H15ClN6OS2,430.95
CHEMBL482967,CYC-116,Cc1nc(N)sc1-c1ccnc(Nc2ccc(N3CCOCC3)cc2)n1,1.0,C18H20N6OS,368.47
CHEMBL482968,ENMD-2076,Cc1cc(Nc2cc(N3CCN(C)CC3)nc(/C=C/c3ccccc3)n2)n[nH]1,2.0,C21H25N7,375.48
CHEMBL484785,CRISABOROLE,N#Cc1ccc(Oc2ccc3c(c2)COB3O)cc1,4.0,C14H10BNO3,251.05
CHEMBL482950,PEXACERFONT,CC[C@@H](C)Nc1nc(C)nc2c(-c3ccc(OC)nc3C)c(C)nn12,3.0,C18H24N6O,340.43
CHEMBL519504,ALEGLITAZAR,CO[C@@H](Cc1ccc(OCCc2nc(-c3ccccc3)oc2C)c2ccsc12)C(=O)O,3.0,C24H23NO5S,437.52
CHEMBL519846,RO-0622,[N-]=[N+]=N[C@]1(CO)O[C@@H](n2ccc(N)nc2=O)[C@@H](F)[C@@H]1O,3.0,C9H11FN6O4,286.22
CHEMBL504535,IMRECOXIB,CCCN1CC(c2ccc(S(C)(=O)=O)cc2)=C(c2ccc(C)cc2)C1=O,1.0,C21H23NO3S,369.49
CHEMBL471036,LITOXETINE,c1ccc2cc(COC3CCNCC3)ccc2c1,2.0,C16H19NO,241.33
CHEMBL501916,LODENOSINE,Nc1ncnc2c1ncn2[C@@H]1O[C@H](CO)C[C@@H]1F,2.0,C10H12FN5O2,253.24
CHEMBL500853,HPPH,CCCCCCOC(C)c1c(C)c2cc3nc(c4c5[nH]c(cc6nc(cc1[nH]2)C(C)=C6CC)c(C)c5C(=O)C4)[C@@H](CCC(=O)O)[C@@H]3C,2.0,C39H48N4O4,636.84
CHEMBL502835,NINTEDANIB,COC(=O)c1ccc2c(c1)NC(=O)/C2=C(\Nc1ccc(N(C)C(=O)CN2CCN(C)CC2)cc1)c1ccccc1,4.0,C31H33N5O4,539.64
CHEMBL497939,CYTISINICLINE,O=c1cccc2n1C[C@@H]1CNC[C@H]2C1,3.0,C11H14N2O,190.25
CHEMBL447686,GOSSYPOL ACETIC ACID,CC(=O)Oc1c(OC(C)=O)c(C=O)c2c(OC(C)=O)c(-c3c(C)cc4c(C(C)C)c(OC(C)=O)c(OC(C)=O)c(C=O)c4c3OC(C)=O)c(C)cc2c1C(C)C,2.0,C42H42O14,770.78
CHEMBL1689,TOLAZOLINE HYDROCHLORIDE,Cl.c1ccc(CC2=NCCN2)cc1,4.0,C10H13ClN2,196.68
CHEMBL528271,PARBENDAZOLE,CCCCc1ccc2[nH]c(NC(=O)OC)nc2c1,2.0,C13H17N3O2,247.30
CHEMBL586702,ZSTK-474,FC(F)c1nc2ccccc2n1-c1nc(N2CCOCC2)nc(N2CCOCC2)n1,2.0,C19H21F2N7O2,417.42
CHEMBL1690,HYDROXYCHLOROQUINE SULFATE,CCN(CCO)CCCC(C)Nc1ccnc2cc(Cl)ccc12.O=S(=O)(O)O,4.0,C18H28ClN3O5S,433.96
CHEMBL588046,QUININE HYDROCHLORIDE,C=C[C@H]1CN2CC[C@H]1C[C@H]2[C@H](O)c1ccnc2ccc(OC)cc12.Cl,1.0,C20H25ClN2O2,360.89
CHEMBL532998,BROMOFENOFOS,O=P(O)(O)Oc1c(Br)cc(Br)cc1-c1cc(Br)cc(Br)c1O,2.0,C12H7Br4O5P,581.77
CHEMBL531472,HYDROQUINIDINE,CC[C@H]1CN2CC[C@H]1C[C@@H]2[C@@H](O)c1ccnc2ccc(OC)cc12,3.0,C20H26N2O2,326.44
CHEMBL536151,IMD-0354,O=C(Nc1cc(C(F)(F)F)cc(C(F)(F)F)c1)c1cc(Cl)ccc1O,1.0,C15H8ClF6NO2,383.68
CHEMBL534388,TRICLAZATE,CN1CCC(COC(=O)C(O)(c2ccccc2)c2ccccc2)C1,2.0,C20H23NO3,325.41
CHEMBL535650,MEFLOQUINE HYDROCHLORIDE,Cl.OC(c1cc(C(F)(F)F)nc2c(C(F)(F)F)cccc12)C1CCCCN1,4.0,C17H17ClF6N2O,414.78
CHEMBL1691,BETAXOLOL HYDROCHLORIDE,CC(C)NCC(O)COc1ccc(CCOCC2CC2)cc1.Cl,4.0,C18H30ClNO3,343.90
CHEMBL542541,HYDRALAZINE HYDROCHLORIDE,Cl.NNc1nncc2ccccc12,4.0,C8H9ClN4,196.64
CHEMBL544665,FINGOLIMOD HYDROCHLORIDE,CCCCCCCCc1ccc(CCC(N)(CO)CO)cc1.Cl,4.0,C19H34ClNO2,343.94
CHEMBL1692,IMIPRAMINE HYDROCHLORIDE,CN(C)CCCN1c2ccccc2CCc2ccccc21.Cl,4.0,C19H25ClN2,316.88
CHEMBL1693,DIETHYLPROPION HYDROCHLORIDE,CCN(CC)C(C)C(=O)c1ccccc1.Cl,4.0,C13H20ClNO,241.76
CHEMBL1694,BENAZEPRIL HYDROCHLORIDE,CCOC(=O)[C@H](CCc1ccccc1)N[C@H]1CCc2ccccc2N(CC(=O)O)C1=O.Cl,4.0,C24H29ClN2O5,460.96
CHEMBL542103,NEVANIMIBE HYDROCHLORIDE,CC(C)c1cccc(C(C)C)c1NC(=O)NCC1(c2ccc(N(C)C)cc2)CCCC1.Cl,2.0,C27H40ClN3O,458.09
CHEMBL1695,TIAGABINE HYDROCHLORIDE,Cc1ccsc1C(=CCCN1CCC[C@@H](C(=O)O)C1)c1sccc1C.Cl,4.0,C20H26ClNO2S2,412.02
CHEMBL1696,DESIPRAMINE HYDROCHLORIDE,CNCCCN1c2ccccc2CCc2ccccc21.Cl,4.0,C18H23ClN2,302.85
CHEMBL545437,AMIBEGRON HYDROCHLORIDE,CCOC(=O)COc1ccc2c(c1)C[C@@H](NC[C@H](O)c1cccc(Cl)c1)CC2.Cl,3.0,C22H27Cl2NO4,440.37
CHEMBL1697,DILTIAZEM HYDROCHLORIDE,COc1ccc([C@@H]2Sc3ccccc3N(CCN(C)C)C(=O)[C@@H]2OC(C)=O)cc1.Cl,4.0,C22H27ClN2O4S,450.99
CHEMBL1698,BUPROPION HYDROCHLORIDE,CC(NC(C)(C)C)C(=O)c1cccc(Cl)c1.Cl,4.0,C13H19Cl2NO,276.21
CHEMBL1699,MEMANTINE HYDROCHLORIDE,CC12CC3CC(C)(C1)CC(N)(C3)C2.Cl,4.0,C12H22ClN,215.77
CHEMBL1700,SOTALOL HYDROCHLORIDE,CC(C)NCC(O)c1ccc(NS(C)(=O)=O)cc1.Cl,4.0,C12H21ClN2O3S,308.83
CHEMBL552659,FLUNARIZINE HYDROCHLORIDE,Cl.Cl.Fc1ccc(C(c2ccc(F)cc2)N2CCN(C/C=C/c3ccccc3)CC2)cc1,2.0,C26H28Cl2F2N2,477.43
CHEMBL1701,MEPERIDINE HYDROCHLORIDE,CCOC(=O)C1(c2ccccc2)CCN(C)CC1.Cl,4.0,C15H22ClNO2,283.80
CHEMBL545315,CANERTINIB DIHYDROCHLORIDE,C=CC(=O)Nc1cc2c(Nc3ccc(F)c(Cl)c3)ncnc2cc1OCCCN1CCOCC1.Cl.Cl,3.0,C24H27Cl3FN5O3,558.87
CHEMBL1702,ATOMOXETINE HYDROCHLORIDE,CNCC[C@@H](Oc1ccccc1C)c1ccccc1.Cl,4.0,C17H22ClNO,291.82
CHEMBL1703,METFORMIN HYDROCHLORIDE,CN(C)C(=N)NC(=N)N.Cl,4.0,C4H12ClN5,165.63
CHEMBL554230,ZOLUNICANT HYDROCHLORIDE,COCCC1CC2CN3CCc4c([nH]c5ccccc45)C(C(=O)OC)(C2)C13.Cl,1.0,C22H29ClN2O3,404.94
CHEMBL1705,CLONIDINE HYDROCHLORIDE,Cl.Clc1cccc(Cl)c1NC1=NCCN1,4.0,C9H10Cl3N3,266.56
CHEMBL1706,NAPHAZOLINE HYDROCHLORIDE,Cl.c1ccc2c(CC3=NCCN3)cccc2c1,4.0,C14H15ClN2,246.74
CHEMBL1707,LOPERAMIDE HYDROCHLORIDE,CN(C)C(=O)C(CCN1CCC(O)(c2ccc(Cl)cc2)CC1)(c1ccccc1)c1ccccc1.Cl,4.0,C29H34Cl2N2O2,513.51
CHEMBL559180,ISOXSUPRINE HYDROCHLORIDE,CC(COc1ccccc1)NC(C)C(O)c1ccc(O)cc1.Cl,1.0,C18H24ClNO3,337.85
CHEMBL535607,BX 471,C[C@@H]1CN(Cc2ccc(F)cc2)CCN1C(=O)COc1ccc(Cl)cc1NC(N)=O.Cl,2.0,C21H25Cl2FN4O3,471.36
CHEMBL1709,SERTRALINE HYDROCHLORIDE,CN[C@H]1CC[C@@H](c2ccc(Cl)c(Cl)c2)c2ccccc21.Cl,4.0,C17H18Cl3N,342.70
CHEMBL559362,HALOFUGINONE HYDROBROMIDE,Br.O=C(CC1NCCCC1O)Cn1cnc2cc(Br)c(Cl)cc2c1=O,2.0,C16H18Br2ClN3O3,495.60
CHEMBL535396,RIMANTADINE HYDROCHLORIDE,CC(N)C12CC3CC(CC(C3)C1)C2.Cl,4.0,C12H22ClN,215.77
CHEMBL537222,L-EFLORNITHINE HYDROCHLORIDE,Cl.NCCC[C@](N)(C(=O)O)C(F)F,2.0,C6H13ClF2N2O2,218.63
CHEMBL537669,YOHIMBINE HYDROCHLORIDE,COC(=O)[C@@H]1[C@H]2C[C@H]3c4[nH]c5ccccc5c4CCN3C[C@@H]2CC[C@@H]1O.Cl,3.0,C21H27ClN2O3,390.91
CHEMBL1711,ISOPROTERENOL HYDROCHLORIDE,CC(C)NCC(O)c1ccc(O)c(O)c1.Cl,4.0,C11H18ClNO3,247.72
CHEMBL1713,CHLORPROMAZINE HYDROCHLORIDE,CN(C)CCCN1c2ccccc2Sc2ccc(Cl)cc21.Cl,4.0,C17H20Cl2N2S,355.33
CHEMBL556578,MORPHINE HYDROCHLORIDE,CN1CC[C@]23c4c5ccc(O)c4O[C@H]2[C@@H](O)C=C[C@H]3[C@H]1C5.Cl,3.0,C17H20ClNO3,321.80
CHEMBL1714,KETAMINE HYDROCHLORIDE,CNC1(c2ccccc2Cl)CCCCC1=O.Cl,4.0,C13H17Cl2NO,274.19
CHEMBL1715,PIOGLITAZONE HYDROCHLORIDE,CCc1ccc(CCOc2ccc(CC3SC(=O)NC3=O)cc2)nc1.Cl,4.0,C19H21ClN2O3S,392.91
CHEMBL1716,CYPROHEPTADINE HYDROCHLORIDE,CN1CCC(=C2c3ccccc3C=Cc3ccccc32)CC1.Cl,4.0,C21H22ClN,323.87
CHEMBL1717,TICLOPIDINE HYDROCHLORIDE,Cl.Clc1ccccc1CN1CCc2sccc2C1,4.0,C14H15Cl2NS,300.25
CHEMBL1718,NALOXONE HYDROCHLORIDE,C=CCN1CC[C@]23c4c5ccc(O)c4O[C@H]2C(=O)CC[C@@]3(O)[C@H]1C5.Cl,4.0,C19H22ClNO4,363.84
CHEMBL539770,TERODILINE HYDROCHLORIDE,CC(CC(c1ccccc1)c1ccccc1)NC(C)(C)C.Cl,4.0,C20H28ClN,317.90
CHEMBL1719,OLOPATADINE HYDROCHLORIDE,CN(C)CC/C=C1/c2ccccc2COc2ccc(CC(=O)O)cc21.Cl,4.0,C21H24ClNO3,373.88
CHEMBL1720,PALONOSETRON HYDROCHLORIDE,Cl.O=C1c2cccc3c2[C@H](CCC3)CN1[C@@H]1CN2CCC1CC2,4.0,C19H25ClN2O,332.88
CHEMBL539843,VAPITADINE DIHYDROCHLORIDE,Cl.Cl.NC(=O)c1cnc2n1CCc1ccccc1C21CCNCC1,2.0,C17H22Cl2N4O,369.30
CHEMBL1722,METHYLPHENIDATE HYDROCHLORIDE,COC(=O)C(c1ccccc1)C1CCCCN1.Cl,4.0,C14H20ClNO2,269.77
CHEMBL541388,FASUDIL HYDROCHLORIDE,Cl.O=S(=O)(c1cccc2cnccc12)N1CCCNCC1,2.0,C14H18ClN3O2S,327.84
CHEMBL1723,ALFUZOSIN HYDROCHLORIDE,COc1cc2nc(N(C)CCCNC(=O)C3CCCO3)nc(N)c2cc1OC.Cl,4.0,C19H28ClN5O4,425.92
CHEMBL1724,MEPENZOLATE BROMIDE,C[N+]1(C)CCCC(OC(=O)C(O)(c2ccccc2)c2ccccc2)C1.[Br-],4.0,C21H26BrNO3,420.35
CHEMBL538867,PATIDEGIB,CC1=C2C[C@H]3[C@@H](CC[C@@H]4C[C@H](NS(C)(=O)=O)CC[C@@]43C)[C@@H]2CC[C@@]2(C1)O[C@@H]1C[C@H](C)CN[C@H]1[C@H]2C,3.0,C29H48N2O3S,504.78
CHEMBL539378,LANIQUIDAR,COC(=O)c1cnc2n1CCc1ccccc1C2=C1CCN(CCc2ccc(OCc3ccc4ccccc4n3)cc2)CC1,2.0,C37H36N4O3,584.72
CHEMBL1725,IOPROMIDE,COCC(=O)Nc1c(I)c(C(=O)NCC(O)CO)c(I)c(C(=O)N(C)CC(O)CO)c1I,4.0,C18H24I3N3O8,791.11
CHEMBL1726,NISOLDIPINE,COC(=O)C1=C(C)NC(C)=C(C(=O)OCC(C)C)C1c1ccccc1[N+](=O)[O-],4.0,C20H24N2O6,388.42
CHEMBL561057,SQ109,CC(C)=CCC/C(C)=C/CNCCNC1C2CC3CC(C2)CC1C3,2.0,C22H38N2,330.56
CHEMBL559478,SSR180711,O=C(Oc1ccc(Br)cc1)N1CCN2CCC1CC2,2.0,C14H17BrN2O2,325.21
CHEMBL1727,CEPHALEXIN ANHYDROUS,CC1=C(C(=O)O)N2C(=O)[C@@H](NC(=O)[C@H](N)c3ccccc3)[C@H]2SC1,4.0,C16H17N3O4S,347.40
CHEMBL554563,TORCITABINE,Nc1ccn([C@@H]2C[C@@H](O)[C@H](CO)O2)c(=O)n1,2.0,C9H13N3O4,227.22
CHEMBL562668,OTENABANT,CCNC1(C(N)=O)CCN(c2ncnc3c2nc(-c2ccccc2Cl)n3-c2ccc(Cl)cc2)CC1,3.0,C25H25Cl2N7O,510.43
CHEMBL562318,MARDEPODECT,Cn1cc(-c2ccncc2)c(-c2ccc(OCc3ccc4ccccc4n3)cc2)n1,2.0,C25H20N4O,392.46
CHEMBL561132,MK-7246,CN([C@@H]1CCc2c(CC(=O)O)c3ccccc3n2C1)S(=O)(=O)c1ccc(F)cc1,1.0,C21H21FN2O4S,416.47
CHEMBL561339,ADL-5747 FREE BASE,CCN(CC)C(=O)c1ccc(C2=CC3(CCNCC3)Oc3ccccc32)c(O)c1,2.0,C24H28N2O3,392.50
CHEMBL1728,LOMEFLOXACIN HYDROCHLORIDE,CCn1cc(C(=O)O)c(=O)c2cc(F)c(N3CCNC(C)C3)c(F)c21.Cl,4.0,C17H20ClF2N3O3,387.81
CHEMBL1729,CISAPRIDE,COc1cc(N)c(Cl)cc1C(=O)NC1CCN(CCCOc2ccc(F)cc2)CC1OC,4.0,C23H29ClFN3O4,465.95
CHEMBL561157,TREPROSTINIL SODIUM,CCCCC[C@H](O)CC[C@@H]1[C@H]2Cc3cccc(OCC(=O)[O-])c3C[C@H]2C[C@H]1O.[Na+],4.0,C23H33NaO5,412.50
CHEMBL1730,CEFOTAXIME,CO/N=C(\C(=O)N[C@@H]1C(=O)N2C(C(=O)O)=C(COC(C)=O)CS[C@H]12)c1csc(N)n1,4.0,C16H17N5O7S2,455.47
CHEMBL563350,ACEVALTRATE,CC(=O)OCC1=CO[C@@H](OC(=O)CC(C)C)[C@H]2C1=C[C@H](OC(=O)CC(C)(C)OC(C)=O)[C@]21CO1,2.0,C24H32O10,480.51
CHEMBL1731,MEZLOCILLIN,CC1(C)S[C@@H]2[C@H](NC(=O)[C@H](NC(=O)N3CCN(S(C)(=O)=O)C3=O)c3ccccc3)C(=O)N2[C@H]1C(=O)O,4.0,C21H25N5O8S2,539.59
CHEMBL561371,CXA-10,CCCCCCCC/C(=C\CCCCCCCC(=O)O)[N+](=O)[O-],2.0,C18H33NO4,327.47
CHEMBL560976,DIBEKACIN,NC[C@@H]1CC[C@@H](N)[C@@H](O[C@H]2[C@H](O)[C@@H](O[C@H]3O[C@H](CO)[C@@H](O)[C@H](N)[C@H]3O)[C@H](N)C[C@@H]2N)O1,2.0,C18H37N5O8,451.52
CHEMBL1732,DIHYDROERGOTAMINE,CN1C[C@H](C(=O)N[C@]2(C)O[C@@]3(O)[C@@H]4CCCN4C(=O)[C@H](Cc4ccccc4)N3C2=O)C[C@@H]2c3cccc4[nH]cc(c34)C[C@H]21,4.0,C33H37N5O5,583.69
CHEMBL539666,PIPERAQUINE PHOSPHATE,Clc1ccc2c(N3CCN(CCCN4CCN(c5ccnc6cc(Cl)ccc56)CC4)CC3)ccnc2c1.O=P(O)(O)O,2.0,C29H35Cl2N6O4P,633.52
CHEMBL560592,DANEGAPTIDE,NCC(=O)N1C[C@H](NC(=O)c2ccccc2)C[C@H]1C(=O)O,3.0,C14H17N3O4,291.31
CHEMBL560993,TIMAPIPRANT,Cc1c(Cc2ccc3ccccc3n2)c2cc(F)ccc2n1CC(=O)O,3.0,C21H17FN2O2,348.38
CHEMBL564085,TROLEANDOMYCIN,CO[C@H]1C[C@H](O[C@H]2[C@H](C)[C@@H](O[C@@H]3O[C@H](C)C[C@H](N(C)C)[C@H]3OC(C)=O)[C@@H](C)C[C@@]3(CO3)C(=O)[C@H](C)[C@@H](OC(C)=O)[C@@H](C)[C@@H](C)OC(=O)[C@@H]2C)O[C@@H](C)[C@@H]1OC(C)=O,4.0,C41H67NO15,813.98
CHEMBL563646,EVATANEPAG,CC(C)(C)c1ccc(CN(Cc2cccc(OCC(=O)O)c2)S(=O)(=O)c2cccnc2)cc1,2.0,C25H28N2O5S,468.58
CHEMBL564829,MILCICLIB,CNC(=O)c1nn(C)c2c1C(C)(C)Cc1cnc(Nc3ccc(N4CCN(C)CC4)cc3)nc1-2,2.0,C25H32N8O,460.59
CHEMBL549963,HYDROMETHYLTHIONINE,CN(C)c1ccc2c(c1)Sc1cc(N(C)C)ccc1N2,3.0,C16H19N3S,285.42
CHEMBL553025,VINORELBINE,CCC1=C[C@@H]2CN(C1)Cc1c([nH]c3ccccc13)[C@@](C(=O)OC)(c1cc3c(cc1OC)N(C)[C@H]1[C@@](O)(C(=O)OC)[C@H](OC(C)=O)[C@]4(CC)C=CCN5CC[C@]31[C@@H]54)C2,4.0,C45H54N4O8,778.95
CHEMBL550781,DEXLOXIGLUMIDE,CCCCCN(CCCOC)C(=O)[C@@H](CCC(=O)O)NC(=O)c1ccc(Cl)c(Cl)c1,3.0,C21H30Cl2N2O5,461.39
CHEMBL551813,BI-671800,CN(C)c1nc(Cc2ccc(NC(=O)c3ccc(C(F)(F)F)cc3)cc2)nc(N(C)C)c1CC(=O)O,2.0,C25H26F3N5O3,501.51
CHEMBL552212,LEXIBULIN,CCC[C@H](Nc1nc(-c2ccc(NC(=O)NCC)c(OC)c2)ncc1C)c1cccnc1,2.0,C24H30N6O2,434.54
CHEMBL549386,FOTEMUSTINE,CCOP(=O)(OCC)C(C)NC(=O)N(CCCl)N=O,3.0,C9H19ClN3O5P,315.69
CHEMBL539697,DABIGATRAN ETEXILATE,CCCCCCOC(=O)NC(=N)c1ccc(NCc2nc3cc(C(=O)N(CCC(=O)OCC)c4ccccn4)ccc3n2C)cc1,4.0,C34H41N7O5,627.75
CHEMBL550227,DIDROVALTRATE,CC(=O)O[C@H]1C[C@@H]2C(COC(=O)CC(C)C)=CO[C@@H](OC(=O)CC(C)C)[C@@H]2[C@@]12CO2,2.0,C22H32O8,424.49
CHEMBL1733,QUINAPRILAT,C[C@H](N[C@@H](CCc1ccccc1)C(=O)O)C(=O)N1Cc2ccccc2C[C@H]1C(=O)O,2.0,C23H26N2O5,410.47
CHEMBL1734,SOLIFENACIN,O=C(O[C@H]1CN2CCC1CC2)N1CCc2ccccc2[C@@H]1c1ccccc1,4.0,C23H26N2O2,362.47
CHEMBL551064,AEW-541,Nc1ncnc2c1c(-c1cccc(OCc3ccccc3)c1)cn2[C@H]1C[C@H](N2CCC2)C1,1.0,C26H27N5O,425.54
CHEMBL551466,ACLIDINIUM BROMIDE,O=C(O[C@H]1C[N+]2(CCCOc3ccccc3)CCC1CC2)C(O)(c1cccs1)c1cccs1.[Br-],4.0,C26H30BrNO4S2,564.57
CHEMBL549872,ETAROTENE,CCS(=O)(=O)c1ccc(/C=C(\C)c2ccc3c(c2)C(C)(C)CCC3(C)C)cc1,2.0,C25H32O2S,396.60
CHEMBL549671,SABELUZOLE,CN(c1nc2ccccc2s1)C1CCN(CC(O)COc2ccc(F)cc2)CC1,2.0,C22H26FN3O2S,415.53
CHEMBL1735,INDINAVIR SULFATE,CC(C)(C)NC(=O)[C@@H]1CN(Cc2cccnc2)CCN1C[C@@H](O)C[C@@H](Cc1ccccc1)C(=O)N[C@H]1c2ccccc2C[C@H]1O.O=S(=O)(O)O,4.0,C36H49N5O8S,711.88
CHEMBL549473,DIPYRITHIONE,[O-][n+]1ccccc1SSc1cccc[n+]1[O-],2.0,C10H8N2O2S2,252.32
CHEMBL550495,METHYLENE BLUE,CN(C)c1ccc2nc3ccc(=[N+](C)C)cc-3sc2c1.O.O.O.[Cl-],4.0,C16H24ClN3O3S,373.91
CHEMBL1736,METRIZOIC ACID,CC(=O)Nc1c(I)c(C(=O)O)c(I)c(N(C)C(C)=O)c1I,4.0,C12H11I3N2O4,627.94
CHEMBL557555,CIPROFIBRATE,CC(C)(Oc1ccc(C2CC2(Cl)Cl)cc1)C(=O)O,4.0,C13H14Cl2O3,289.16
CHEMBL538943,VINORELBINE TARTRATE,CCC1=C[C@@H]2CN(C1)Cc1c([nH]c3ccccc13)[C@@](C(=O)OC)(c1cc3c(cc1OC)N(C)[C@H]1[C@@](O)(C(=O)OC)[C@H](OC(C)=O)[C@]4(CC)C=CCN5CC[C@]31[C@@H]54)C2.O=C(O)C(O)C(O)C(=O)O.O=C(O)C(O)C(O)C(=O)O,4.0,C53H66N4O20,1079.12
CHEMBL1737,SILDENAFIL CITRATE,CCCc1nn(C)c2c(=O)[nH]c(-c3cc(S(=O)(=O)N4CCN(C)CC4)ccc3OCC)nc12.O=C(O)CC(O)(CC(=O)O)C(=O)O,4.0,C28H38N6O11S,666.71
CHEMBL550936,BALAPIRAVIR,CC(C)C(=O)OC[C@@]1(N=[N+]=[N-])O[C@@H](n2ccc(N)nc2=O)[C@H](OC(=O)C(C)C)[C@@H]1OC(=O)C(C)C,2.0,C21H30N6O8,494.51
CHEMBL554474,TEMAROTENE,C/C(=C\c1ccccc1)c1ccc2c(c1)C(C)(C)CCC2(C)C,2.0,C23H28,304.48
CHEMBL541758,FASITIBANT CHLORIDE,Cc1cc(C)c2cccc(OCc3c(Cl)ccc(S(=O)(=O)NC4(C(=O)N5CCN(C(=O)[C@@H](N)CCC[N+](C)(C)C)CC5)CCOCC4)c3Cl)c2n1.[Cl-],2.0,C36H49Cl3N6O6S,800.25
CHEMBL550348,DEFERASIROX,O=C(O)c1ccc(-n2nc(-c3ccccc3O)nc2-c2ccccc2O)cc1,4.0,C21H15N3O4,373.37
CHEMBL549344,CPG-52852,CCc1nc2c(N)nc3ccccc3c2n1CCCCNS(C)(=O)=O,2.0,C17H23N5O2S,361.47
CHEMBL550961,DIAZEPINOMICIN,CC(C)=CCC/C(C)=C/CC/C(C)=C/CN1C(=O)c2cccc(O)c2Nc2c(O)cc(O)cc21,2.0,C28H34N2O4,462.59
CHEMBL551786,RECAINAM,Cc1cccc(C)c1NC(=O)NCCCNC(C)C,2.0,C15H25N3O,263.38
CHEMBL551978,DROTAVERINE,CCOc1ccc(/C=C2\NCCc3cc(OCC)c(OCC)cc32)cc1OCC,3.0,C24H31NO4,397.52
CHEMBL550755,FORODESINE HYDROCHLORIDE,Cl.O=c1[nH]cnc2c([C@@H]3N[C@H](CO)[C@@H](O)[C@H]3O)c[nH]c12,4.0,C11H15ClN4O4,302.72
CHEMBL562967,MERICITABINE,CC(C)C(=O)OC[C@H]1O[C@@H](n2ccc(N)nc2=O)[C@](C)(F)[C@@H]1OC(=O)C(C)C,2.0,C18H26FN3O6,399.42
CHEMBL563251,PF-03463275,CN1C[C@@H]2[C@H](C1)[C@H]2CN(Cc1ccc(F)c(Cl)c1)C(=O)c1cn(C)cn1,2.0,C19H22ClFN4O,376.86
CHEMBL556262,FAROPENEM,C[C@@H](O)[C@H]1C(=O)N2C(C(=O)O)=C([C@H]3CCCO3)S[C@H]12,3.0,C12H15NO5S,285.32
CHEMBL559288,PIRITRAMIDE,N#CC(CCN1CCC(C(N)=O)(N2CCCCC2)CC1)(c1ccccc1)c1ccccc1,3.0,C27H34N4O,430.60
CHEMBL1738,DEXRAZOXANE,C[C@@H](CN1CC(=O)NC(=O)C1)N1CC(=O)NC(=O)C1,4.0,C11H16N4O4,268.27
CHEMBL1739,METOCURINE IODIDE,COc1ccc2cc1Oc1cc3c(cc1OC)CC[N+](C)(C)[C@H]3Cc1ccc(cc1)Oc1c(OC)c(OC)cc3c1[C@@H](C2)[N+](C)(C)CC3.[I-].[I-],4.0,C40H48I2N2O6,906.64
CHEMBL553204,ICARIIN,COc1ccc(-c2oc3c(CC=C(C)C)c(O[C@@H]4O[C@H](CO)[C@@H](O)[C@H](O)[C@H]4O)cc(O)c3c(=O)c2O[C@@H]2O[C@@H](C)[C@H](O)[C@@H](O)[C@H]2O)cc1,3.0,C33H40O15,676.67
CHEMBL1740,RACEPINEPHRINE,CNCC(O)c1ccc(O)c(O)c1,2.0,C9H13NO3,183.21
CHEMBL564109,TAZANOLAST,CCCCOC(=O)C(=O)Nc1cccc(-c2nnn[nH]2)c1,2.0,C13H15N5O3,289.30
CHEMBL558722,EBERCONAZOLE,Clc1cc(Cl)c2c(c1)CCc1ccccc1C2n1ccnc1,2.0,C18H14Cl2N2,329.23
CHEMBL574737,UCN-01,CN[C@@H]1C[C@H]2O[C@@](C)([C@@H]1OC)n1c3ccccc3c3c4c(c5c6ccccc6n2c5c31)C(=O)N[C@H]4O,2.0,C28H26N4O4,482.54
CHEMBL572881,MOTESANIB,CC1(C)CNc2cc(NC(=O)c3cccnc3NCc3ccncc3)ccc21,3.0,C22H23N5O,373.46
CHEMBL574738,AST-487,CCN1CCN(Cc2ccc(NC(=O)Nc3ccc(Oc4cc(NC)ncn4)cc3)cc2C(F)(F)F)CC1,1.0,C26H30F3N7O2,529.57
CHEMBL558752,RAF-265,Cn1c(Nc2ccc(C(F)(F)F)cc2)nc2cc(Oc3ccnc(-c4ncc(C(F)(F)F)[nH]4)c3)ccc21,2.0,C24H16F6N6O,518.42
CHEMBL573843,SULMEPRIDE,COc1ccc(S(N)(=O)=O)cc1C(=O)NCC1CCCN1C,2.0,C14H21N3O4S,327.41
CHEMBL573352,TAS-106,C#C[C@@]1(O)[C@@H](CO)O[C@@H](n2ccc(N)nc2=O)[C@@H]1O,2.0,C11H13N3O5,267.24
CHEMBL1741,CLARITHROMYCIN,CC[C@H]1OC(=O)[C@H](C)[C@@H](O[C@H]2C[C@@](C)(OC)[C@@H](O)[C@H](C)O2)[C@H](C)[C@@H](O[C@@H]2O[C@H](C)C[C@H](N(C)C)[C@H]2O)[C@](C)(OC)C[C@@H](C)C(=O)[C@H](C)[C@@H](O)[C@]1(C)O,4.0,C38H69NO13,747.96
CHEMBL575448,BMS-754807,C[C@@]1(C(=O)Nc2ccc(F)nc2)CCCN1c1nc(Nc2cc(C3CC3)n[nH]2)c2cccn2n1,2.0,C23H24FN9O,461.51
CHEMBL583912,(-)-EPICATECHIN,Oc1cc(O)c2c(c1)O[C@H](c1ccc(O)c(O)c1)[C@H](O)C2,2.0,C15H14O6,290.27
CHEMBL591429,PAC-1,C=CCc1cccc(/C=N/NC(=O)CN2CCN(Cc3ccccc3)CC2)c1O,1.0,C23H28N4O2,392.50
CHEMBL582857,NELIVAPTAN,COc1ccc(S(=O)(=O)N2C(=O)[C@@](c3ccccc3OC)(N3C[C@H](O)C[C@H]3C(=O)N(C)C)c3cc(Cl)ccc32)c(OC)c1,2.0,C30H32ClN3O8S,630.12
CHEMBL573677,ABEQUOLIXRON,C[C@H](CCOc1cccc(CC(=O)O)c1)N(Cc1cccc(C(F)(F)F)c1Cl)CC(c1ccccc1)c1ccccc1,1.0,C34H33ClF3NO3,596.09
CHEMBL576981,TEBIPENEM,C[C@@H](O)[C@H]1C(=O)N2C(C(=O)O)=C(SC3CN(C4=NCCS4)C3)[C@H](C)[C@H]12,1.0,C16H21N3O4S2,383.50
CHEMBL576982,QUIZARTINIB,CC(C)(C)c1cc(NC(=O)Nc2ccc(-c3cn4c(n3)sc3cc(OCCN5CCOCC5)ccc34)cc2)no1,4.0,C29H32N6O4S,560.68
CHEMBL582912,CEFCAPENE,CC/C=C(\C(=O)N[C@@H]1C(=O)N2C(C(=O)O)=C(COC(N)=O)CS[C@H]12)c1csc(N)n1,2.0,C17H19N5O6S2,453.50
CHEMBL1743,CEFDITOREN,CO/N=C(\C(=O)N[C@@H]1C(=O)N2C(C(=O)O)=C(/C=C\c3scnc3C)CS[C@H]12)c1csc(N)n1,2.0,C19H18N6O5S3,506.59
CHEMBL575060,GLUTAMIC ACID,N[C@@H](CCC(=O)O)C(=O)O,3.0,C5H9NO4,147.13
CHEMBL573448,LACTISOLE,COc1ccc(OC(C)C(=O)O)cc1,1.0,C10H12O4,196.20
CHEMBL577711,LY-2334737,CCCC(CCC)C(=O)Nc1ccn([C@@H]2O[C@H](CO)[C@@H](O)C2(F)F)c(=O)n1,1.0,C17H25F2N3O5,389.40
CHEMBL566534,ARTEMETHER,CO[C@H]1O[C@@H]2O[C@@]3(C)CC[C@H]4[C@H](C)CC[C@@H]([C@H]1C)[C@@]24OO3,4.0,C16H26O5,298.38
CHEMBL566757,DAPORINAD,O=C(/C=C/c1cccnc1)NCCCCC1CCN(C(=O)c2ccccc2)CC1,2.0,C24H29N3O2,391.52
CHEMBL566315,OBETICHOLIC ACID,CC[C@H]1[C@@H](O)[C@@H]2[C@H](CC[C@]3(C)[C@@H]([C@H](C)CCC(=O)O)CC[C@@H]23)[C@@]2(C)CC[C@@H](O)C[C@@H]12,4.0,C26H44O4,420.63
CHEMBL566752,FLORBETABEN F18,CNc1ccc(/C=C/c2ccc(OCCOCCOCC[18F])cc2)cc1,4.0,C21H26FNO3,358.44
CHEMBL578767,FLUMEXADOL,FC(F)(F)c1cccc(C2CNCCO2)c1,4.0,C11H12F3NO,231.22
CHEMBL571948,Y-39983,C[C@@H](N)c1ccc(C(=O)Nc2ccnc3[nH]ccc23)cc1,1.0,C16H16N4O,280.33
CHEMBL1746,SODIUM PHENYLBUTYRATE,O=C([O-])CCCc1ccccc1.[Na+],4.0,C10H11NaO2,186.19
CHEMBL579205,FLUTEMETAMOL,CNc1ccc(-c2nc3ccc(O)cc3s2)cc1F,4.0,C14H11FN2OS,274.32
CHEMBL1747,TOBRAMYCIN,NC[C@H]1O[C@H](O[C@H]2[C@H](O)[C@@H](O[C@H]3O[C@H](CO)[C@@H](O)[C@H](N)[C@H]3O)[C@H](N)C[C@@H]2N)[C@H](N)C[C@@H]1O,4.0,C18H37N5O9,467.52
CHEMBL570015,GSK-256066,COc1cccc(Nc2c(C(N)=O)cnc3c(C)cc(S(=O)(=O)c4cccc(C(=O)N(C)C)c4)cc23)c1,2.0,C27H26N4O5S,518.60
CHEMBL570680,ARTEROLANE,CC(C)(N)CNC(=O)C[C@H]1CC[C@]2(CC1)OO[C@]1(O2)C2CC3CC(C2)CC1C3.Cc1ccc(S(=O)(=O)O)cc1,2.0,C29H44N2O7S,564.75
CHEMBL569713,SCOPOLAMINE,CN1[C@@H]2C[C@@H](OC(=O)[C@H](CO)c3ccccc3)C[C@H]1[C@@H]1O[C@@H]12,4.0,C17H21NO4,303.36
CHEMBL585902,AMG-548,Cn1c(NC[C@@H](N)Cc2ccccc2)nc(-c2ccncc2)c(-c2ccc3ccccc3c2)c1=O,1.0,C29H27N5O,461.57
CHEMBL571546,TIRBANIBULIN,O=C(Cc1ccc(-c2ccc(OCCN3CCOCC3)cc2)cn1)NCc1ccccc1,4.0,C26H29N3O3,431.54
CHEMBL579217,FLORBENAZINE,COc1cc2c(cc1OCCCF)CCN1C[C@@H](CC(C)C)[C@H](O)C[C@H]21,2.0,C21H32FNO3,365.49
CHEMBL1749,EDETATE DISODIUM ANHYDROUS,O=C([O-])CN(CCN(CC(=O)[O-])CC(=O)O)CC(=O)O.[Na+].[Na+],4.0,C10H14N2Na2O8,336.21
CHEMBL572284,OMBRABULIN,COc1ccc(/C=C\c2cc(OC)c(OC)c(OC)c2)cc1NC(=O)[C@@H](N)CO,3.0,C21H26N2O6,402.45
CHEMBL1750,CLOFARABINE,Nc1nc(Cl)nc2c1ncn2[C@@H]1O[C@H](CO)[C@@H](O)[C@@H]1F,4.0,C10H11ClFN5O3,303.68
CHEMBL571209,INDOXIMOD,Cn1cc(C[C@@H](N)C(=O)O)c2ccccc21,2.0,C12H14N2O2,218.26
CHEMBL576127,FENSPIRIDE,O=C1NCC2(CCN(CCc3ccccc3)CC2)O1,4.0,C15H20N2O2,260.34
CHEMBL1751,DIGOXIN,C[C@H]1O[C@@H](O[C@H]2[C@@H](O)C[C@H](O[C@H]3[C@@H](O)C[C@H](O[C@H]4CC[C@@]5(C)[C@H](CC[C@@H]6[C@@H]5C[C@@H](O)[C@]5(C)[C@@H](C7=CC(=O)OC7)CC[C@]65O)C4)O[C@@H]3C)O[C@@H]2C)C[C@H](O)[C@@H]1O,4.0,C41H64O14,780.95
CHEMBL1752,DYPHYLLINE,Cn1c(=O)c2c(ncn2CC(O)CO)n(C)c1=O,4.0,C10H14N4O4,254.25
CHEMBL1753,CLINDAMYCIN,CCC[C@@H]1C[C@@H](C(=O)N[C@@H]([C@H]2O[C@H](SC)[C@H](O)[C@@H](O)[C@H]2O)[C@H](C)Cl)N(C)C1,4.0,C18H33ClN2O5S,424.99
CHEMBL1754,DOXAPRAM,CCN1CC(CCN2CCOCC2)C(c2ccccc2)(c2ccccc2)C1=O,4.0,C24H30N2O2,378.52
CHEMBL1755,CONIVAPTAN,Cc1nc2c([nH]1)-c1ccccc1N(C(=O)c1ccc(NC(=O)c3ccccc3-c3ccccc3)cc1)CC2,4.0,C32H26N4O2,498.59
CHEMBL578390,APX-3330,CCCCCCCCC/C(=C\C1=C(C)C(=O)C(OC)=C(OC)C1=O)C(=O)O,2.0,C21H30O6,378.47
CHEMBL578211,COTININE,CN1C(=O)CC[C@H]1c1cccnc1,2.0,C10H12N2O,176.22
CHEMBL1756,ESTRAMUSTINE PHOSPHATE,C[C@]12CC[C@@H]3c4ccc(OC(=O)N(CCCl)CCCl)cc4CC[C@H]3[C@@H]1CC[C@@H]2OP(=O)(O)O,4.0,C23H32Cl2NO6P,520.39
CHEMBL1757,FOSFOMYCIN,C[C@@H]1O[C@@H]1P(=O)(O)O,4.0,C3H7O4P,138.06
CHEMBL567303,PALOSURAN,Cc1cc(NC(=O)NCCN2CCC(O)(Cc3ccccc3)CC2)c2ccccc2n1,2.0,C25H30N4O2,418.54
CHEMBL571987,LERSIVIRINE,CCc1nn(CCO)c(CC)c1Oc1cc(C#N)cc(C#N)c1,2.0,C17H18N4O2,310.36
CHEMBL565612,SOTRASTAURIN,CN1CCN(c2nc(C3=C(c4c[nH]c5ccccc45)C(=O)NC3=O)c3ccccc3n2)CC1,2.0,C25H22N6O2,438.49
CHEMBL1760,TERBUTALINE,CC(C)(C)NCC(O)c1cc(O)cc(O)c1,4.0,C12H19NO3,225.29
CHEMBL584059,LEVOPROTILINE,CNC[C@H](O)CC12CCC(c3ccccc31)c1ccccc12,2.0,C20H23NO,293.41
CHEMBL1761,PROCYCLIDINE HYDROCHLORIDE,Cl.OC(CCN1CCCC1)(c1ccccc1)C1CCCCC1,4.0,C19H30ClNO,323.91
CHEMBL1762,TOCAINIDE,Cc1cccc(C)c1NC(=O)C(C)N,4.0,C11H16N2O,192.26
CHEMBL1763,HYDROFLUMETHIAZIDE,NS(=O)(=O)c1cc2c(cc1C(F)(F)F)NCNS2(=O)=O,4.0,C8H8F3N3O4S2,331.30
CHEMBL1764,LEVOMEPROMAZINE,COc1ccc2c(c1)N(C[C@H](C)CN(C)C)c1ccccc1S2,4.0,C19H24N2OS,328.48
CHEMBL584852,BUQUINOLATE,CCOC(=O)c1cnc2cc(OCC(C)C)c(OCC(C)C)cc2c1O,2.0,C20H27NO5,361.44
CHEMBL608856,DIPHENAN,NC(=O)Oc1ccc(Cc2ccccc2)cc1,2.0,C14H13NO2,227.26
CHEMBL531048,PHANQUONE,O=C1C(=O)c2ncccc2-c2cccnc21,2.0,C12H6N2O2,210.19
CHEMBL587723,AEE-788,CCN1CCN(Cc2ccc(-c3cc4c(N[C@H](C)c5ccccc5)ncnc4[nH]3)cc2)CC1,2.0,C27H32N6,440.60
CHEMBL580132,CLETOQUINE,CC(CCCNCCO)Nc1ccnc2cc(Cl)ccc12,2.0,C16H22ClN3O,307.83
CHEMBL578063,ALAZANINE,CCN1/C(=C/C=C/c2sc3ccccc3[n+]2CC)Sc2ccccc21,2.0,C21H21N2S2+,365.55
CHEMBL578004,AMINOQUINOL,CCN(CC)CCCC(C)Nc1cc(/C=C/c2ccccc2Cl)nc2cc(Cl)ccc12,2.0,C26H31Cl2N3,456.46
CHEMBL592752,MARITUPIRDINE,Cc1ccc2c(c1)c1c(n2CCc2ccccc2)CCN(C)C1,2.0,C21H24N2,304.44
CHEMBL589390,LATREPIRDINE,Cc1ccc2c(c1)c1c(n2CCc2ccc(C)nc2)CCN(C)C1,3.0,C21H25N3,319.45
CHEMBL591804,NAVURIDINE,[N-]=[N+]=N[C@H]1C[C@H](n2ccc(=O)[nH]c2=O)O[C@@H]1CO,2.0,C9H11N5O4,253.22
CHEMBL1766,DESOXIMETASONE,C[C@@H]1C[C@H]2[C@@H]3CCC4=CC(=O)C=C[C@]4(C)[C@@]3(F)[C@@H](O)C[C@]2(C)[C@H]1C(=O)CO,4.0,C22H29FO4,376.47
CHEMBL593429,ALLANTOIN,NC(=O)NC1NC(=O)NC1=O,2.0,C4H6N4O3,158.12
CHEMBL593430,ATAGABALIN,C[C@H]1CC(CN)(CC(=O)O)C[C@@H]1C,2.0,C10H19NO2,185.27
CHEMBL593019,PYRIDOXAMINE,Cc1ncc(CO)c(CN)c1O,2.0,C8H12N2O2,168.20
CHEMBL593262,PARA-NITROSULFATHIAZOLE,O=[N+]([O-])c1ccc(S(=O)(=O)Nc2nccs2)cc1,2.0,C9H7N3O4S2,285.31
CHEMBL605525,DP001,C=C1[C@H](O)CC(=C/C=C2\CCC[C@]3(C)[C@@H]([C@@H](C)CCCC(C)(C)O)CC[C@@H]23)C[C@H]1O,2.0,C27H44O3,416.65
CHEMBL609583,R-306465,O=C(NO)c1cnc(N2CCN(S(=O)(=O)c3ccc4ccccc4c3)CC2)nc1,1.0,C19H19N5O4S,413.46
CHEMBL595573,MK-0557,O=C1O[C@]2(CC[C@H](C(=O)Nc3ccn(-c4ccccc4F)n3)CC2)c2cnccc21,3.0,C22H19FN4O3,406.42
CHEMBL594621,ICOMUCRET,CCCCC[C@H](O)/C=C/C=C\C/C=C\C/C=C\CCCC(=O)O,2.0,C20H32O3,320.47
CHEMBL596186,CYTARABINE 5'-PHOSPHATE,Nc1ccn([C@@H]2O[C@H](COP(=O)(O)O)[C@@H](O)[C@@H]2O)c(=O)n1,3.0,C9H14N3O8P,323.20
CHEMBL592943,TINORIDINE,CCOC(=O)c1c(N)sc2c1CCN(Cc1ccccc1)C2,3.0,C17H20N2O2S,316.43
CHEMBL1768,BETHANECHOL CHLORIDE,CC(C[N+](C)(C)C)OC(N)=O.[Cl-],4.0,C7H17ClN2O2,196.68
CHEMBL596009,PROCODAZOLE,O=C(O)CCc1nc2ccccc2[nH]1,2.0,C10H10N2O2,190.20
CHEMBL1769,PROPOXYCAINE HYDROCHLORIDE,CCCOc1cc(N)ccc1C(=O)OCCN(CC)CC.Cl,4.0,C16H27ClN2O3,330.86
CHEMBL1770,LEVAMISOLE HYDROCHLORIDE,Cl.c1ccc([C@H]2CN3CCSC3=N2)cc1,4.0,C11H13ClN2S,240.76
CHEMBL592374,AMITIFADINE,Clc1ccc([C@]23CNC[C@H]2C3)cc1Cl,2.0,C11H11Cl2N,228.12
CHEMBL596802,PRIDOPIDINE,CCCN1CCC(c2cccc(S(C)(=O)=O)c2)CC1,3.0,C15H23NO2S,281.42
CHEMBL592445,GEDATOLISIB,CN(C)C1CCN(C(=O)c2ccc(NC(=O)Nc3ccc(-c4nc(N5CCOCC5)nc(N5CCOCC5)n4)cc3)cc2)CC1,3.0,C32H41N9O4,615.74
CHEMBL597800,ATF-936,C#CCOc1ccc2c(c1)c(-c1ccc(C(C)C)cc1)nc(=O)n2Cc1ccc(OC)c(OCC)c1,1.0,C30H30N2O4,482.58
CHEMBL599870,ALTHIAZIDE,C=CCSCC1Nc2cc(Cl)c(S(N)(=O)=O)cc2S(=O)(=O)N1,2.0,C11H14ClN3O4S3,383.90
CHEMBL603469,LESTAURTINIB,C[C@]12O[C@H](C[C@]1(O)CO)n1c3ccccc3c3c4c(c5c6ccccc6n2c5c31)CNC4=O,3.0,C26H21N3O4,439.47
CHEMBL591665,SODIUM ASCORBATE,O=C1O[C@H]([C@@H](O)CO)C([O-])=C1O.[Na+],4.0,C6H7NaO6,198.11
CHEMBL591501,PF-03049423,CCCOCCn1c(=O)c(N2CCN(CCO)CC2)nc2cnc(-c3ccc(OC)nc3)cc21,2.0,C24H32N6O4,468.56
CHEMBL590754,FILAMINAST,COc1ccc(/C(C)=N/OC(N)=O)cc1OC1CCCC1,2.0,C15H20N2O4,292.34
CHEMBL603830,DAXALIPRAM,CCCOc1cc([C@]2(C)CNC(=O)O2)ccc1OC,2.0,C14H19NO4,265.31
CHEMBL592435,DERENOFYLLINE,OC1CCC(Nc2nc(-c3ccccc3)nc3[nH]ccc23)CC1,2.0,C18H20N4O,308.39
CHEMBL590540,CYSTINE,N[C@@H](CSSC[C@H](N)C(=O)O)C(=O)O,2.0,C6H12N2O4S2,240.31
CHEMBL589583,DELAPRIL,CCOC(=O)[C@H](CCc1ccccc1)N[C@@H](C)C(=O)N(CC(=O)O)C1Cc2ccccc2C1,3.0,C26H32N2O5,452.55
CHEMBL1771,CLOPIDOGREL,COC(=O)[C@H](c1ccccc1Cl)N1CCc2sccc2C1,4.0,C16H16ClNO2S,321.83
CHEMBL590799,CAMOSTAT,CN(C)C(=O)COC(=O)Cc1ccc(OC(=O)c2ccc(NC(=N)N)cc2)cc1,3.0,C20H22N4O5,398.42
CHEMBL1773,CAPECITABINE,CCCCCOC(=O)Nc1nc(=O)n([C@@H]2O[C@H](C)[C@@H](O)[C@H]2O)cc1F,4.0,C15H22FN3O6,359.35
CHEMBL589586,MONOMETHYL FUMARATE,COC(=O)/C=C/C(=O)O,4.0,C5H6O4,130.10
CHEMBL592054,IMIGLITAZAR,Cc1oc(-c2ccccc2)nc1COc1ccc(CO/N=C(\CCC(=O)O)c2ccccc2)cc1,3.0,C28H26N2O5,470.53
CHEMBL589092,FENTIAZAC,O=C(O)Cc1sc(-c2ccccc2)nc1-c1ccc(Cl)cc1,2.0,C17H12ClNO2S,329.81
CHEMBL591118,CARMEGLIPTIN,COc1cc2c(cc1OC)[C@@H]1C[C@H](N)[C@@H](N3C[C@@H](CF)CC3=O)CN1CC2,2.0,C20H28FN3O3,377.46
CHEMBL592868,ESTROGEN,CC#C[C@]1(O)CC[C@H]2[C@@H]3CCc4cc(O)ccc4[C@H]3CC[C@@]21C,3.0,C21H26O2,310.44
CHEMBL599552,INDIGO,O=C1/C(=C2\Nc3ccccc3C2=O)Nc2ccccc21,3.0,C16H10N2O2,262.27
CHEMBL601719,CRIZOTINIB,C[C@@H](Oc1cc(-c2cnn(C3CCNCC3)c2)cnc1N)c1c(Cl)ccc(F)c1Cl,4.0,C21H22Cl2FN5O,450.35
CHEMBL602070,BMS-394136,CC1=C(C(=O)N2CCC[C@H]2c2ccc(F)cc2)[C@@H](c2ccc(Cl)c(Cl)c2)n2nccc2N1,1.0,C24H21Cl2FN4O,471.36
CHEMBL605846,OLODATEROL,COc1ccc(CC(C)(C)NC[C@H](O)c2cc(O)cc3c2OCC(=O)N3)cc1,4.0,C21H26N2O5,386.45
CHEMBL590985,TALOTREXIN,Nc1nc(N)c2nc(CNc3ccc(C(=O)N[C@@H](CCCNC(=O)c4ccccc4C(=O)O)C(=O)O)cc3)cnc2n1,2.0,C27H27N9O6,573.57
CHEMBL604710,Z160,O=C(CC(c1ccccc1)c1ccccc1)N1CCN(C(c2ccccc2)c2ccccc2)CC1,2.0,C32H32N2O,460.62
CHEMBL598797,CUDC-101,C#Cc1cccc(Nc2ncnc3cc(OC)c(OCCCCCCC(=O)NO)cc23)c1,1.0,C24H26N4O4,434.50
CHEMBL598172,NELOTANSERIN,COc1ccc(NC(=O)Nc2ccc(F)cc2F)cc1-c1c(Br)cnn1C,2.0,C18H15BrF2N4O2,437.24
CHEMBL607707,PELITINIB,CCOc1cc2ncc(C#N)c(Nc3ccc(F)c(Cl)c3)c2cc1NC(=O)/C=C/CN(C)C,2.0,C24H23ClFN5O2,467.93
CHEMBL607710,CHLORPHENESIN CARBAMATE,NC(=O)OCC(O)COc1ccc(Cl)cc1,4.0,C10H12ClNO4,245.66
CHEMBL606258,OLEANDOMYCIN,CO[C@H]1C[C@H](O[C@H]2[C@H](C)[C@@H](O[C@@H]3O[C@H](C)C[C@H](N(C)C)[C@H]3O)[C@@H](C)C[C@@]3(CO3)C(=O)[C@H](C)[C@@H](O)[C@@H](C)[C@@H](C)OC(=O)[C@@H]2C)O[C@@H](C)[C@@H]1O,2.0,C35H61NO12,687.87
CHEMBL606260,CARBENICILLIN DISODIUM,CC1(C)S[C@@H]2[C@H](NC(=O)C(C(=O)[O-])c3ccccc3)C(=O)N2[C@H]1C(=O)[O-].[Na+].[Na+],4.0,C17H16N2Na2O6S,422.37
CHEMBL609980,AMINOETHYL NITRATE,NCCO[N+](=O)[O-],2.0,C2H6N2O3,106.08
CHEMBL608533,MIDOSTAURIN,CO[C@@H]1[C@H](N(C)C(=O)c2ccccc2)C[C@H]2O[C@]1(C)n1c3ccccc3c3c4c(c5c6ccccc6n2c5c31)C(=O)NC4,4.0,C35H30N4O4,570.65
CHEMBL608806,COCAETHYLENE,CCOC(=O)[C@@H]1C2CCC(C[C@@H]1OC(=O)c1ccccc1)N2C,1.0,C18H23NO4,317.39
CHEMBL609109,THIOPROPERAZINE,CN1CCN(CCCN2c3ccccc3Sc3ccc(S(=O)(=O)N(C)C)cc32)CC1,2.0,C22H30N4O2S2,446.64
CHEMBL607048,18-METHOXYCORONARIDINE,COCC[C@H]1CC2CN3CCc4c([nH]c5ccccc45)[C@](C(=O)OC)(C2)[C@H]13,2.0,C22H28N2O3,368.48
CHEMBL606566,XORPHANOL,C=C1C[C@H](C)[C@H]2[C@H]3Cc4ccc(O)cc4[C@@]2(CCN3CC2CCC2)C1,2.0,C23H31NO,337.51
CHEMBL607400,BRIVARACETAM,CCC[C@@H]1CC(=O)N([C@@H](CC)C(N)=O)C1,4.0,C11H20N2O2,212.29
CHEMBL607023,TEMPOL,CC1(C)CC(O)CC(C)(C)N1[O],2.0,C9H18NO2,172.25
CHEMBL43708,IMIPENEM,C[C@@H](O)[C@H]1C(=O)N2C(C(=O)O)=C(SCCNC=N)C[C@H]12.O,4.0,C12H19N3O5S,317.37
CHEMBL1075733,VALNOCTAMIDE,CCC(C)C(CC)C(N)=O,3.0,C8H17NO,143.23
CHEMBL1075834,ASENGEPRAST,C#CCOc1ccc(/C=C/C(=O)Nc2ccccc2C(=O)O)cc1OC,2.0,C20H17NO5,351.36
CHEMBL1081506,TALNIFLUMATE,O=C1OC(OC(=O)c2cccnc2Nc2cccc(C(F)(F)F)c2)c2ccccc21,2.0,C21H13F3N2O4,414.34
CHEMBL1076211,TOLPERISONE,Cc1ccc(C(=O)C(C)CN2CCCCC2)cc1,3.0,C16H23NO,245.37
CHEMBL1079742,ERLOTINIB HYDROCHLORIDE,C#Cc1cccc(Nc2ncnc3cc(OCCOC)c(OCCOC)cc23)c1.Cl,4.0,C22H24ClN3O4,429.90
CHEMBL1079604,METAXALONE,Cc1cc(C)cc(OCC2CNC(=O)O2)c1,4.0,C12H15NO3,221.26
CHEMBL1079787,TODRALAZINE,CCOC(=O)NNc1nncc2ccccc12,2.0,C11H12N4O2,232.24
CHEMBL1080983,FEBANTEL,COCC(=O)Nc1cc(Sc2ccccc2)ccc1N=C(NC(=O)OC)NC(=O)OC,2.0,C20H22N4O6S,446.49
CHEMBL1076256,BEFURALINE,O=C(c1cc2ccccc2o1)N1CCN(Cc2ccccc2)CC1,2.0,C20H20N2O2,320.39
CHEMBL1079905,PROPENTOFYLLINE,CCCn1cnc2c1c(=O)n(CCCCC(C)=O)c(=O)n2C,2.0,C15H22N4O3,306.37
CHEMBL1076263,SETROBUVIR,CS(=O)(=O)Nc1ccc2c(c1)S(=O)(=O)N=C(C1=C(O)[C@@H]3[C@H]4CC[C@H](C4)[C@@H]3N(Cc3ccc(F)cc3)C1=O)N2,2.0,C25H25FN4O6S2,560.63
CHEMBL1079935,AMPEROZIDE,CCNC(=O)N1CCN(CCCC(c2ccc(F)cc2)c2ccc(F)cc2)CC1,2.0,C23H29F2N3O,401.50
CHEMBL1076347,TRICLOCARBAN,O=C(Nc1ccc(Cl)cc1)Nc1ccc(Cl)c(Cl)c1,2.0,C13H9Cl3N2O,315.59
CHEMBL1079576,PHENPROBAMATE,NC(=O)OCCCc1ccccc1,2.0,C10H13NO2,179.22
CHEMBL1079446,METHANDRIOL,C[C@]12CC[C@H](O)CC1=CC[C@@H]1[C@@H]2CC[C@@]2(C)[C@H]1CC[C@]2(C)O,2.0,C20H32O2,304.47
CHEMBL1087630,OXIBENDAZOLE,CCCOc1ccc2[nH]c(NC(=O)OC)nc2c1,2.0,C12H15N3O3,249.27
CHEMBL1080884,LUBAZODONE,Fc1ccc(OC[C@@H]2CNCCO2)c2c1CCC2,2.0,C14H18FNO2,251.30
CHEMBL1086997,LUCERASTAT,CCCCN1C[C@H](O)[C@@H](O)[C@@H](O)[C@H]1CO,3.0,C10H21NO4,219.28
CHEMBL1076903,VARENICLINE,c1cnc2cc3c(cc2n1)[C@@H]1CNC[C@H]3C1,4.0,C13H13N3,211.27
CHEMBL1084430,INARIGIVIR,CO[C@@H]1[C@H](OP(=O)(S)OC[C@H]2O[C@@H](n3cnc4c(N)ncnc43)C[C@@H]2O)[C@@H](CO)O[C@H]1n1ccc(=O)[nH]c1=O,2.0,C20H26N7O10PS,587.51
CHEMBL1076930,INARIGIVIR SOPROXIL,CO[C@@H]1[C@H](OP(=O)(OC[C@H]2O[C@@H](n3cnc4c(N)ncnc43)C[C@@H]2O)SCOC(=O)OC(C)C)[C@@H](CO)O[C@H]1n1ccc(=O)[nH]c1=O,2.0,C25H34N7O13PS,703.62
CHEMBL1079175,MK-2206,NC1(c2ccc(-c3nc4ccn5c(=O)[nH]nc5c4cc3-c3ccccc3)cc2)CCC1,2.0,C25H21N5O,407.48
CHEMBL1078685,TOPIROXOSTAT,N#Cc1cc(-c2n[nH]c(-c3ccncc3)n2)ccn1,2.0,C13H8N6,248.25
CHEMBL1078178,MOMELOTINIB,N#CCNC(=O)c1ccc(-c2ccnc(Nc3ccc(N4CCOCC4)cc3)n2)cc1,4.0,C23H22N6O2,414.47
CHEMBL1078261,PROPIVERINE,CCCOC(C(=O)OC1CCN(C)CC1)(c1ccccc1)c1ccccc1,4.0,C23H29NO3,367.49
CHEMBL1077896,ROPIVACAINE,CCCN1CCCC[C@H]1C(=O)Nc1c(C)cccc1C,4.0,C17H26N2O,274.41
CHEMBL1090771,AVAGACESTAT,NC(=O)[C@@H](CCC(F)(F)F)N(Cc1ccc(-c2ncon2)cc1F)S(=O)(=O)c1ccc(Cl)cc1,2.0,C20H17ClF4N4O4S,520.89
CHEMBL1090089,PAMAPIMOD,Cn1c(=O)c(Oc2ccc(F)cc2F)cc2cnc(NC(CCO)CCO)nc21,2.0,C19H20F2N4O4,406.39
CHEMBL1090090,VX-702,NC(=O)c1ccc(N(C(N)=O)c2c(F)cccc2F)nc1-c1ccc(F)cc1F,2.0,C19H12F4N4O2,404.32
CHEMBL1088750,ARRY-797,CC(C)Cn1ncc2cc(Oc3ccc(F)cc3F)c(C(=O)NCCN(C)C)cc21,3.0,C22H26F2N4O2,416.47
CHEMBL1088751,PH-797804,CNC(=O)c1ccc(C)c(-n2c(C)cc(OCc3ccc(F)cc3F)c(Br)c2=O)c1,2.0,C22H19BrF2N2O3,477.31
CHEMBL1088752,LOSMAPIMOD,Cc1c(F)cc(C(=O)NC2CC2)cc1-c1ccc(C(=O)NCC(C)(C)C)cn1,3.0,C22H26FN3O2,383.47
CHEMBL1093059,BARDOXOLONE,CC1(C)CC[C@]2(C(=O)O)CC[C@]3(C)[C@H](C(=O)C=C4[C@@]5(C)C=C(C#N)C(=O)C(C)(C)[C@@H]5CC[C@]43C)[C@@H]2C1,2.0,C31H41NO4,491.67
CHEMBL1093458,ENDOXIFEN,CC/C(=C(\c1ccc(O)cc1)c1ccc(OCCNC)cc1)c1ccccc1,3.0,C25H27NO2,373.50
CHEMBL1092665,SP-420,COCCOCCOc1ccc(C2=N[C@@](C)(C(=O)O)CS2)c(O)c1,2.0,C16H21NO6S,355.41
CHEMBL1090173,SD-0006,O=C(CO)N1CCC(c2n[nH]c(-c3ccc(Cl)cc3)c2-c2ccncn2)CC1,1.0,C20H20ClN5O2,397.87
CHEMBL1092581,NESBUVIR,CNC(=O)c1c(-c2ccc(F)cc2)oc2cc(N(CCO)S(C)(=O)=O)c(C3CC3)cc12,2.0,C22H23FN2O5S,446.50
CHEMBL1089221,BENDAZAC,O=C(O)COc1nn(Cc2ccccc2)c2ccccc12,4.0,C16H14N2O3,282.30
CHEMBL1088977,ADEMETIONINE,C[S+](CC[C@H](N)C(=O)[O-])C[C@H]1O[C@@H](n2cnc3c(N)ncnc32)[C@H](O)[C@@H]1O,3.0,C15H22N6O5S,398.45
CHEMBL1093423,LUSEOGLIFLOZIN,CCOc1ccc(Cc2cc([C@@H]3S[C@H](CO)[C@@H](O)[C@H](O)[C@H]3O)c(OC)cc2C)cc1,2.0,C23H30O6S,434.55
CHEMBL1089318,OPICAPONE,Cc1c(Cl)c(C)[n+]([O-])c(Cl)c1-c1noc(-c2cc(O)c(O)c([N+](=O)[O-])c2)n1,4.0,C15H10Cl2N4O6,413.17
CHEMBL1089641,TRYPAN BLUE FREE ACID,Cc1cc(-c2ccc(/N=N/c3c(S(=O)(=O)O)cc4cc(S(=O)(=O)O)cc(N)c4c3O)c(C)c2)ccc1/N=N/c1c(S(=O)(=O)O)cc2cc(S(=O)(=O)O)cc(N)c2c1O,4.0,C34H28N6O14S4,872.89
CHEMBL1090479,GSK-1070916,CCn1cc(-c2ccnc3[nH]c(-c4cccc(CN(C)C)c4)cc23)c(-c2ccc(NC(=O)N(C)C)cc2)n1,1.0,C30H33N7O,507.64
CHEMBL1090488,PF-00446687,C[C@@H]1CN(C(=O)[C@@H]2CN(C(C)(C)C)C[C@H]2c2ccc(F)cc2F)C[C@H](C)[C@@]1(O)c1ccccc1,2.0,C28H36F2N2O2,470.60
CHEMBL1091644,LINSITINIB,C[C@]1(O)C[C@@H](c2nc(-c3ccc4ccc(-c5ccccc5)nc4c3)c3c(N)nccn32)C1,3.0,C26H23N5O,421.50
CHEMBL1091250,INDIGOTINDISULFONATE,O=C1/C(=C2\Nc3ccc(S(=O)(=O)O)cc3C2=O)Nc2ccc(S(=O)(=O)O)cc21,4.0,C16H10N2O8S2,422.40
CHEMBL1097615,NETIVUDINE,CC#Cc1cn([C@@H]2O[C@H](CO)[C@@H](O)[C@@H]2O)c(=O)[nH]c1=O,3.0,C12H14N2O6,282.25
CHEMBL1096562,METHYL AMINOLEVULINATE,COC(=O)CCC(=O)CN,4.0,C6H11NO3,145.16
CHEMBL1096643,PHENGLUTARIMIDE,CCN(CC)CCC1(c2ccccc2)CCC(=O)NC1=O,2.0,C17H24N2O2,288.39
CHEMBL1096882,FLUDARABINE PHOSPHATE,Nc1nc(F)nc2c1ncn2[C@@H]1O[C@H](COP(=O)(O)O)[C@@H](O)[C@@H]1O,4.0,C10H13FN5O7P,365.21
CHEMBL1097620,IOTHALAMATE SODIUM,CNC(=O)c1c(I)c(NC(C)=O)c(I)c(C(=O)[O-])c1I.[Na+],4.0,C11H8I3N2NaO4,635.90
CHEMBL1094966,PIRBUTEROL,CC(C)(C)NCC(O)c1ccc(O)c(CO)n1,4.0,C12H20N2O3,240.30
CHEMBL1096885,VALRUBICIN,CCCCC(=O)OCC(=O)[C@]1(O)Cc2c(O)c3c(c(O)c2[C@@H](O[C@H]2C[C@H](NC(=O)C(F)(F)F)[C@H](O)[C@H](C)O2)C1)C(=O)c1c(OC)cccc1C3=O,4.0,C34H36F3NO13,723.65
CHEMBL1096896,UK432097,CCNC(=O)[C@H]1O[C@@H](n2cnc3c(NCC(c4ccccc4)c4ccccc4)nc(C(=O)NCCNC(=O)NC4CCN(c5ccccn5)CC4)nc32)[C@H](O)[C@@H]1O,2.0,C40H47N11O6,777.89
CHEMBL1094636,NIRAPARIB,NC(=O)c1cccc2cn(-c3ccc([C@@H]4CCCNC4)cc3)nc12,4.0,C19H20N4O,320.40
CHEMBL1097235,AZOSEMIDE,NS(=O)(=O)c1cc(-c2nnn[nH]2)c(NCc2cccs2)cc1Cl,3.0,C12H11ClN6O2S2,370.85
CHEMBL1095607,REPROTEROL,Cn1c(=O)c2c(ncn2CCCNCC(O)c2cc(O)cc(O)c2)n(C)c1=O,2.0,C18H23N5O5,389.41
CHEMBL1095292,BRETYLIUM TOSYLATE,CC[N+](C)(C)Cc1ccccc1Br.Cc1ccc(S(=O)(=O)[O-])cc1,4.0,C18H24BrNO3S,414.37
CHEMBL1095282,CAMAZEPAM,CN(C)C(=O)OC1N=C(c2ccccc2)c2cc(Cl)ccc2N(C)C1=O,2.0,C19H18ClN3O3,371.82
CHEMBL1095283,CARBENICILLIN PHENYL,CC1(C)S[C@@H]2[C@H](NC(=O)C(C(=O)Oc3ccccc3)c3ccccc3)C(=O)N2[C@H]1C(=O)O,2.0,C23H22N2O6S,454.50
CHEMBL1095284,CEFATRIZINE,N[C@@H](C(=O)N[C@@H]1C(=O)N2C(C(=O)O)=C(CSc3c[nH]nn3)CS[C@H]12)c1ccc(O)cc1,2.0,C18H18N6O5S2,462.51
CHEMBL1095930,CEFUROXIME AXETIL,CO/N=C(\C(=O)N[C@@H]1C(=O)N2C(C(=O)OC(C)OC(C)=O)=C(COC(N)=O)CS[C@H]12)c1ccco1,4.0,C20H22N4O10S,510.48
CHEMBL1097904,TOLMESOXIDE,COc1cc(C)c([S+](C)[O-])cc1OC,2.0,C10H14O3S,214.29
CHEMBL1098319,2-MERCAPTOETHANESULFONIC ACID,O=S(=O)(O)CCS,4.0,C2H6O3S2,142.20
CHEMBL1098285,DISTIGMINE BROMIDE,CN(CCCCCCN(C)C(=O)Oc1ccc[n+](C)c1)C(=O)Oc1ccc[n+](C)c1.[Br-].[Br-],4.0,C22H32Br2N4O4,576.33
CHEMBL1096927,LEVOMENOL,CC(C)=CCC[C@](C)(O)[C@@H]1CC=C(C)CC1,2.0,C15H26O,222.37
CHEMBL1096237,BMS-188797,COC(=O)O[C@@]12CO[C@@H]1C[C@H](O)[C@@]1(C)C(=O)[C@H](OC(C)=O)C3=C(C)[C@@H](OC(=O)[C@H](O)[C@@H](NC(=O)c4ccccc4)c4ccccc4)C[C@@](O)([C@@H](OC(=O)c4ccccc4)[C@H]21)C3(C)C,1.0,C47H51NO15,869.92
CHEMBL1097205,BORNEOL,CC1(C)C2CCC1(C)C(O)C2,3.0,C10H18O,154.25
CHEMBL1095777,INDACATEROL,CCc1cc2c(cc1CC)CC(NC[C@H](O)c1ccc(O)c3[nH]c(=O)ccc13)C2,4.0,C24H28N2O3,392.50
CHEMBL1094982,INOSITOL NIACINATE,O=C(O[C@H]1[C@H](OC(=O)c2cccnc2)[C@@H](OC(=O)c2cccnc2)[C@H](OC(=O)c2cccnc2)[C@@H](OC(=O)c2cccnc2)[C@H]1OC(=O)c1cccnc1)c1cccnc1,2.0,C42H30N6O12,810.73
CHEMBL1094785,CARMOTEROL,COc1ccc(C[C@@H](C)NC[C@H](O)c2ccc(O)c3[nH]c(=O)ccc23)cc1,2.0,C21H24N2O4,368.43
CHEMBL1096380,PLINABULIN,CC(C)(C)c1[nH]cnc1/C=c1\[nH]c(=O)/c(=C/c2ccccc2)[nH]c1=O,3.0,C19H20N4O2,336.40
CHEMBL1097279,CANGRELOR TETRASODIUM,CSCCNc1nc(SCCC(F)(F)F)nc2c1ncn2[C@@H]1O[C@H](COP(=O)([O-])OP(=O)([O-])C(Cl)(Cl)P(=O)([O-])[O-])[C@@H](O)[C@H]1O.[Na+].[Na+].[Na+].[Na+],4.0,C17H21Cl2F3N5Na4O12P3S2,864.29
CHEMBL1097999,E-6201,CCNc1cc(O)c2c(c1)/C=C/C[C@H](O)[C@H](O)C(=O)/C=C\[C@@H](C)[C@H](C)OC2=O,2.0,C21H27NO6,389.45
CHEMBL1095097,EPLERENONE,COC(=O)[C@@H]1CC2=CC(=O)CC[C@]2(C)[C@@]23O[C@@H]2C[C@@]2(C)[C@@H](CC[C@@]24CCC(=O)O4)[C@H]13,4.0,C24H30O6,414.50
CHEMBL1096979,BENSERAZIDE,NC(CO)C(=O)NNCc1ccc(O)c(O)c1O,3.0,C10H15N3O5,257.25
CHEMBL1096842,PRANIDIPINE,COC(=O)C1=C(C)NC(C)=C(C(=O)OC/C=C/c2ccccc2)C1c1cccc([N+](=O)[O-])c1,2.0,C25H24N2O6,448.48
CHEMBL1098659,WATER,O,4.0,H2O,18.02
CHEMBL1096146,PONESIMOD,CCC/N=C1\S/C(=C\c2ccc(OC[C@H](O)CO)c(Cl)c2)C(=O)N1c1ccccc1C,4.0,C23H25ClN2O4S,460.98
CHEMBL1095032,LETAXABAN,O=C([C@H](O)CS(=O)(=O)c1ccc2cc(Cl)ccc2c1)N1CCC(N2CCCNC2=O)CC1,2.0,C22H26ClN3O5S,479.99
CHEMBL1095699,AZASERINE,[N-]=[N+]=CC(=O)OC[C@H](N)C(=O)O,2.0,C5H7N3O4,173.13
CHEMBL1082723,CIPARGAMIN,C[C@H]1Cc2c([nH]c3cc(Cl)c(F)cc23)[C@@]2(N1)C(=O)Nc1ccc(Cl)cc12,2.0,C19H14Cl2FN3O,390.24
CHEMBL1083659,SUVOREXANT,Cc1ccc(-n2nccn2)c(C(=O)N2CCN(c3nc4cc(Cl)ccc4o3)CC[C@H]2C)c1,4.0,C23H23ClN6O2,450.93
CHEMBL1085699,MANIDIPINE 6300,COC(=O)C1=C(C)NC(C)=C(C(=O)OCCN2CCN(C(c3ccccc3)c3ccccc3)CC2)C1c1cccc([N+](=O)[O-])c1,3.0,C35H38N4O6,610.71
CHEMBL1083385,CLOPIDOGREL BISULFATE,COC(=O)[C@H](c1ccccc1Cl)N1CCc2sccc2C1.O=S(=O)(O)O,4.0,C16H18ClNO6S2,419.91
CHEMBL1083993,AMIODARONE HYDROCHLORIDE,CCCCc1oc2ccccc2c1C(=O)c1cc(I)c(OCCN(CC)CC)c(I)c1.Cl,4.0,C25H30ClI2NO3,681.78
CHEMBL1086440,TRICLABENDAZOLE,CSc1nc2cc(Cl)c(Oc3cccc(Cl)c3Cl)cc2[nH]1,4.0,C14H9Cl3N2OS,359.67
CHEMBL1083390,INTEPIRDINE,O=S(=O)(c1ccccc1)c1cnc2c(N3CCNCC3)cccc2c1,3.0,C19H19N3O2S,353.45
CHEMBL1084513,SB-423562,CC(C)(CC1Cc2ccccc2C1)NC[C@@H](O)COc1cc(CCC(=O)O)ccc1C#N,2.0,C26H32N2O4,436.55
CHEMBL1082407,ENZALUTAMIDE,CNC(=O)c1ccc(N2C(=S)N(c3ccc(C#N)c(C(F)(F)F)c3)C(=O)C2(C)C)cc1F,4.0,C21H16F4N4O2S,464.44
CHEMBL1084546,PF-00562271,CN(c1ncccc1CNc1nc(Nc2ccc3c(c2)CC(=O)N3)ncc1C(F)(F)F)S(C)(=O)=O,1.0,C21H20F3N7O3S,507.50
CHEMBL1082607,SALMETEROL XINAFOATE,O=C(O)c1ccc2ccccc2c1O.OCc1cc(C(O)CNCCCCCCOCCCCc2ccccc2)ccc1O,4.0,C36H45NO7,603.76
CHEMBL1082508,LANDIPIRDINE,NC(=O)NC[C@@H]1CCCc2cc(S(=O)(=O)c3cccc(F)c3)ccc21,2.0,C18H19FN2O3S,362.43
CHEMBL1084172,VILANTEROL TRIFENATATE,O=C(O)C(c1ccccc1)(c1ccccc1)c1ccccc1.OCc1cc([C@@H](O)CNCCCCCCOCCOCc2c(Cl)cccc2Cl)ccc1O,4.0,C44H49Cl2NO7,774.78
CHEMBL1084173,VILANTEROL .ALPHA.-PHENYL CINNAMATE,O=C(O)/C(=C/c1ccccc1)c1ccccc1.OCc1cc([C@@H](O)CNCCCCCCOCCOCc2c(Cl)cccc2Cl)ccc1O,2.0,C39H45Cl2NO7,710.70
CHEMBL1084617,TEMANOGREL,COc1cccc(C(=O)Nc2ccc(OCCN3CCOCC3)c(-c3ccnn3C)c2)c1,2.0,C24H28N4O4,436.51
CHEMBL1082462,DBPR-108,CC(C)(CC(=O)N1CCCC1)NCC(=O)N1C[C@@H](F)C[C@H]1C#N,3.0,C16H25FN4O2,324.40
CHEMBL1082354,TENONITROZOLE,O=C(Nc1ncc([N+](=O)[O-])s1)c1cccs1,2.0,C8H5N3O3S2,255.28
CHEMBL1159650,CLOBETASOL PROPIONATE,CCC(=O)O[C@]1(C(=O)CCl)[C@@H](C)C[C@H]2[C@@H]3CCC4=CC(=O)C=C[C@]4(C)[C@@]3(F)[C@@H](O)C[C@@]21C,4.0,C25H32ClFO5,466.98
CHEMBL1159662,RIBOSE (PYRANOSE),O[C@@H]1[C@H](O)[C@H](O)CO[C@H]1O,2.0,C5H10O5,150.13
CHEMBL1159684,MENADIONE SULFUROUS ACID,CC1(S(=O)(=O)O)CC(=O)c2ccccc2C1=O,2.0,C11H10O5S,254.26
CHEMBL1159715,COLTEROL,CC(C)(C)NCC(O)c1ccc(O)c(O)c1,2.0,C12H19NO3,225.29
CHEMBL1159717,TULOBUTEROL,CC(C)(C)NCC(O)c1ccccc1Cl,2.0,C12H18ClNO,227.74
CHEMBL1159892,PROCINOLOL,CC(C)NCC(O)COc1ccccc1C1CC1,2.0,C15H23NO2,249.35
CHEMBL1160008,IODOPHTHALEIN,O=C1C(I)=CC(=C(c2cc(I)c(O)c(I)c2)c2ccccc2C(=O)O)C=C1I,2.0,C20H10I4O4,821.91
CHEMBL1160385,GUANACLINE,CC1=CCN(CCNC(=N)N)CC1,2.0,C9H18N4,182.27
CHEMBL1160571,PYROPHOSPHORIC ACID,O=P(O)(O)OP(=O)(O)O,2.0,H4O7P2,177.97
CHEMBL1160714,PRENALTEROL,CC(C)NC[C@H](O)COc1ccc(O)cc1,2.0,C12H19NO3,225.29
CHEMBL1160723,LEVISOPRENALINE,CC(C)NC[C@H](O)c1ccc(O)c(O)c1,2.0,C11H17NO3,211.26
CHEMBL1160819,"AMMONIA SOLUTION, STRONG",N,4.0,H3N,17.03
CHEMBL1161632,BICARBONATE,O=C(O)O,3.0,CH2O3,62.02
CHEMBL1161681,NITROUS ACID,O=NO,4.0,HNO2,47.01
CHEMBL1162144,PYRUVATE,CC(=O)C(=O)O,2.0,C3H4O3,88.06
CHEMBL1162175,REGRELOR,CCNC(=O)Nc1ncnc2c1ncn2[C@@H]1O[C@H](COP(=O)(O)O)[C@H]2O[C@H](/C=C/c3ccccc3)O[C@H]21,2.0,C22H25N6O8P,532.45
CHEMBL1162496,"3-HYDROXYBUTYRIC ACID, (+/-)-",CC(O)CC(=O)O,1.0,C4H8O3,104.11
CHEMBL1165342,VINCAMINE,CC[C@]12CCCN3CCc4c(n(c5ccccc45)[C@@](O)(C(=O)OC)C1)[C@@H]32,4.0,C21H26N2O3,354.45
CHEMBL1163488,APOVINCAMINE,CC[C@@]12C=C(C(=O)OC)n3c4c(c5ccccc53)CCN(CCC1)[C@H]42,2.0,C21H24N2O2,336.44
CHEMBL1165411,DEXOXADROL,c1ccc(C2(c3ccccc3)OC[C@H]([C@@H]3CCCCN3)O2)cc1,2.0,C20H23NO2,309.41
CHEMBL1164608,FLUAZURON,O=C(NC(=O)c1c(F)cccc1F)Nc1ccc(Cl)c(Oc2ncc(C(F)(F)F)cc2Cl)c1,2.0,C20H10Cl2F5N3O3,506.21
CHEMBL1165268,IODIPAMIDE,O=C(CCCCC(=O)Nc1c(I)cc(I)c(C(=O)O)c1I)Nc1c(I)cc(I)c(C(=O)O)c1I,4.0,C20H14I6N2O6,1139.76
CHEMBL1164729,FEBUXOSTAT,Cc1nc(-c2ccc(OCC(C)C)c(C#N)c2)sc1C(=O)O,4.0,C16H16N2O3S,316.38
CHEMBL1170610,BENZOXIQUINE,O=C(Oc1cccc2cccnc12)c1ccccc1,2.0,C16H11NO2,249.27
CHEMBL1171754,JNJ-39220675,O=C(c1ccc(Oc2ccc(F)cc2)nc1)N1CCCN(C2CCC2)CC1,2.0,C21H24FN3O2,369.44
CHEMBL1171829,BITOPERTIN,C[C@H](Oc1ccc(S(C)(=O)=O)cc1C(=O)N1CCN(c2ncc(C(F)(F)F)cc2F)CC1)C(F)(F)F,3.0,C21H20F7N3O4S,543.46
CHEMBL1171837,PONATINIB,Cc1ccc(C(=O)Nc2ccc(CN3CCN(C)CC3)c(C(F)(F)F)c2)cc1C#Cc1cnc2cccnn12,4.0,C29H27F3N6O,532.57
CHEMBL1173655,AFATINIB,CN(C)C/C=C/C(=O)Nc1cc2c(Nc3ccc(F)c(Cl)c3)ncnc2cc1O[C@H]1CCOC1,4.0,C24H25ClFN5O3,485.95
CHEMBL1173532,GSK1360707,COC[C@@]12CNCC[C@]1(c1ccc(Cl)c(Cl)c1)C2,1.0,C14H17Cl2NO,286.20
CHEMBL1173055,RUCAPARIB,CNCc1ccc(-c2[nH]c3cc(F)cc4c3c2CCNC4=O)cc1,4.0,C19H18FN3O,323.37
CHEMBL1170047,INIPARIB,NC(=O)c1ccc(I)c([N+](=O)[O-])c1,3.0,C7H5IN2O3,292.03
CHEMBL1172928,RADAFAXINE,C[C@@H]1NC(C)(C)CO[C@@]1(O)c1cccc(Cl)c1,2.0,C13H18ClNO2,255.74
CHEMBL1171272,GIRACODAZOLE,NC[C@H](Cl)[C@@H](O)c1c[nH]c(N)n1,2.0,C6H11ClN4O,190.63
CHEMBL1169490,4'-THIO-2'-DEOXYCYTIDINE,Nc1ccn([C@H]2C[C@H](O)[C@@H](CO)S2)c(=O)n1,1.0,C9H13N3O3S,243.29
CHEMBL1178103,SUDEXANOX,CCCCCCc1cc(S(C)(=N)=O)cc2c(=O)c3cc(C(=O)O)ccc3oc12,2.0,C21H23NO5S,401.48
CHEMBL1178725,NOLPITANTIUM,CC(C)Oc1cccc(CC(=O)N2CCC[C@](CC[N+]34CCC(c5ccccc5)(CC3)CC4)(c3ccc(Cl)c(Cl)c3)C2)c1,2.0,C37H45Cl2N2O2+,620.69
CHEMBL1178861,BISNAFIDE,C[C@H](CNCCNC[C@@H](C)N1C(=O)c2cccc3cc([N+](=O)[O-])cc(c23)C1=O)N1C(=O)c2cccc3cc([N+](=O)[O-])cc(c23)C1=O,2.0,C32H28N6O8,624.61
CHEMBL1179047,CHLOROPROCAINE,CCN(CC)CCOC(=O)c1ccc(N)cc1Cl,4.0,C13H19ClN2O2,270.76
CHEMBL1179735,AMPROLIUM ION,CCCc1ncc(C[n+]2ccccc2C)c(N)n1,2.0,C14H19N4+,243.33
CHEMBL1180074,MIRISTALKONIUM ION,CCCCCCCCCCCCCC[N+](C)(C)Cc1ccccc1,2.0,C23H42N+,332.60
CHEMBL1180156,SUPLATAST,CCOCC(O)COc1ccc(NC(=O)CC[S+](C)C)cc1,2.0,C16H26NO4S+,328.45
CHEMBL1180418,AZAMETHONIUM,CC[N+](C)(C)CCN(C)CC[N+](C)(C)CC,2.0,C13H33N3+2,231.43
CHEMBL1180484,CARCAINIUM,C[N+](C)(CC(=O)Nc1ccccc1)CC(=O)Nc1ccccc1,2.0,C18H22N3O2+,312.39
CHEMBL1180550,PROLONIUM,C[N+](C)(C)CC(O)C[N+](C)(C)C,2.0,C9H24N2O+2,176.30
CHEMBL1180725,PROPANTHELINE,CC(C)[N+](C)(CCOC(=O)C1c2ccccc2Oc2ccccc21)C(C)C,4.0,C23H30NO3+,368.50
CHEMBL1181731,TEGLARINAD,COCCOCCOCCOCCOC(=O)OC[n+]1ccc(N/C(=N/CCCCCCOc2ccc(Cl)cc2)NC#N)cc1,2.0,C30H43ClN5O8+,637.15
CHEMBL1181829,RSM-932A CATION,CN(c1ccc(Cl)cc1)c1cc[n+](Cc2ccc(-c3ccc(C[n+]4ccc(N(C)c5ccc(Cl)cc5)c5ccccc54)cc3)cc2)c2ccccc12,1.0,C46H38Cl2N4+2,717.74
CHEMBL1181952,"1,1'-METHYLENEBIS(4-((HYDROXYIMINO)METHYL)-PYRIDINIUM)",O/N=C/c1cc[n+](C[n+]2ccc(/C=N/O)cc2)cc1,1.0,C13H14N4O2+2,258.28
CHEMBL1182165,DITERCALINIUM,COc1ccc2[nH]c3ccc4cc[n+](CCN5CCC(C6CCN(CC[n+]7ccc8ccc9[nH]c%10ccc(OC)cc%10c9c8c7)CC6)CC5)cc4c3c2c1,2.0,C46H50N6O2+2,718.95
CHEMBL1182210,BENZETHONIUM,CC(C)(C)CC(C)(C)c1ccc(OCCOCC[N+](C)(C)Cc2ccccc2)cc1,2.0,C27H42NO2+,412.64
CHEMBL1182665,HYDROXYPETHIDINE,CCOC(=O)C1(c2cccc(O)c2)CCN(C)CC1,2.0,C15H21NO3,263.34
CHEMBL1182714,CEVIPABULIN,CNCCCOc1cc(F)c(-c2c(Cl)nc3ncnn3c2N[C@@H](C)C(F)(F)F)c(F)c1,2.0,C18H18ClF5N6O,464.83
CHEMBL1182743,RIMAZOLIUM,CCOC(=O)c1c[n+](C)c2n(c1=O)C(C)CCC2,2.0,C13H19N2O3+,251.31
CHEMBL1182833,MIVACURIUM,COc1cc2c(cc1OC)[C@@H](Cc1cc(OC)c(OC)c(OC)c1)[N+](C)(CCCOC(=O)CC/C=C/CCC(=O)OCCC[N+]1(C)CCc3cc(OC)c(OC)cc3[C@H]1Cc1cc(OC)c(OC)c(OC)c1)CC2,4.0,C58H80N2O14+2,1029.28
CHEMBL1182997,GANTACURIUM,COc1cc2c(cc1OC)[C@H](c1cc(OC)c(OC)c(OC)c1)[N@@+](C)(CCCOC(=O)/C=C(\Cl)C(=O)OCCC[N@+]1(C)CCc3cc(OC)c(OC)cc3[C@H]1Cc1cc(OC)c(OC)c(OC)c1)CC2,2.0,C53H69ClN2O14+2,993.59
CHEMBL1183040,ALBITIAZOLIUM,Cc1c(CCO)sc[n+]1CCCCCCCCCCCC[n+]1csc(CCO)c1C,2.0,C24H42N2O2S2+2,454.75
CHEMBL1183060,SULOSEMIDE,NS(=O)(=O)c1cc(S(=O)(=O)O)c(NCc2ccco2)cc1Oc1ccccc1,2.0,C17H16N2O7S2,424.46
CHEMBL1183349,ISAVUCONAZONIUM,CNCC(=O)OCc1cccnc1N(C)C(=O)OC(C)[n+]1cnn(C[C@](O)(c2cc(F)ccc2F)[C@@H](C)c2nc(-c3ccc(C#N)cc3)cs2)c1,4.0,C35H35F2N8O5S+,717.78
CHEMBL1183605,CETRIMONIUM,CCCCCCCCCCCCCCCC[N+](C)(C)C,2.0,C19H42N+,284.55
CHEMBL1183627,ALETHINE,NCCC(=O)NCCSSCCNC(=O)CCN,1.0,C10H22N4O2S2,294.45
CHEMBL1183691,NEOTETRAZOLIUM,c1ccc(-c2nn(-c3ccccc3)[n+](-c3ccc(-c4ccc(-[n+]5nc(-c6ccccc6)nn5-c5ccccc5)cc4)cc3)n2)cc1,1.0,C38H28N8+2,596.70
CHEMBL1183717,ALMITRINE,C=CCNc1nc(NCC=C)nc(N2CCN(C(c3ccc(F)cc3)c3ccc(F)cc3)CC2)n1,4.0,C26H29F2N7,477.56
CHEMBL1184360,DIAMTHAZOLE,CCN(CC)CCOc1ccc2nc(N(C)C)sc2c1,4.0,C15H23N3OS,293.44
CHEMBL1184904,RETASPIMYCIN,C=CCNc1c(O)cc2c(O)c1C[C@@H](C)C[C@H](OC)[C@H](O)[C@@H](C)/C=C(\C)[C@H](OC(N)=O)[C@@H](OC)/C=C\C=C(/C)C(=O)N2,3.0,C31H45N3O8,587.71
CHEMBL1185568,DITHIAZANINE,CCN1C(=CC=CC=Cc2sc3ccccc3[n+]2CC)Sc2ccccc21,4.0,C23H23N2S2+,391.59
CHEMBL1185703,ENOXAMAST,O=C(O)C(=O)Nc1nc(-c2ccc3c(c2)OCCO3)cs1,2.0,C13H10N2O5S,306.30
CHEMBL1186579,METHYLNALTREXONE,C[N+]1(CC2CC2)CC[C@]23c4c5ccc(O)c4O[C@H]2C(=O)CC[C@@]3(O)[C@H]1C5,4.0,C21H26NO4+,356.44
CHEMBL1186581,RTI-336,Cc1ccc(-c2cc([C@@H]3C4CCC(C[C@@H]3c3ccc(Cl)cc3)N4C)on2)cc1,1.0,C24H25ClN2O,392.93
CHEMBL1186610,ANISOTROPINE,CCCC(CCC)C(=O)O[C@H]1C[C@H]2CC[C@@H](C1)[N+]2(C)C,4.0,C17H32NO2+,282.45
CHEMBL1186894,AMRUBICIN,CC(=O)[C@]1(N)Cc2c(O)c3c(c(O)c2[C@@H](O[C@H]2C[C@H](O)[C@H](O)CO2)C1)C(=O)c1ccccc1C3=O,3.0,C25H25NO9,483.47
CHEMBL1187011,DOMIPHEN,CCCCCCCCCCCC[N+](C)(C)CCOc1ccccc1,2.0,C22H40NO+,334.57
CHEMBL1187120,BL-1021,CN(CCC=C1c2ccccc2CCc2ccccc21)C(=O)CCCN,1.0,C23H28N2O,348.49
CHEMBL1187417,BENZALKONIUM,CCCCCCCCCCCCC[N+](C)(C)Cc1ccccc1,2.0,C22H40N+,318.57
CHEMBL1187445,CETRAXATE,NC[C@H]1CC[C@H](C(=O)Oc2ccc(CCC(=O)O)cc2)CC1,2.0,C17H23NO4,305.37
CHEMBL1187562,PROSPIDIUM,OC(CCl)CN1CC[N+]2(CC1)CC[N+]1(CCN(CC(O)CCl)CC1)CC2,2.0,C18H36Cl2N4O2+2,411.42
CHEMBL1187572,VINLEUROSINE,CC[C@]12CN3CCc4c([nH]c5ccccc45)[C@@](C(=O)OC)(c4cc5c(cc4OC)N(C)[C@H]4[C@@](O)(C(=O)OC)[C@H](OC(C)=O)[C@]6(CC)C=CCN7CC[C@]54[C@@H]76)C[C@@H](C3)[C@H]1O2,2.0,C46H56N4O9,808.97
CHEMBL1187646,PERPHENAZINE 4-AMINOBUTYRATE,NCCCC(=O)OCCN1CCN(CCCN2c3ccccc3Sc3ccc(Cl)cc32)CC1,2.0,C25H33ClN4O2S,489.09
CHEMBL1187694,QUIFENADINE,OC(c1ccccc1)(c1ccccc1)C1CN2CCC1CC2,2.0,C20H23NO,293.41
CHEMBL1187724,METHYLATROPINE,C[N+]1(C)[C@@H]2CC[C@H]1C[C@@H](OC(=O)C(CO)c1ccccc1)C2,2.0,C18H26NO3+,304.41
CHEMBL1187833,UMECLIDINIUM,OC(c1ccccc1)(c1ccccc1)C12CC[N+](CCOCc3ccccc3)(CC1)CC2,4.0,C29H34NO2+,428.60
CHEMBL1188181,CLODOXOPONE,O=c1oc(CCN2CCN(c3ccccc3)CC2)c(-c2ccc(Cl)cc2)o1,2.0,C21H21ClN2O3,384.86
CHEMBL1188395,NEPICASTAT,NCc1c[nH]c(=S)n1[C@H]1CCc2c(F)cc(F)cc2C1,2.0,C14H15F2N3S,295.36
CHEMBL1188530,FLUDOXOPONE,O=c1oc(CCN2CCN(c3ccccc3)CC2)c(-c2ccc(F)cc2)o1,2.0,C21H21FN2O3,368.41
CHEMBL1189025,BROSTALLICIN,C=C(Br)C(=O)Nc1cc(C(=O)Nc2cc(C(=O)Nc3cc(C(=O)Nc4cc(C(=O)NCCNC(=N)N)n(C)c4)n(C)c3)n(C)c2)n(C)c1,2.0,C30H35BrN12O5,723.59
CHEMBL1189150,LINSIDOMINE,[NH-]c1c[n+](N2CCOCC2)no1,2.0,C6H10N4O2,170.17
CHEMBL1189257,TALAGLUMETAD,C[C@H](N)C(=O)N[C@@]1(C(=O)O)CC[C@H]2[C@H](C(=O)O)[C@H]21,2.0,C11H16N2O5,256.26
CHEMBL1189432,OLOPATADINE,CN(C)CC/C=C1/c2ccccc2COc2ccc(CC(=O)O)cc21,4.0,C21H23NO3,337.42
CHEMBL1189513,FURALTADONE,O=C1OC(CN2CCOCC2)CN1/N=C/c1ccc([N+](=O)[O-])o1,2.0,C13H16N4O6,324.29
CHEMBL1189679,PALONOSETRON,O=C1c2cccc3c2[C@H](CCC3)CN1[C@@H]1CN2CCC1CC2,4.0,C19H24N2O,296.41
CHEMBL1189780,NAFAGREL,O=C(O)c1ccc2c(c1)CCC(Cn1ccnc1)C2,2.0,C15H16N2O2,256.30
CHEMBL1190119,MEFENIDRAMIUM,C[N+](C)(C)CCOC(c1ccccc1)c1ccccc1,2.0,C18H24NO+,270.40
CHEMBL1190199,ASIMADOLINE,CN(C(=O)C(c1ccccc1)c1ccccc1)[C@H](CN1CC[C@H](O)C1)c1ccccc1,3.0,C27H30N2O2,414.55
CHEMBL1190262,OLANEXIDINE,CCCCCCCCNC(=N)NC(=N)NCc1ccc(Cl)c(Cl)c1,2.0,C17H27Cl2N5,372.34
CHEMBL1190737,ISOXAPROLOL,Cc1cc(/C=C/c2ccccc2OCC(O)CNC(C)(C)C)on1,2.0,C19H26N2O3,330.43
CHEMBL1190753,DIMEFADANE,CN(C)C1CC(c2ccccc2)c2ccccc21,2.0,C17H19N,237.35
CHEMBL1191989,FLUTIZENOL,OCCN1CCN(CCCN2c3cc(C(F)(F)F)ccc3Sc3sccc32)CC1,2.0,C20H24F3N3OS2,443.56
CHEMBL1192237,ZINOCONAZOLE,Clc1ccc(/C(Cn2ccnc2)=N/Nc2c(Cl)cccc2Cl)s1,2.0,C15H11Cl3N4S,385.71
CHEMBL1192491,CICLAZINDOL,OC1(c2cccc(Cl)c2)C2=NCCCN2c2ccccc21,2.0,C17H15ClN2O,298.77
CHEMBL1192517,BIFEMELANE,CNCCCCOc1ccccc1Cc1ccccc1,2.0,C18H23NO,269.39
CHEMBL1192519,BENAZEPRILAT,O=C(O)CN1C(=O)[C@@H](N[C@@H](CCc2ccccc2)C(=O)O)CCc2ccccc21,2.0,C22H24N2O5,396.44
CHEMBL1192539,NAPACTADINE,C/N=C(/Cc1ccc2ccccc2c1)NC,2.0,C14H16N2,212.30
CHEMBL1192678,PIQUINDONE,CCc1c(C)[nH]c2c1C(=O)C1CN(C)CCC1C2,2.0,C15H22N2O,246.35
CHEMBL1192913,FALIPAMIL,COc1ccc(CCN(C)CCCN2Cc3cc(OC)c(OC)cc3C2=O)cc1OC,2.0,C24H32N2O5,428.53
CHEMBL1193886,ERSENTILIDE,CS(=O)(=O)Nc1ccc(OC[C@@H](O)CNCCOc2ccc(-n3ccnc3)cc2)cc1,2.0,C21H26N4O5S,446.53
CHEMBL1193948,AMIBEGRON,CCOC(=O)COc1ccc2c(c1)C[C@@H](NC[C@H](O)c1cccc(Cl)c1)CC2,3.0,C22H26ClNO4,403.91
CHEMBL1194161,PIRTENIDINE,CCCCCCCCN=c1ccn(CCCCCCCC)cc1,2.0,C21H38N2,318.55
CHEMBL1194287,CHLOROPYRAMINE,CN(C)CCN(Cc1ccc(Cl)cc1)c1ccccn1,2.0,C16H20ClN3,289.81
CHEMBL1194325,ACLIDINIUM,O=C(O[C@H]1C[N+]2(CCCOc3ccccc3)CCC1CC2)C(O)(c1cccs1)c1cccs1,4.0,C26H30NO4S2+,484.66
CHEMBL1194666,DIETHYLPROPION,CCN(CC)C(C)C(=O)c1ccccc1,4.0,C13H19NO,205.30
CHEMBL1195136,SNX 5422,CC1(C)CC(=O)c2c(C(F)(F)F)nn(-c3ccc(C(N)=O)c(N[C@H]4CC[C@H](OC(=O)CN)CC4)c3)c2C1,2.0,C25H30F3N5O4,521.54
CHEMBL1195210,ALEXIDINE,CCCCC(CC)CNC(=N)NC(=N)NCCCCCCNC(=N)NC(=N)NCC(CC)CCCC,2.0,C26H56N10,508.80
CHEMBL1195301,ZOLUNICANT,COCCC1CC2CN3CCc4c([nH]c5ccccc45)C(C(=O)OC)(C2)C13,2.0,C22H28N2O3,368.48
CHEMBL1197051,ISOXSUPRINE,CC(COc1ccccc1)NC(C)C(O)c1ccc(O)cc1,2.0,C18H23NO3,301.39
CHEMBL1197091,HALOFUGINONE,O=C(CC1NCCCC1O)Cn1cnc2cc(Br)c(Cl)cc2c1=O,2.0,C16H17BrClN3O3,414.69
CHEMBL1197564,NORKETOTIFEN,O=C1Cc2ccccc2C(=C2CCNCC2)c2ccsc21,2.0,C18H17NOS,295.41
CHEMBL1197578,CYPROQUINATE,CCOC(=O)c1cnc2cc(OCC3CC3)c(OCC3CC3)cc2c1O,2.0,C20H23NO5,357.41
CHEMBL1197792,BIALAMICOL,C=CCc1cc(-c2cc(CC=C)c(O)c(CN(CC)CC)c2)cc(CN(CC)CC)c1O,2.0,C28H40N2O2,436.64
CHEMBL1198855,RONACALERET,CC(C)(CC1Cc2ccccc2C1)NC[C@@H](O)COc1cc(CCC(=O)O)cc(F)c1F,2.0,C25H31F2NO4,447.52
CHEMBL1198857,VILANTEROL,OCc1cc([C@@H](O)CNCCCCCCOCCOCc2c(Cl)cccc2Cl)ccc1O,4.0,C24H33Cl2NO5,486.44
CHEMBL1199080,BRETYLIUM,CC[N+](C)(C)Cc1ccccc1Br,4.0,C11H17BrN+,243.17
CHEMBL1199307,DISTIGMINE,CN(CCCCCCN(C)C(=O)Oc1ccc[n+](C)c1)C(=O)Oc1ccc[n+](C)c1,4.0,C22H32N4O4+2,416.52
CHEMBL1199324,FOSAPREPITANT,C[C@@H](O[C@H]1OCCN(Cc2nn(P(=O)(O)O)c(=O)[nH]2)[C@H]1c1ccc(F)cc1)c1cc(C(F)(F)F)cc(C(F)(F)F)c1,4.0,C23H22F7N4O6P,614.41
CHEMBL1199480,OCTENIDINE,CCCCCCCCN=c1ccn(CCCCCCCCCCn2ccc(=NCCCCCCCC)cc2)cc1,2.0,C36H62N4,550.92
CHEMBL1200321,SULFISOXAZOLE DIOLAMINE,Cc1noc(NS(=O)(=O)c2ccc(N)cc2)c1C.OCCNCCO,4.0,C15H24N4O5S,372.45
CHEMBL1200322,ESCITALOPRAM OXALATE,CN(C)CCC[C@@]1(c2ccc(F)cc2)OCc2cc(C#N)ccc21.O=C(O)C(=O)O,4.0,C22H23FN2O5,414.43
CHEMBL1200323,LABETALOL HYDROCHLORIDE,CC(CCc1ccccc1)NCC(O)c1ccc(O)c(C(N)=O)c1.Cl,4.0,C19H25ClN2O3,364.87
CHEMBL1200326,NICARDIPINE HYDROCHLORIDE,COC(=O)C1=C(C)NC(C)=C(C(=O)OCCN(C)Cc2ccccc2)C1c1cccc([N+](=O)[O-])c1.Cl,4.0,C26H30ClN3O6,515.99
CHEMBL1200328,DULOXETINE HYDROCHLORIDE,CNCC[C@H](Oc1cccc2ccccc12)c1cccs1.Cl,4.0,C18H20ClNOS,333.88
CHEMBL1200329,TIZANIDINE HYDROCHLORIDE,Cl.Clc1ccc2nsnc2c1NC1=NCCN1,4.0,C9H9Cl2N5S,290.18
CHEMBL1200330,PILOCARPINE HYDROCHLORIDE,CC[C@@H]1C(=O)OC[C@@H]1Cc1cncn1C.Cl,4.0,C11H17ClN2O2,244.72
CHEMBL1200331,FOSFOMYCIN TROMETHAMINE,C[C@@H]1O[C@@H]1P(=O)(O)O.NC(CO)(CO)CO,4.0,C7H18NO7P,259.19
CHEMBL1200332,PROTRIPTYLINE HYDROCHLORIDE,CNCCCC1c2ccccc2C=Cc2ccccc21.Cl,4.0,C19H22ClN,299.85
CHEMBL1200334,MORICIZINE HYDROCHLORIDE,CCOC(=O)Nc1ccc2c(c1)N(C(=O)CCN1CCOCC1)c1ccccc1S2.Cl,4.0,C22H26ClN3O4S,463.99
CHEMBL1200335,TESTOSTERONE ENANTHATE,CCCCCCC(=O)O[C@H]1CC[C@H]2[C@@H]3CCC4=CC(=O)CC[C@]4(C)[C@H]3CC[C@]12C,4.0,C26H40O3,400.60
CHEMBL1200338,PINACIDIL,CC(N/C(=N\C#N)Nc1ccncc1)C(C)(C)C.O,4.0,C13H21N5O,263.35
CHEMBL1200339,PHENYLEPHRINE HYDROCHLORIDE,CNC[C@H](O)c1cccc(O)c1.Cl,4.0,C9H14ClNO2,203.67
CHEMBL1200340,OSELTAMIVIR PHOSPHATE,CCOC(=O)C1=C[C@@H](OC(CC)CC)[C@H](NC(C)=O)[C@@H](N)C1.O=P(O)(O)O,4.0,C16H31N2O8P,410.40
CHEMBL1200341,INDECAINIDE HYDROCHLORIDE,CC(C)NCCCC1(C(N)=O)c2ccccc2-c2ccccc21.Cl,4.0,C20H25ClN2O,344.89
CHEMBL1200342,PARAMETHASONE ACETATE,CC(=O)OCC(=O)[C@@]1(O)[C@H](C)C[C@H]2[C@@H]3C[C@H](F)C4=CC(=O)C=C[C@]4(C)[C@H]3[C@@H](O)C[C@@]21C,4.0,C24H31FO6,434.50
CHEMBL1200343,PERINDOPRIL ERBUMINE,CC(C)(C)N.CCC[C@H](N[C@@H](C)C(=O)N1[C@H](C(=O)O)C[C@@H]2CCCC[C@@H]21)C(=O)OCC,4.0,C23H43N3O5,441.61
CHEMBL1200345,SODIUM SUCCINATE,O=C([O-])CCC(=O)O.[Na+],4.0,C4H5NaO4,140.07
CHEMBL1200347,ISOPROPAMIDE IODIDE,CC(C)[N+](C)(CCC(C(N)=O)(c1ccccc1)c1ccccc1)C(C)C.[I-],4.0,C23H33IN2O,480.43
CHEMBL1200348,SULCONAZOLE NITRATE,Clc1ccc(CSC(Cn2ccnc2)c2ccc(Cl)cc2Cl)cc1.O=[N+]([O-])O,4.0,C18H16Cl3N3O3S,460.77
CHEMBL1200350,IODIPAMIDE SODIUM,O=C(CCCCC(=O)Nc1c(I)cc(I)c(C(=O)[O-])c1I)Nc1c(I)cc(I)c(C(=O)[O-])c1I.[Na+].[Na+],4.0,C20H12I6N2Na2O6,1183.73
CHEMBL1200351,SULFADIAZINE SODIUM,Nc1ccc(S(=O)(=O)[N-]c2ncccn2)cc1.[Na+],4.0,C10H9N4NaO2S,272.26
CHEMBL1200353,MEGLUMINE METRIZOATE,CC(=O)Nc1c(I)c(C(=O)O)c(I)c(N(C)C(C)=O)c1I.CNC[C@H](O)[C@@H](O)[C@H](O)[C@H](O)CO,4.0,C19H28I3N3O9,823.16
CHEMBL1200354,SODIUM TETRADECYL SULFATE,CCCCC(CC)CCC(CC(C)C)OS(=O)(=O)[O-].[Na+],4.0,C14H29NaO4S,316.44
CHEMBL1200356,CYCLACILLIN,CC1(C)S[C@@H]2[C@H](NC(=O)C3(N)CCCCC3)C(=O)N2[C@H]1C(=O)O,4.0,C15H23N3O4S,341.43
CHEMBL1200357,MOXALACTAM DISODIUM,CO[C@@]1(NC(=O)C(C(=O)[O-])c2ccc(O)cc2)C(=O)N2C(C(=O)[O-])=C(CSc3nnnn3C)CO[C@@H]21.[Na+].[Na+],4.0,C20H18N6Na2O9S,564.44
CHEMBL1200358,SODIUM PHENYLACETATE,O=C([O-])Cc1ccccc1.[Na+],4.0,C8H7NaO2,158.13
CHEMBL1200359,SULFAMETER,COc1cnc(NS(=O)(=O)c2ccc(N)cc2)nc1,4.0,C11H12N4O3S,280.31
CHEMBL1200360,IOFETAMINE HYDROCHLORIDE I 123,CC(C)NC(C)Cc1ccc([123I])cc1.Cl,4.0,C12H19ClIN,335.65
CHEMBL1200365,AMINOHIPPURATE SODIUM,Nc1ccc(C(=O)NCC(=O)[O-])cc1.[Na+],4.0,C9H9N2NaO3,216.17
CHEMBL1200366,CEPHALEXIN HYDROCHLORIDE,CC1=C(C(=O)O)N2C(=O)[C@@H](NC(=O)[C@H](N)c3ccccc3)[C@H]2SC1.Cl.O,4.0,C16H20ClN3O5S,401.87
CHEMBL1200367,ECHOTHIOPHATE IODIDE,CCOP(=O)(OCC)SCC[N+](C)(C)C.[I-],4.0,C9H23INO3PS,383.23
CHEMBL1200368,BENTIROMIDE,O=C(O)c1ccc(NC(=O)[C@H](Cc2ccc(O)cc2)NC(=O)c2ccccc2)cc1,4.0,C23H20N2O5,404.42
CHEMBL1200370,BENZOYL PEROXIDE,O=C(OOC(=O)c1ccccc1)c1ccccc1,4.0,C14H10O4,242.23
CHEMBL1200374,EXEMESTANE,C=C1C[C@@H]2[C@H](CC[C@]3(C)C(=O)CC[C@@H]23)[C@@]2(C)C=CC(=O)C=C12,4.0,C20H24O2,296.41
CHEMBL1200375,EDETATE CALCIUM DISODIUM ANHYDROUS,O=C([O-])CN(CCN(CC(=O)[O-])CC(=O)[O-])CC(=O)[O-].[Ca+2].[Na+].[Na+],4.0,C10H12CaN2Na2O8,374.27
CHEMBL1200376,BETAMETHASONE BENZOATE,C[C@H]1C[C@H]2[C@@H]3CCC4=CC(=O)C=C[C@]4(C)[C@@]3(F)[C@@H](O)C[C@]2(C)[C@@]1(OC(=O)c1ccccc1)C(=O)CO,4.0,C29H33FO6,496.58
CHEMBL1200377,AMPHETAMINE ASPARTATE,CC(N)Cc1ccccc1.NC(CC(=O)O)C(=O)O,4.0,C13H20N2O4,268.31
CHEMBL1200379,APRACLONIDINE HYDROCHLORIDE,Cl.Nc1cc(Cl)c(N=C2NCCN2)c(Cl)c1,4.0,C9H11Cl3N4,281.57
CHEMBL1200380,ACYCLOVIR SODIUM,Nc1nc([O-])c2ncn(COCCO)c2n1.[Na+],4.0,C8H10N5NaO3,247.19
CHEMBL1200381,ARGININE HYDROCHLORIDE,Cl.N=C(N)NCCC[C@H](N)C(=O)O,4.0,C6H15ClN4O2,210.66
CHEMBL1200382,BEPRIDIL HYDROCHLORIDE,CC(C)COCC(CN(Cc1ccccc1)c1ccccc1)N1CCCC1.Cl.O,4.0,C24H37ClN2O2,421.03
CHEMBL1200383,BENZTROPINE MESYLATE,CN1[C@@H]2CC[C@H]1C[C@@H](OC(c1ccccc1)c1ccccc1)C2.CS(=O)(=O)O,4.0,C22H29NO4S,403.54
CHEMBL1200384,BETAMETHASONE DIPROPIONATE,CCC(=O)OCC(=O)[C@@]1(OC(=O)CC)[C@@H](C)C[C@H]2[C@@H]3CCC4=CC(=O)C=C[C@]4(C)[C@@]3(F)[C@@H](O)C[C@@]21C,4.0,C28H37FO7,504.60
CHEMBL1200385,ARBUTAMINE HYDROCHLORIDE,Cl.Oc1ccc(CCCCNC[C@H](O)c2ccc(O)c(O)c2)cc1,4.0,C18H24ClNO4,353.85
CHEMBL1200386,PREDNICARBATE,CCOC(=O)O[C@]1(C(=O)COC(=O)CC)CC[C@H]2[C@@H]3CCC4=CC(=O)C=C[C@]4(C)[C@H]3[C@@H](O)C[C@@]21C,4.0,C27H36O8,488.58
CHEMBL1200387,AMPHETAMINE ADIPATE,CC(N)Cc1ccccc1.O=C(O)CCCCC(=O)O,4.0,C15H23NO4,281.35
CHEMBL1200388,CLOXACILLIN SODIUM,Cc1onc(-c2ccccc2Cl)c1C(=O)N[C@@H]1C(=O)N2[C@@H]1SC(C)(C)[C@@H]2C(=O)[O-].O.[Na+],4.0,C19H19ClN3NaO6S,475.89
CHEMBL1200389,BRIMONIDINE TARTRATE,Brc1c(NC2=NCCN2)ccc2nccnc12.O=C(O)[C@H](O)[C@@H](O)C(=O)O,4.0,C15H16BrN5O6,442.23
CHEMBL1200391,TROMETHAMINE,NC(CO)(CO)CO,4.0,C4H11NO3,121.14
CHEMBL1200392,DOXYLAMINE SUCCINATE,CN(C)CCOC(C)(c1ccccc1)c1ccccn1.O=C(O)CCC(=O)O,4.0,C21H28N2O5,388.46
CHEMBL1200393,GREPAFLOXACIN HYDROCHLORIDE,Cc1c(F)c(N2CCNC(C)C2)cc2c1c(=O)c(C(=O)O)cn2C1CC1.Cl,4.0,C19H23ClFN3O3,395.86
CHEMBL1200395,ORPHENADRINE CITRATE,Cc1ccccc1C(OCCN(C)C)c1ccccc1.O=C(O)CC(O)(CC(=O)O)C(=O)O,4.0,C24H31NO8,461.51
CHEMBL1200396,BUPIVACAINE HYDROCHLORIDE,CCCCN1CCCCC1C(=O)Nc1c(C)cccc1C.Cl,4.0,C18H29ClN2O,324.90
CHEMBL1200397,BUTENAFINE HYDROCHLORIDE,CN(Cc1ccc(C(C)(C)C)cc1)Cc1cccc2ccccc12.Cl,4.0,C23H28ClN,353.94
CHEMBL1200398,BUTOCONAZOLE NITRATE,Clc1ccc(CCC(Cn2ccnc2)Sc2c(Cl)cccc2Cl)cc1.O=[N+]([O-])O,4.0,C19H18Cl3N3O3S,474.80
CHEMBL1200399,BUSPIRONE HYDROCHLORIDE,Cl.O=C1CC2(CCCC2)CC(=O)N1CCCCN1CCN(c2ncccn2)CC1,4.0,C21H32ClN5O2,421.97
CHEMBL1200400,AZATHIOPRINE SODIUM,Cn1cnc([N+](=O)[O-])c1Sc1ncnc2nc[n-]c12.[Na+],4.0,C9H6N7NaO2S,299.25
CHEMBL1200402,AMLODIPINE BESYLATE,CCOC(=O)C1=C(COCCN)NC(C)=C(C(=O)OC)C1c1ccccc1Cl.O=S(=O)(O)c1ccccc1,4.0,C26H31ClN2O8S,567.06
CHEMBL1200405,BITOLTEROL MESYLATE,CS(=O)(=O)O.Cc1ccc(C(=O)Oc2ccc(C(O)CNC(C)(C)C)cc2OC(=O)c2ccc(C)cc2)cc1,4.0,C29H35NO8S,557.67
CHEMBL1200406,DIMENHYDRINATE,CN(C)CCOC(c1ccccc1)c1ccccc1.Cn1c(=O)c2[nH]c(Cl)nc2n(C)c1=O,4.0,C24H28ClN5O3,469.97
CHEMBL1200409,LIDOCAINE HYDROCHLORIDE,CCN(CC)CC(=O)Nc1c(C)cccc1C.Cl.O,4.0,C14H25ClN2O2,288.82
CHEMBL1200410,PROCARBAZINE HYDROCHLORIDE,CNNCc1ccc(C(=O)NC(C)C)cc1.Cl,4.0,C12H20ClN3O,257.76
CHEMBL1200411,ROPINIROLE HYDROCHLORIDE,CCCN(CCC)CCc1cccc2c1CC(=O)N2.Cl,4.0,C16H25ClN2O,296.84
CHEMBL1200412,NANDROLONE PHENPROPIONATE,C[C@]12CC[C@H]3[C@@H](CCC4=CC(=O)CC[C@@H]43)[C@@H]1CC[C@@H]2OC(=O)CCc1ccccc1,4.0,C27H34O3,406.57
CHEMBL1200413,TETRAHYDROZOLINE HYDROCHLORIDE,Cl.c1ccc2c(c1)CCCC2C1=NCCN1,4.0,C13H17ClN2,236.75
CHEMBL1200418,DOBUTAMINE HYDROCHLORIDE,CC(CCc1ccc(O)cc1)NCCc1ccc(O)c(O)c1.Cl,4.0,C18H24ClNO3,337.85
CHEMBL1200419,MOLINDONE HYDROCHLORIDE,CCc1c(C)[nH]c2c1C(=O)C(CN1CCOCC1)CC2.Cl,4.0,C16H25ClN2O2,312.84
CHEMBL1200420,MIDAZOLAM HYDROCHLORIDE,Cc1ncc2n1-c1ccc(Cl)cc1C(c1ccccc1F)=NC2.Cl,4.0,C18H14Cl2FN3,362.24
CHEMBL1200423,METRIZOATE SODIUM,CC(=O)Nc1c(I)c(C(=O)[O-])c(I)c(N(C)C(C)=O)c1I.[Na+],4.0,C12H10I3N2NaO4,649.92
CHEMBL1200424,PENTETATE ZINC TRISODIUM,O=C([O-])CN(CCN(CC(=O)[O-])CC(=O)[O-])CCN(CC(=O)[O-])CC(=O)[O-].[Na+].[Na+].[Na+].[Zn+2],4.0,C14H18N3Na3O10Zn,522.67
CHEMBL1200425,PARGYLINE HYDROCHLORIDE,C#CCN(C)Cc1ccccc1.Cl,4.0,C11H14ClN,195.69
CHEMBL1200426,METHIXENE HYDROCHLORIDE,CN1CCCC(CC2c3ccccc3Sc3ccccc32)C1.Cl.O,4.0,C20H26ClNOS,363.95
CHEMBL1200430,ESTRADIOL ACETATE,CC(=O)Oc1ccc2c(c1)CC[C@@H]1[C@@H]2CC[C@]2(C)[C@@H](O)CC[C@@H]12,4.0,C20H26O3,314.43
CHEMBL1200432,METHYLDOPATE HYDROCHLORIDE,CCOC(=O)[C@@](C)(N)Cc1ccc(O)c(O)c1.Cl,4.0,C12H18ClNO4,275.73
CHEMBL1200434,OXTRIPHYLLINE,C[N+](C)(C)CCO.Cn1c(=O)c2[n-]cnc2n(C)c1=O,4.0,C12H21N5O3,283.33
CHEMBL1200436,OXANDROLONE,C[C@]12COC(=O)C[C@@H]1CC[C@@H]1[C@@H]2CC[C@@]2(C)[C@H]1CC[C@]2(C)O,4.0,C19H30O3,306.45
CHEMBL1200437,QUINIDINE GLUCONATE,C=C[C@H]1CN2CC[C@H]1C[C@@H]2[C@@H](O)c1ccnc2ccc(OC)cc12.O=C(O)[C@H](O)[C@@H](O)[C@H](O)[C@H](O)CO,4.0,C26H36N2O9,520.58
CHEMBL1200438,TIOCONAZOLE,Clc1ccc(C(Cn2ccnc2)OCc2ccsc2Cl)c(Cl)c1,4.0,C16H13Cl3N2OS,387.72
CHEMBL1200439,IODOHIPPURATE SODIUM I 123,O=C([O-])CNC(=O)c1ccccc1[123I].[Na+],4.0,C9H7INNaO3,323.05
CHEMBL1200440,MEPIVACAINE HYDROCHLORIDE,Cc1cccc(C)c1NC(=O)C1CCCCN1C.Cl,4.0,C15H23ClN2O,282.82
CHEMBL1200444,PIRBUTEROL ACETATE,CC(=O)O.CC(C)(C)NCC(O)c1ccc(O)c(CO)n1,4.0,C14H24N2O5,300.36
CHEMBL1200446,TRIPELENNAMINE HYDROCHLORIDE,CN(C)CCN(Cc1ccccc1)c1ccccn1.Cl,4.0,C16H22ClN3,291.83
CHEMBL1200448,TILUDRONATE DISODIUM,O=P([O-])(O)C(Sc1ccc(Cl)cc1)P(=O)([O-])O.[Na+].[Na+],4.0,C7H7ClNa2O6P2S,362.58
CHEMBL1200449,TRIAMCINOLONE DIACETATE,CC(=O)OCC(=O)[C@@]1(O)[C@H](OC(C)=O)C[C@H]2[C@@H]3CCC4=CC(=O)C=C[C@]4(C)[C@@]3(F)[C@@H](O)C[C@@]21C,4.0,C25H31FO8,478.51
CHEMBL1200453,DOCOSANOL,CCCCCCCCCCCCCCCCCCCCCCO,4.0,C22H46O,326.61
CHEMBL1200454,VALGANCICLOVIR HYDROCHLORIDE,CC(C)[C@H](N)C(=O)OCC(CO)OCn1cnc2c(=O)nc(N)[nH]c21.Cl,4.0,C14H23ClN6O5,390.83
CHEMBL1200455,IOHEXOL,CC(=O)N(CC(O)CO)c1c(I)c(C(=O)NCC(O)CO)c(I)c(C(=O)NCC(O)CO)c1I,4.0,C19H26I3N3O9,821.14
CHEMBL1200458,POTASSIUM CITRATE ANHYDROUS,O=C([O-])CC(O)(CC(=O)[O-])C(=O)[O-].[K+].[K+].[K+],4.0,C6H5K3O7,306.39
CHEMBL1200459,"POTASSIUM PHOSPHATE, DIBASIC",O=P([O-])([O-])O.[K+].[K+],4.0,HK2O4P,174.17
CHEMBL1200461,MIDODRINE HYDROCHLORIDE,COc1ccc(OC)c(C(O)CNC(=O)CN)c1.Cl,4.0,C12H19ClN2O4,290.75
CHEMBL1200463,OXAPROZIN POTASSIUM,O=C([O-])CCc1nc(-c2ccccc2)c(-c2ccccc2)o1.[K+],4.0,C18H14KNO3,331.41
CHEMBL1200464,PROPARACAINE HYDROCHLORIDE,CCCOc1ccc(C(=O)OCCN(CC)CC)cc1N.Cl,4.0,C16H27ClN2O3,330.86
CHEMBL1200467,HYDROXYZINE PAMOATE,O=C(O)c1cc2ccccc2c(Cc2c(O)c(C(=O)O)cc3ccccc23)c1O.OCCOCCN1CCN(C(c2ccccc2)c2ccc(Cl)cc2)CC1,4.0,C44H43ClN2O8,763.29
CHEMBL1200468,MALATHION,CCOC(=O)CC(SP(=S)(OC)OC)C(=O)OCC,4.0,C10H19O6PS2,330.36
CHEMBL1200469,PROMAZINE HYDROCHLORIDE,CN(C)CCCN1c2ccccc2Sc2ccccc21.Cl,4.0,C17H21ClN2S,320.89
CHEMBL1200470,ESOMEPRAZOLE SODIUM,COc1ccc2[n-]c([S@@+]([O-])Cc3ncc(C)c(OC)c3C)nc2c1.[Na+],4.0,C17H18N3NaO3S,367.41
CHEMBL1200471,PYRITHIONE ZINC,[O-][n+]1ccccc1[S-].[O-][n+]1ccccc1[S-].[Zn+2],4.0,C10H8N2O2S2Zn,317.71
CHEMBL1200472,QUAZEPAM,Fc1ccccc1C1=NCC(=S)N(CC(F)(F)F)c2ccc(Cl)cc21,4.0,C17H11ClF4N2S,386.80
CHEMBL1200473,CYCLOPENTOLATE HYDROCHLORIDE,CN(C)CCOC(=O)C(c1ccccc1)C1(O)CCCC1.Cl,4.0,C17H26ClNO3,327.85
CHEMBL1200474,DEMECLOCYCLINE HYDROCHLORIDE,CN(C)[C@@H]1C(O)=C(C(N)=O)C(=O)[C@@]2(O)C(O)=C3C(=O)c4c(O)ccc(Cl)c4[C@@H](O)[C@H]3C[C@@H]12.Cl,4.0,C21H22Cl2N2O8,501.32
CHEMBL1200475,DAUNORUBICIN CITRATE,COc1cccc2c1C(=O)c1c(O)c3c(c(O)c1C2=O)C[C@@](O)(C(C)=O)C[C@@H]3O[C@H]1C[C@H](N)[C@H](O)[C@H](C)O1.O=C(O)CC(O)(CC(=O)O)C(=O)O,4.0,C33H37NO17,719.65
CHEMBL1200477,ALLOPURINOL SODIUM,O=c1[n-]cnc2[nH]ncc12.[Na+],4.0,C5H3N4NaO,158.10
CHEMBL1200478,DYCLONINE HYDROCHLORIDE,CCCCOc1ccc(C(=O)CCN2CCCCC2)cc1.Cl,4.0,C18H28ClNO2,325.88
CHEMBL1200479,DICYCLOMINE HYDROCHLORIDE,CCN(CC)CCOC(=O)C1(C2CCCCC2)CCCCC1.Cl,4.0,C19H36ClNO2,345.96
CHEMBL1200482,CEFOPERAZONE SODIUM,CCN1CCN(C(=O)N[C@@H](C(=O)N[C@@H]2C(=O)N3C(C(=O)[O-])=C(CSc4nnnn4C)CS[C@H]23)c2ccc(O)cc2)C(=O)C1=O.[Na+],4.0,C25H26N9NaO8S2,667.66
CHEMBL1200483,PHENMETRAZINE HYDROCHLORIDE,CC1NCCOC1c1ccccc1.Cl,4.0,C11H16ClNO,213.71
CHEMBL1200485,SORAFENIB TOSYLATE,CNC(=O)c1cc(Oc2ccc(NC(=O)Nc3ccc(Cl)c(C(F)(F)F)c3)cc2)ccn1.Cc1ccc(S(=O)(=O)O)cc1,4.0,C28H24ClF3N4O6S,637.04
CHEMBL1200487,ETHACRYNATE SODIUM,C=C(CC)C(=O)c1ccc(OCC(=O)[O-])c(Cl)c1Cl.[Na+],4.0,C13H11Cl2NaO4,325.12
CHEMBL1200491,EPINASTINE HYDROCHLORIDE,Cl.NC1=NCC2c3ccccc3Cc3ccccc3N12,4.0,C16H16ClN3,285.78
CHEMBL1200492,NEFAZODONE HYDROCHLORIDE,CCc1nn(CCCN2CCN(c3cccc(Cl)c3)CC2)c(=O)n1CCOc1ccccc1.Cl,4.0,C25H33Cl2N5O2,506.48
CHEMBL1200493,NAFTIFINE HYDROCHLORIDE,CN(C/C=C/c1ccccc1)Cc1cccc2ccccc12.Cl,4.0,C21H22ClN,323.87
CHEMBL1200494,GUANFACINE HYDROCHLORIDE,Cl.N=C(N)NC(=O)Cc1c(Cl)cccc1Cl,4.0,C9H10Cl3N3O,282.56
CHEMBL1200495,HYDROCORTISONE SODIUM SUCCINATE,C[C@]12CCC(=O)C=C1CC[C@@H]1[C@@H]2[C@@H](O)C[C@@]2(C)[C@H]1CC[C@]2(O)C(=O)COC(=O)CCC(=O)[O-].[Na+],4.0,C25H33NaO8,484.52
CHEMBL1200496,CALCIUM,[Ca],4.0,Ca,40.08
CHEMBL1200497,CYCLIZINE LACTATE,CC(O)C(=O)O.CN1CCN(C(c2ccccc2)c2ccccc2)CC1,4.0,C21H28N2O3,356.47
CHEMBL1200498,ALATROFLOXACIN MESYLATE,CS(=O)(=O)O.C[C@H](N)C(=O)N[C@@H](C)C(=O)N[C@H]1[C@@H]2CN(c3nc4c(cc3F)c(=O)c(C(=O)O)cn4-c3ccc(F)cc3F)C[C@@H]21,4.0,C27H29F3N6O8S,654.62
CHEMBL1200500,BECLOMETHASONE DIPROPIONATE,CCC(=O)OCC(=O)[C@@]1(OC(=O)CC)[C@@H](C)C[C@H]2[C@@H]3CCC4=CC(=O)C=C[C@]4(C)[C@@]3(Cl)[C@@H](O)C[C@@]21C,4.0,C28H37ClO7,521.05
CHEMBL1200502,AZITHROMYCIN MONOHYDRATE,CC[C@H]1OC(=O)[C@H](C)[C@@H](O[C@H]2C[C@@](C)(OC)[C@@H](O)[C@H](C)O2)[C@H](C)[C@@H](O[C@@H]2O[C@H](C)C[C@H](N(C)C)[C@H]2O)[C@](C)(O)C[C@@H](C)CN(C)[C@H](C)[C@@H](O)[C@]1(C)O.O,2.0,C38H74N2O13,767.01
CHEMBL1200503,BROMOCRIPTINE MESYLATE,CC(C)C[C@H]1C(=O)N2CCC[C@H]2[C@]2(O)O[C@](NC(=O)[C@@H]3C=C4c5cccc6[nH]c(Br)c(c56)C[C@H]4N(C)C3)(C(C)C)C(=O)N12.CS(=O)(=O)O,4.0,C33H44BrN5O8S,750.71
CHEMBL1200506,ERYTHROMYCIN LACTOBIONATE,CC[C@H]1OC(=O)[C@H](C)[C@@H](O[C@H]2C[C@@](C)(OC)[C@@H](O)[C@H](C)O2)[C@H](C)[C@@H](O[C@@H]2O[C@H](C)C[C@H](N(C)C)[C@H]2O)[C@](C)(O)C[C@@H](C)C(=O)[C@H](C)[C@@H](O)[C@]1(C)O.O=C(O)[C@H](O)[C@@H](O)[C@H](O[C@@H]1O[C@H](CO)[C@H](O)[C@H](O)[C@H]1O)[C@H](O)CO,4.0,C49H89NO25,1092.23
CHEMBL1200508,IOXAGLATE MEGLUMINE,CNC(=O)c1c(I)c(C(=O)NCC(=O)Nc2c(I)c(C(=O)O)c(I)c(C(=O)NCCO)c2I)c(I)c(N(C)C(C)=O)c1I.CNC[C@H](O)[C@@H](O)[C@H](O)[C@H](O)CO,4.0,C31H38I6N6O13,1464.10
CHEMBL1200510,ERYTHROMYCIN STEARATE,CCCCCCCCCCCCCCCCCC(=O)O.CC[C@H]1OC(=O)[C@H](C)[C@@H](O[C@H]2C[C@@](C)(OC)[C@@H](O)[C@H](C)O2)[C@H](C)[C@@H](O[C@@H]2O[C@H](C)C[C@H](N(C)C)[C@H]2O)[C@](C)(O)C[C@@H](C)C(=O)[C@H](C)[C@@H](O)[C@]1(C)O,4.0,C55H103NO15,1018.42
CHEMBL1200514,DEMECARIUM BROMIDE,CN(CCCCCCCCCCN(C)C(=O)Oc1cccc([N+](C)(C)C)c1)C(=O)Oc1cccc([N+](C)(C)C)c1.[Br-].[Br-],4.0,C32H52Br2N4O4,716.60
CHEMBL1200515,DESERPIDINE,COC(=O)[C@H]1[C@H]2C[C@@H]3c4[nH]c5ccccc5c4CCN3C[C@H]2C[C@@H](OC(=O)c2cc(OC)c(OC)c(OC)c2)[C@@H]1OC,4.0,C32H38N2O8,578.66
CHEMBL1200517,DIHYDROERGOTAMINE MESYLATE,CN1C[C@H](C(=O)N[C@]2(C)O[C@@]3(O)[C@@H]4CCCN4C(=O)[C@H](Cc4ccccc4)N3C2=O)C[C@@H]2c3cccc4[nH]cc(c34)C[C@H]21.CS(=O)(=O)O,4.0,C34H41N5O8S,679.80
CHEMBL1200521,ALMOTRIPTAN MALATE,CN(C)CCc1c[nH]c2ccc(CS(=O)(=O)N3CCCC3)cc12.O=C(O)CC(O)C(=O)O,4.0,C21H31N3O7S,469.56
CHEMBL1200522,AVOBENZONE,COc1ccc(C(=O)CC(=O)c2ccc(C(C)(C)C)cc2)cc1,4.0,C20H22O3,310.39
CHEMBL1200523,CEFAZOLIN SODIUM,Cc1nnc(SCC2=C(C(=O)[O-])N3C(=O)[C@@H](NC(=O)Cn4cnnn4)[C@H]3SC2)s1.[Na+],4.0,C14H13N8NaO4S3,476.50
CHEMBL1200527,ATRACURIUM BESYLATE,COc1ccc(CC2c3cc(OC)c(OC)cc3CC[N+]2(C)CCC(=O)OCCCCCOC(=O)CC[N+]2(C)CCc3cc(OC)c(OC)cc3C2Cc2ccc(OC)c(OC)c2)cc1OC.O=S(=O)([O-])c1ccccc1.O=S(=O)([O-])c1ccccc1,4.0,C65H82N2O18S2,1243.50
CHEMBL1200530,CEFOXITIN SODIUM,CO[C@@]1(NC(=O)Cc2cccs2)C(=O)N2C(C(=O)[O-])=C(COC(N)=O)CS[C@@H]21.[Na+],4.0,C16H16N3NaO7S2,449.44
CHEMBL1200531,ALFENTANIL HYDROCHLORIDE,CCC(=O)N(c1ccccc1)C1(COC)CCN(CCn2nnn(CC)c2=O)CC1.Cl,4.0,C21H33ClN6O3,452.99
CHEMBL1200532,METHDILAZINE HYDROCHLORIDE,CN1CCC(CN2c3ccccc3Sc3ccccc32)C1.Cl,4.0,C18H21ClN2S,332.90
CHEMBL1200534,MOEXIPRIL HYDROCHLORIDE,CCOC(=O)[C@H](CCc1ccccc1)N[C@@H](C)C(=O)N1Cc2cc(OC)c(OC)cc2C[C@H]1C(=O)O.Cl,4.0,C27H35ClN2O7,535.04
CHEMBL1200538,BETAMETHASONE ACETATE,CC(=O)OCC(=O)[C@@]1(O)[C@@H](C)C[C@H]2[C@@H]3CCC4=CC(=O)C=C[C@]4(C)[C@@]3(F)[C@@H](O)C[C@@]21C,4.0,C24H31FO6,434.50
CHEMBL1200539,CALCIUM CARBONATE,O=C([O-])[O-].[Ca+2],4.0,CCaO3,100.09
CHEMBL1200541,AMBENONIUM CHLORIDE,CC[N+](CC)(CCNC(=O)C(=O)NCC[N+](CC)(CC)Cc1ccccc1Cl)Cc1ccccc1Cl.[Cl-].[Cl-],4.0,C28H42Cl4N4O2,608.48
CHEMBL1200542,DESOXYCORTICOSTERONE ACETATE,CC(=O)OCC(=O)[C@H]1CC[C@H]2[C@@H]3CCC4=CC(=O)CC[C@]4(C)[C@H]3CC[C@]12C,4.0,C23H32O4,372.51
CHEMBL1200543,ANILERIDINE PHOSPHATE,CCOC(=O)C1(c2ccccc2)CCN(CCc2ccc(N)cc2)CC1.O=P(O)(O)O,4.0,C22H31N2O6P,450.47
CHEMBL1200544,CEPHALEXIN,CC1=C(C(=O)O)N2C(=O)[C@@H](NC(=O)[C@H](N)c3ccccc3)[C@H]2SC1.O,4.0,C16H19N3O5S,365.41
CHEMBL1200545,DIFLORASONE DIACETATE,CC(=O)OCC(=O)[C@@]1(OC(C)=O)[C@@H](C)C[C@H]2[C@@H]3C[C@H](F)C4=CC(=O)C=C[C@]4(C)[C@@]3(F)[C@@H](O)C[C@@]21C,4.0,C26H32F2O7,494.53
CHEMBL1200549,RAPACURONIUM BROMIDE,C=CC[N+]1([C@H]2C[C@H]3[C@@H]4CC[C@H]5C[C@H](OC(C)=O)[C@@H](N6CCCCC6)C[C@]5(C)[C@H]4CC[C@]3(C)[C@H]2OC(=O)CC)CCCCC1.[Br-],4.0,C37H61BrN2O4,677.81
CHEMBL1200550,ANTAZOLINE PHOSPHATE,O=P(O)(O)O.c1ccc(CN(CC2=NCCN2)c2ccccc2)cc1,4.0,C17H22N3O4P,363.35
CHEMBL1200559,LACTIC ACID,CC(O)C(=O)O,4.0,C3H6O3,90.08
CHEMBL1200560,GUANABENZ ACETATE,CC(=O)O.N=C(N)N/N=C/c1c(Cl)cccc1Cl,4.0,C10H12Cl2N4O2,291.14
CHEMBL1200561,DOXAZOSIN MESYLATE,COc1cc2nc(N3CCN(C(=O)C4COc5ccccc5O4)CC3)nc(N)c2cc1OC.CS(=O)(=O)O,4.0,C24H29N5O8S,547.59
CHEMBL1200562,HYDROCORTISONE VALERATE,CCCCC(=O)O[C@]1(C(=O)CO)CC[C@H]2[C@@H]3CCC4=CC(=O)CC[C@]4(C)[C@H]3[C@@H](O)C[C@@]21C,4.0,C26H38O6,446.58
CHEMBL1200563,CERIVASTATIN SODIUM,COCc1c(C(C)C)nc(C(C)C)c(/C=C/[C@@H](O)C[C@@H](O)CC(=O)[O-])c1-c1ccc(F)cc1.[Na+],4.0,C26H33FNNaO5,481.54
CHEMBL1200569,CAFFEINE CITRATE,Cn1c(=O)c2c(ncn2C)n(C)c1=O.O=C(O)CC(O)(CC(=O)O)C(=O)O,4.0,C14H18N4O9,386.32
CHEMBL1200570,MEGLUMINE,CNC[C@H](O)[C@@H](O)[C@H](O)[C@H](O)CO,4.0,C7H17NO5,195.22
CHEMBL1200572,MAGNESIUM OXIDE,O=[Mg],4.0,MgO,40.30
CHEMBL1200574,SODIUM CHLORIDE,[Cl-].[Na+],4.0,ClNa,58.44
CHEMBL1200577,CYSTEAMINE BITARTRATE,NCCS.O=C(O)[C@H](O)[C@@H](O)C(=O)O,4.0,C6H13NO6S,227.24
CHEMBL1200578,THEOPHYLLINE SODIUM GLYCINATE,Cn1c(=O)c2[nH]cnc2n(C)c1=O.NCC(=O)[O-].[Na+],4.0,C9H12N5NaO4,277.22
CHEMBL1200580,SULFOXONE SODIUM,O=S([O-])CNc1ccc(S(=O)(=O)c2ccc(NCS(=O)[O-])cc2)cc1.[Na+].[Na+],4.0,C14H14N2Na2O6S3,448.45
CHEMBL1200581,DIATRIZOATE SODIUM,CC(=O)Nc1c(I)c(NC(C)=O)c(I)c(C(=O)[O-])c1I.[Na+],4.0,C11H8I3N2NaO4,635.90
CHEMBL1200582,AMINOLEVULINIC ACID HYDROCHLORIDE,Cl.NCC(=O)CCC(=O)O,4.0,C5H10ClNO3,167.59
CHEMBL1200584,AMINOSALICYLATE POTASSIUM,Nc1ccc(C(=O)[O-])c(O)c1.[K+],4.0,C7H6KNO3,191.23
CHEMBL1200585,OXYMETHOLONE,C[C@]12C/C(=C/O)C(=O)C[C@@H]1CC[C@@H]1[C@@H]2CC[C@@]2(C)[C@H]1CC[C@]2(C)O,4.0,C21H32O3,332.48
CHEMBL1200586,PRILOCAINE HYDROCHLORIDE,CCCNC(C)C(=O)Nc1ccccc1C.Cl,4.0,C13H21ClN2O,256.78
CHEMBL1200588,CLINDAMYCIN HYDROCHLORIDE,CCC[C@@H]1C[C@@H](C(=O)N[C@@H]([C@H]2O[C@H](SC)[C@H](O)[C@@H](O)[C@H]2O)[C@H](C)Cl)N(C)C1.Cl,4.0,C18H34Cl2N2O5S,461.45
CHEMBL1200592,DESOXYCORTICOSTERONE PIVALATE,CC(C)(C)C(=O)OCC(=O)[C@H]1CC[C@H]2[C@@H]3CCC4=CC(=O)CC[C@]4(C)[C@H]3CC[C@]12C,4.0,C26H38O4,414.59
CHEMBL1200595,CHLORPHENTERMINE HYDROCHLORIDE,CC(C)(N)Cc1ccc(Cl)cc1.Cl,4.0,C10H15Cl2N,220.14
CHEMBL1200596,CHLOROXINE,Oc1c(Cl)cc(Cl)c2cccnc12,4.0,C9H5Cl2NO,214.05
CHEMBL1200597,ETIDOCAINE HYDROCHLORIDE,CCCN(CC)C(CC)C(=O)Nc1c(C)cccc1C.Cl,4.0,C17H29ClN2O,312.89
CHEMBL1200598,DIETHYLSTILBESTROL DIPHOSPHATE,CC/C(=C(/CC)c1ccc(OP(=O)(O)O)cc1)c1ccc(OP(=O)(O)O)cc1,4.0,C18H22O8P2,428.31
CHEMBL1200599,DIFENOXIN HYDROCHLORIDE,Cl.N#CC(CCN1CCC(C(=O)O)(c2ccccc2)CC1)(c1ccccc1)c1ccccc1,4.0,C28H29ClN2O2,461.00
CHEMBL1200600,FLUOROMETHOLONE,CC(=O)[C@@]1(O)CC[C@H]2[C@@H]3C[C@H](C)C4=CC(=O)C=C[C@]4(C)[C@@]3(F)[C@@H](O)C[C@@]21C,4.0,C22H29FO4,376.47
CHEMBL1200601,NARATRIPTAN HYDROCHLORIDE,CNS(=O)(=O)CCc1ccc2[nH]cc(C3CCN(C)CC3)c2c1.Cl,4.0,C17H26ClN3O2S,371.93
CHEMBL1200604,TROPICAMIDE,CCN(Cc1ccncc1)C(=O)C(CO)c1ccccc1,4.0,C17H20N2O2,284.36
CHEMBL1200606,MEXILETINE HYDROCHLORIDE,Cc1cccc(C)c1OCC(C)N.Cl,4.0,C11H18ClNO,215.72
CHEMBL1200607,PERFLEXANE,FC(F)(F)C(F)(F)C(F)(F)C(F)(F)C(F)(F)C(F)(F)F,4.0,C6F14,338.04
CHEMBL1200609,PAROXETINE MESYLATE,CS(=O)(=O)O.Fc1ccc([C@@H]2CCNC[C@H]2COc2ccc3c(c2)OCO3)cc1,4.0,C20H24FNO6S,425.48
CHEMBL1200610,LORACARBEF,N[C@@H](C(=O)N[C@@H]1C(=O)N2C(C(=O)O)=C(Cl)CC[C@H]12)c1ccccc1.O,4.0,C16H18ClN3O5,367.79
CHEMBL1200612,DIBUCAINE HYDROCHLORIDE,CCCCOc1cc(C(=O)NCCN(CC)CC)c2ccccc2n1.Cl,4.0,C20H30ClN3O2,379.93
CHEMBL1200613,TOLMETIN SODIUM,Cc1ccc(C(=O)c2ccc(CC(=O)[O-])n2C)cc1.[Na+],4.0,C15H14NNaO3,279.27
CHEMBL1200614,IOVERSOL,O=C(NCC(O)CO)c1c(I)c(C(=O)NCC(O)CO)c(I)c(N(CCO)C(=O)CO)c1I,4.0,C18H24I3N3O9,807.11
CHEMBL1200616,CHLOROTHIAZIDE SODIUM,NS(=O)(=O)c1cc2c(cc1Cl)N=C[N-]S2(=O)=O.[Na+],4.0,C7H5ClN3NaO4S2,317.71
CHEMBL1200617,RIMEXOLONE,CCC(=O)[C@@]1(C)[C@H](C)C[C@H]2[C@@H]3CCC4=CC(=O)C=C[C@]4(C)[C@H]3[C@@H](O)C[C@@]21C,4.0,C24H34O3,370.53
CHEMBL1200618,FEXOFENADINE HYDROCHLORIDE,CC(C)(C(=O)O)c1ccc(C(O)CCCN2CCC(C(O)(c3ccccc3)c3ccccc3)CC2)cc1.Cl,4.0,C32H40ClNO4,538.13
CHEMBL1200621,GEMIFLOXACIN MESYLATE,CO/N=C1\CN(c2nc3c(cc2F)c(=O)c(C(=O)O)cn3C2CC2)CC1CN.CS(=O)(=O)O,4.0,C19H24FN5O7S,485.49
CHEMBL1200622,PARICALCITOL,C[C@H](/C=C/[C@H](C)C(C)(C)O)[C@H]1CC[C@H]2/C(=C/C=C3C[C@@H](O)C[C@H](O)C3)CCC[C@]12C,4.0,C27H44O3,416.65
CHEMBL1200623,ETHYLESTRENOL,CC[C@]1(O)CC[C@H]2[C@@H]3CCC4=CCCC[C@@H]4[C@H]3CC[C@@]21C,4.0,C20H32O,288.48
CHEMBL1200624,ETHYNODIOL DIACETATE,C#C[C@]1(OC(C)=O)CC[C@H]2[C@@H]3CCC4=C[C@@H](OC(C)=O)CC[C@@H]4[C@H]3CC[C@@]21C,4.0,C24H32O4,384.52
CHEMBL1200625,STRONTIUM CHLORIDE SR 89,[89Sr+2].[Cl-].[Cl-],4.0,Cl2Sr,159.81
CHEMBL1200627,PROPIOLACTONE,O=C1CCO1,4.0,C3H4O2,72.06
CHEMBL1200628,VANCOMYCIN HYDROCHLORIDE,CN[C@H](CC(C)C)C(=O)N[C@H]1C(=O)N[C@@H](CC(N)=O)C(=O)N[C@H]2C(=O)N[C@H]3C(=O)N[C@H](C(=O)N[C@H](C(=O)O)c4cc(O)cc(O)c4-c4cc3ccc4O)[C@H](O)c3ccc(c(Cl)c3)Oc3cc2cc(c3O[C@@H]2O[C@H](CO)[C@@H](O)[C@H](O)[C@H]2O[C@H]2C[C@](C)(N)[C@H](O)[C@H](C)O2)Oc2ccc(cc2Cl)[C@H]1O.Cl,4.0,C66H76Cl3N9O24,1485.73
CHEMBL1200629,VECURONIUM BROMIDE,CC(=O)O[C@H]1C[C@@H]2CC[C@@H]3[C@H](CC[C@@]4(C)[C@H]3C[C@H]([N+]3(C)CCCCC3)[C@@H]4OC(C)=O)[C@@]2(C)C[C@@H]1N1CCCCC1.[Br-],4.0,C34H57BrN2O4,637.74
CHEMBL1200630,CYSTEINE HYDROCHLORIDE,Cl.N[C@@H](CS)C(=O)O,4.0,C3H8ClNO2S,157.62
CHEMBL1200632,CLINDAMYCIN PALMITATE HYDROCHLORIDE,CCCCCCCCCCCCCCCC(=O)O[C@@H]1[C@@H](O)[C@@H](O)[C@@H]([C@H](NC(=O)[C@@H]2C[C@@H](CCC)CN2C)[C@H](C)Cl)O[C@@H]1SC.Cl,4.0,C34H64Cl2N2O6S,699.87
CHEMBL1200635,HYDROCORTAMATE HYDROCHLORIDE,CCN(CC)CC(=O)OCC(=O)[C@@]1(O)CC[C@H]2[C@@H]3CCC4=CC(=O)CC[C@]4(C)[C@H]3[C@@H](O)C[C@@]21C.Cl,4.0,C27H42ClNO6,512.09
CHEMBL1200636,CYCLOBENZAPRINE HYDROCHLORIDE,CN(C)CCC=C1c2ccccc2C=Cc2ccccc21.Cl,4.0,C20H22ClN,311.86
CHEMBL1200638,DEXBROMPHENIRAMINE MALEATE,CN(C)CC[C@@H](c1ccc(Br)cc1)c1ccccn1.O=C(O)/C=C\C(=O)O,4.0,C20H23BrN2O4,435.32
CHEMBL1200641,CISATRACURIUM BESYLATE,COc1ccc(C[C@@H]2c3cc(OC)c(OC)cc3CC[N@+]2(C)CCC(=O)OCCCCCOC(=O)CC[N@@+]2(C)CCc3cc(OC)c(OC)cc3[C@H]2Cc2ccc(OC)c(OC)c2)cc1OC.O=S(=O)([O-])c1ccccc1.O=S(=O)([O-])c1ccccc1,4.0,C65H82N2O18S2,1243.50
CHEMBL1200645,ETOPOSIDE PHOSPHATE,COc1cc([C@@H]2c3cc4c(cc3[C@@H](O[C@@H]3O[C@@H]5CO[C@@H](C)O[C@H]5[C@H](O)[C@H]3O)[C@H]3COC(=O)[C@H]23)OCO4)cc(OC)c1OP(=O)(O)O,4.0,C29H33O16P,668.54
CHEMBL1200648,ROCURONIUM BROMIDE,C=CC[N+]1([C@H]2C[C@H]3[C@@H]4CC[C@H]5C[C@H](O)[C@@H](N6CCOCC6)C[C@]5(C)[C@H]4CC[C@]3(C)[C@H]2OC(C)=O)CCCC1.[Br-],4.0,C32H53BrN2O4,609.69
CHEMBL1200649,QUINUPRISTIN,CC[C@H]1NC(=O)[C@@H](NC(=O)c2ncccc2O)[C@@H](C)OC(=O)[C@H](c2ccccc2)NC(=O)[C@@H]2CC(=O)[C@H](CS[C@@H]3CN4CCC3CC4)CN2C(=O)[C@H](Cc2ccc(N(C)C)cc2)N(C)C(=O)[C@@H]2CCCN2C1=O,4.0,C53H67N9O10S,1022.24
CHEMBL1200654,BENOXINATE HYDROCHLORIDE,CCCCOc1cc(C(=O)OCCN(CC)CC)ccc1N.Cl,4.0,C17H29ClN2O3,344.88
CHEMBL1200656,NATAMYCIN,C[C@@H]1C/C=C/C=C/C=C/C=C/[C@H](O[C@@H]2O[C@H](C)[C@@H](O)[C@H](N)[C@@H]2O)C[C@@H]2O[C@](O)(C[C@@H](O)C[C@H]3O[C@@H]3/C=C/C(=O)O1)C[C@H](O)[C@H]2C(=O)O,4.0,C33H47NO13,665.73
CHEMBL1200659,ENALAPRIL MALEATE,CCOC(=O)[C@H](CCc1ccccc1)N[C@@H](C)C(=O)N1CCC[C@H]1C(=O)O.O=C(O)/C=C\C(=O)O,4.0,C24H32N2O9,492.53
CHEMBL1200660,ISOSORBIDE,O[C@@H]1CO[C@H]2[C@@H]1OC[C@@H]2O,4.0,C6H10O4,146.14
CHEMBL1200661,UNOPROSTONE ISOPROPYL,CCCCCCCC(=O)CC[C@@H]1[C@@H](C/C=C\CCCC(=O)OC(C)C)[C@@H](O)C[C@H]1O,4.0,C25H44O5,424.62
CHEMBL1200664,POTASSIUM LACTATE,CC(O)C(=O)[O-].[K+],4.0,C3H5KO3,128.17
CHEMBL1200665,DIPHENOXYLATE HYDROCHLORIDE,CCOC(=O)C1(c2ccccc2)CCN(CCC(C#N)(c2ccccc2)c2ccccc2)CC1.Cl,4.0,C30H33ClN2O2,489.06
CHEMBL1200666,CALCIPOTRIENE,C=C1/C(=C\C=C2/CCC[C@]3(C)[C@@H]([C@H](C)/C=C/[C@@H](O)C4CC4)CC[C@@H]23)C[C@@H](O)C[C@@H]1O,4.0,C27H40O3,412.61
CHEMBL1200667,ENCLOMIPHENE CITRATE,CCN(CC)CCOc1ccc(/C(=C(/Cl)c2ccccc2)c2ccccc2)cc1.O=C(O)CC(O)(CC(=O)O)C(=O)O,3.0,C32H36ClNO8,598.09
CHEMBL1200668,CALCIUM CHLORIDE,[Ca+2].[Cl-].[Cl-],4.0,CaCl2,110.98
CHEMBL1200672,CEFPIRAMIDE SODIUM,Cc1cc(O)c(C(=O)N[C@@H](C(=O)N[C@@H]2C(=O)N3C(C(=O)[O-])=C(CSc4nnnn4C)CS[C@H]23)c2ccc(O)cc2)cn1.[Na+],4.0,C25H23N8NaO7S2,634.63
CHEMBL1200673,XENON XE 127,[127Xe],4.0,Xe,126.91
CHEMBL1200675,TOREMIFENE CITRATE,CN(C)CCOc1ccc(/C(=C(/CCCl)c2ccccc2)c2ccccc2)cc1.O=C(O)CC(O)(CC(=O)O)C(=O)O,4.0,C32H36ClNO8,598.09
CHEMBL1200678,ATAZANAVIR SULFATE,COC(=O)N[C@H](C(=O)N[C@@H](Cc1ccccc1)[C@@H](O)CN(Cc1ccc(-c2ccccn2)cc1)NC(=O)[C@@H](NC(=O)OC)C(C)(C)C)C(C)(C)C.O=S(=O)(O)O,4.0,C38H54N6O11S,802.95
CHEMBL1200679,ZINC CHLORIDE,[Cl-].[Cl-].[Zn+2],4.0,Cl2Zn,136.30
CHEMBL1200680,SELENIUM SULFIDE,S=[Se]=S,4.0,S2Se,143.09
CHEMBL1200681,MONTELUKAST SODIUM,CC(C)(O)c1ccccc1CC[C@@H](SCC1(CC(=O)[O-])CC1)c1cccc(/C=C/c2ccc3ccc(Cl)cc3n2)c1.[Na+],4.0,C35H35ClNNaO3S,608.18
CHEMBL1200682,SODIUM OXYBATE,O=C([O-])CCCO.[Na+],4.0,C4H7NaO3,126.09
CHEMBL1200685,XENON XE 133,[133Xe],4.0,Xe,132.91
CHEMBL1200686,PIMECROLIMUS,CC[C@@H]1/C=C(\C)C[C@H](C)C[C@H](OC)[C@H]2O[C@@](O)(C(=O)C(=O)N3CCCC[C@H]3C(=O)O[C@H](/C(C)=C/[C@@H]3CC[C@H](Cl)[C@H](OC)C3)[C@H](C)[C@@H](O)CC1=O)[C@H](C)C[C@@H]2OC,4.0,C43H68ClNO11,810.47
CHEMBL1200688,ERYTHROMYCIN ETHYLSUCCINATE,CCOC(=O)CCC(=O)O[C@H]1[C@H](O[C@@H]2[C@@H](C)[C@H](O[C@H]3C[C@@](C)(OC)[C@@H](O)[C@H](C)O3)[C@@H](C)C(=O)O[C@H](CC)[C@@](C)(O)[C@H](O)[C@@H](C)C(=O)[C@H](C)C[C@@]2(C)O)O[C@H](C)C[C@@H]1N(C)C,4.0,C43H75NO16,862.06
CHEMBL1200689,NITRIC OXIDE,[N]=O,4.0,NO,30.01
CHEMBL1200691,MAGNESIUM ACETATE,CC(=O)[O-].CC(=O)[O-].[Mg+2],4.0,C4H6MgO4,142.39
CHEMBL1200692,OLMESARTAN MEDOXOMIL,CCCc1nc(C(C)(C)O)c(C(=O)OCc2oc(=O)oc2C)n1Cc1ccc(-c2ccccc2-c2nnn[nH]2)cc1,4.0,C29H30N6O6,558.60
CHEMBL1200694,SEVOFLURANE,FCOC(C(F)(F)F)C(F)(F)F,4.0,C4H3F7O,200.05
CHEMBL1200695,PHENYLPROPANOLAMINE HYDROCHLORIDE,CC(N)C(O)c1ccccc1.Cl,4.0,C9H14ClNO,187.67
CHEMBL1200696,POTASSIUM PERCHLORATE,[K+].[O-][Cl+3]([O-])([O-])[O-],4.0,ClKO4,138.55
CHEMBL1200699,DOXYCYCLINE,C[C@H]1c2cccc(O)c2C(=O)C2=C(O)[C@]3(O)C(=O)C(C(N)=O)=C(O)[C@@H](N(C)C)[C@@H]3[C@@H](O)[C@@H]21.O,4.0,C22H26N2O9,462.46
CHEMBL1200701,DICLOXACILLIN SODIUM,Cc1onc(-c2c(Cl)cccc2Cl)c1C(=O)N[C@@H]1C(=O)N2[C@@H]1SC(C)(C)[C@@H]2C(=O)[O-].O.[Na+],4.0,C19H18Cl2N3NaO6S,510.33
CHEMBL1200703,CHLORDIAZEPOXIDE HYDROCHLORIDE,CNC1=Nc2ccc(Cl)cc2C(c2ccccc2)=[N+]([O-])C1.Cl,4.0,C16H15Cl2N3O,336.22
CHEMBL1200705,HYDROXYAMPHETAMINE HYDROBROMIDE,Br.CC(N)Cc1ccc(O)cc1,4.0,C9H14BrNO,232.12
CHEMBL1200706,ALUMINUM HYDROXIDE,O[Al](O)O,4.0,H3AlO3,78.00
CHEMBL1200707,BENZQUINAMIDE HYDROCHLORIDE,CCN(CC)C(=O)C1CN2CCc3cc(OC)c(OC)cc3C2CC1OC(C)=O.Cl,4.0,C22H33ClN2O5,440.97
CHEMBL1200710,CLOMIPRAMINE HYDROCHLORIDE,CN(C)CCCN1c2ccccc2CCc2ccc(Cl)cc21.Cl,4.0,C19H24Cl2N2,351.32
CHEMBL1200711,OMEGA-3-ACID ETHYL ESTERS,CC/C=C\C/C=C\C/C=C\C/C=C\C/C=C\C/C=C\CCC(=O)OCC.CC/C=C\C/C=C\C/C=C\C/C=C\C/C=C\CCCC(=O)OCC,4.0,C46H70O4,687.06
CHEMBL1200712,EVANS BLUE,Cc1cc(-c2ccc(/N=N/c3ccc4c(S(=O)(=O)[O-])cc(S(=O)(=O)[O-])c(N)c4c3O)c(C)c2)ccc1/N=N/c1ccc2c(S(=O)(=O)[O-])cc(S(=O)(=O)[O-])c(N)c2c1O.[Na+].[Na+].[Na+].[Na+],4.0,C34H24N6Na4O14S4,960.82
CHEMBL1200714,CHLORMEZANONE,CN1C(=O)CCS(=O)(=O)C1c1ccc(Cl)cc1,4.0,C11H12ClNO3S,273.74
CHEMBL1200715,HEXYLCAINE HYDROCHLORIDE,CC(CNC1CCCCC1)OC(=O)c1ccccc1.Cl,4.0,C16H24ClNO2,297.83
CHEMBL1200718,MAGNESIUM HYDROXIDE,[Mg+2].[OH-].[OH-],4.0,H2MgO2,58.32
CHEMBL1200721,ESTRAMUSTINE PHOSPHATE SODIUM,C[C@]12CC[C@@H]3c4ccc(OC(=O)N(CCCl)CCCl)cc4CC[C@H]3[C@@H]1CC[C@@H]2OP(=O)([O-])[O-].[Na+].[Na+],4.0,C23H30Cl2NNa2O6P,564.35
CHEMBL1200722,PIPECURONIUM BROMIDE,CC(=O)O[C@H]1C[C@@H]2CC[C@@H]3[C@H](CC[C@@]4(C)[C@H]3C[C@H](N3CC[N+](C)(C)CC3)[C@@H]4OC(C)=O)[C@@]2(C)C[C@@H]1N1CC[N+](C)(C)CC1.[Br-].[Br-],4.0,C35H62Br2N4O4,762.71
CHEMBL1200724,PSEUDOEPHEDRINE HYDROCHLORIDE,CN[C@@H](C)[C@@H](O)c1ccccc1.Cl,4.0,C10H16ClNO,201.70
CHEMBL1200725,SERTACONAZOLE NITRATE,Clc1ccc(C(Cn2ccnc2)OCc2csc3c(Cl)cccc23)c(Cl)c1.O=[N+]([O-])O,4.0,C20H16Cl3N3O4S,500.79
CHEMBL1200727,RUBIDIUM CHLORIDE RB 82,[82Rb+].[Cl-],4.0,ClRb,117.37
CHEMBL1200728,GUANIDINE HYDROCHLORIDE,Cl.N=C(N)N,4.0,CH6ClN3,95.53
CHEMBL1200729,CHLORAMPHENICOL SODIUM SUCCINATE,O=C([O-])CCC(=O)OC[C@@H](NC(=O)C(Cl)Cl)[C@H](O)c1ccc([N+](=O)[O-])cc1.[Na+],4.0,C15H15Cl2N2NaO8,445.19
CHEMBL1200731,POTASSIUM CHLORIDE,[Cl-].[K+],4.0,ClK,74.55
CHEMBL1200732,AMCINONIDE,CC(=O)OCC(=O)[C@@]12OC3(CCCC3)O[C@@H]1C[C@H]1[C@@H]3CCC4=CC(=O)C=C[C@]4(C)[C@@]3(F)[C@@H](O)C[C@@]12C,4.0,C28H35FO7,502.58
CHEMBL1200733,DESFLURANE,FC(F)OC(F)C(F)(F)F,4.0,C3H2F6O,168.04
CHEMBL1200734,FOSAMPRENAVIR CALCIUM,CC(C)CN(C[C@@H](OP(=O)([O-])[O-])[C@H](Cc1ccccc1)NC(=O)O[C@H]1CCOC1)S(=O)(=O)c1ccc(N)cc1.[Ca+2],4.0,C25H34CaN3O9PS,623.68
CHEMBL1200735,MOXIFLOXACIN HYDROCHLORIDE,COc1c(N2C[C@@H]3CCCN[C@@H]3C2)c(F)cc2c(=O)c(C(=O)O)cn(C3CC3)c12.Cl,4.0,C21H25ClFN3O4,437.90
CHEMBL1200736,MAGNESIUM CARBONATE,O=C([O-])[O-].[Mg+2],4.0,CMgO3,84.31
CHEMBL1200737,COLFOSCERIL PALMITATE,CCCCCCCCCCCCCCCC(=O)OC[C@H](COP(=O)([O-])OCC[N+](C)(C)C)OC(=O)CCCCCCCCCCCCCCC,4.0,C40H80NO8P,734.05
CHEMBL1200743,IOXAGLATE SODIUM,CNC(=O)c1c(I)c(C(=O)NCC(=O)Nc2c(I)c(C(=O)[O-])c(I)c(C(=O)NCCO)c2I)c(I)c(N(C)C(C)=O)c1I.[Na+],4.0,C24H20I6N5NaO8,1290.87
CHEMBL1200744,SODIUM FLUORIDE F 18,[18F-].[Na+],4.0,FNa,40.99
CHEMBL1200745,OXPRENOLOL HYDROCHLORIDE,C=CCOc1ccccc1OCC(O)CNC(C)C.Cl,4.0,C15H24ClNO3,301.81
CHEMBL1200747,AMMONIUM LACTATE,CC(O)C(=O)O.N,4.0,C3H9NO3,107.11
CHEMBL1200748,CARBIDOPA,C[C@@](Cc1ccc(O)c(O)c1)(NN)C(=O)O.O,4.0,C10H16N2O5,244.25
CHEMBL1200749,LEVOBUPIVACAINE HYDROCHLORIDE,CCCCN1CCCC[C@H]1C(=O)Nc1c(C)cccc1C.Cl,4.0,C18H29ClN2O,324.90
CHEMBL1200750,PROMETHAZINE HYDROCHLORIDE,CC(CN1c2ccccc2Sc2ccccc21)N(C)C.Cl,4.0,C17H21ClN2S,320.89
CHEMBL1200751,MERCAPTOPURINE,O.S=c1[nH]cnc2nc[nH]c12,4.0,C5H6N4OS,170.20
CHEMBL1200756,PYRIDOXINE HYDROCHLORIDE,Cc1ncc(CO)c(CO)c1O.Cl,4.0,C8H12ClNO3,205.64
CHEMBL1200757,PANCURONIUM BROMIDE,CC(=O)O[C@H]1C[C@@H]2CC[C@@H]3[C@H](CC[C@@]4(C)[C@H]3C[C@H]([N+]3(C)CCCCC3)[C@@H]4OC(C)=O)[C@@]2(C)C[C@@H]1[N+]1(C)CCCCC1.[Br-].[Br-],4.0,C35H60Br2N2O4,732.68
CHEMBL1200758,AMPICILLIN SODIUM,CC1(C)S[C@@H]2[C@H](NC(=O)[C@H](N)c3ccccc3)C(=O)N2[C@H]1C(=O)[O-].[Na+],4.0,C16H18N3NaO4S,371.39
CHEMBL1200759,ANAGRELIDE HYDROCHLORIDE,Cl.O=C1CN2Cc3c(ccc(Cl)c3Cl)N=C2N1,4.0,C10H8Cl3N3O,292.55
CHEMBL1200760,BALSALAZIDE DISODIUM,O=C([O-])CCNC(=O)c1ccc(/N=N/c2ccc(O)c(C(=O)[O-])c2)cc1.[Na+].[Na+],4.0,C17H13N3Na2O6,401.29
CHEMBL1200761,CHLOROTRIANISENE,COc1ccc(C(Cl)=C(c2ccc(OC)cc2)c2ccc(OC)cc2)cc1,4.0,C23H21ClO3,380.87
CHEMBL1200762,BETAMETHASONE SODIUM PHOSPHATE,C[C@H]1C[C@H]2[C@@H]3CCC4=CC(=O)C=C[C@]4(C)[C@@]3(F)[C@@H](O)C[C@]2(C)[C@@]1(O)C(=O)COP(=O)([O-])[O-].[Na+].[Na+],4.0,C22H28FNa2O8P,516.41
CHEMBL1200763,IODOHIPPURATE SODIUM I 131,O=C([O-])CNC(=O)c1ccccc1[131I].[Na+],4.0,C9H7INNaO3,331.06
CHEMBL1200764,METHACHOLINE CHLORIDE,CC(=O)OC(C)C[N+](C)(C)C.[Cl-],4.0,C8H18ClNO2,195.69
CHEMBL1200768,CEFTAZIDIME SODIUM,CC(C)(O/N=C(\C(=O)N[C@@H]1C(=O)N2C(C(=O)[O-])=C(C[n+]3ccccc3)CS[C@H]12)c1csc(N)n1)C(=O)[O-].[Na+],4.0,C22H21N6NaO7S2,568.57
CHEMBL1200769,TRIPELENNAMINE CITRATE,CN(C)CCN(Cc1ccccc1)c1ccccn1.O=C(O)CC(O)(CC(=O)O)C(=O)O,4.0,C22H29N3O7,447.49
CHEMBL1200770,IOCETAMIC ACID,CC(=O)N(CC(C)C(=O)O)c1c(I)cc(I)c(N)c1I,4.0,C12H13I3N2O3,613.96
CHEMBL1200771,TRIDIHEXETHYL CHLORIDE,CC[N+](CC)(CC)CCC(O)(c1ccccc1)C1CCCCC1.[Cl-],4.0,C21H36ClNO,353.98
CHEMBL1200772,WARFARIN POTASSIUM,CC(=O)CC(c1ccccc1)c1c([O-])c2ccccc2oc1=O.[K+],4.0,C19H15KO4,346.42
CHEMBL1200773,TOCAINIDE HYDROCHLORIDE,Cc1cccc(C)c1NC(=O)C(C)N.Cl,4.0,C11H17ClN2O,228.72
CHEMBL1200774,FLUPREDNISOLONE,C[C@]12C=CC(=O)C=C1[C@@H](F)C[C@@H]1[C@@H]2[C@@H](O)C[C@@]2(C)[C@H]1CC[C@]2(O)C(=O)CO,4.0,C21H27FO5,378.44
CHEMBL1200776,CINACALCET HYDROCHLORIDE,C[C@@H](NCCCc1cccc(C(F)(F)F)c1)c1cccc2ccccc12.Cl,4.0,C22H23ClF3N,393.88
CHEMBL1200778,DEXRAZOXANE HYDROCHLORIDE,C[C@@H](CN1CC(=O)NC(=O)C1)N1CC(=O)NC(=O)C1.Cl,4.0,C11H17ClN4O4,304.73
CHEMBL1200779,TROVAFLOXACIN MESYLATE,CS(=O)(=O)O.N[C@@H]1[C@H]2CN(c3nc4c(cc3F)c(=O)c(C(=O)O)cn4-c3ccc(F)cc3F)C[C@@H]12,4.0,C21H19F3N4O6S,512.47
CHEMBL1200781,CITALOPRAM HYDROBROMIDE,Br.CN(C)CCCC1(c2ccc(F)cc2)OCc2cc(C#N)ccc21,4.0,C20H22BrFN2O,405.31
CHEMBL1200782,DEXTROAMPHETAMINE ADIPATE,C[C@H](N)Cc1ccccc1.O=C(O)CCCCC(=O)O,4.0,C15H23NO4,281.35
CHEMBL1200787,PHENOXYBENZAMINE HYDROCHLORIDE,CC(COc1ccccc1)N(CCCl)Cc1ccccc1.Cl,4.0,C18H23Cl2NO,340.29
CHEMBL1200788,CISAPRIDE MONOHYDRATE,COc1cc(N)c(Cl)cc1C(=O)NC1CCN(CCCOc2ccc(F)cc2)CC1OC.O,4.0,C23H31ClFN3O5,483.97
CHEMBL1200789,TRICLOFOS SODIUM,O=P([O-])(O)OCC(Cl)(Cl)Cl.[Na+],4.0,C2H3Cl3NaO4P,251.37
CHEMBL1200790,METHYPRYLON,CCC1(CC)C(=O)NCC(C)C1=O,4.0,C10H17NO2,183.25
CHEMBL1200791,OXYMETAZOLINE HYDROCHLORIDE,Cc1cc(C(C)(C)C)c(O)c(C)c1CC1=NCCN1.Cl,4.0,C16H25ClN2O,296.84
CHEMBL1200794,OXYMORPHONE HYDROCHLORIDE,CN1CC[C@]23c4c5ccc(O)c4O[C@H]2C(=O)CC[C@@]3(O)[C@H]1C5.Cl,4.0,C17H20ClNO4,337.80
CHEMBL1200795,CLEMASTINE FUMARATE,CN1CCC[C@@H]1CCO[C@](C)(c1ccccc1)c1ccc(Cl)cc1.O=C(O)/C=C/C(=O)O,4.0,C25H30ClNO5,459.97
CHEMBL1200796,CYCLOPHOSPHAMIDE,O.O=P1(N(CCCl)CCCl)NCCCO1,4.0,C7H17Cl2N2O3P,279.10
CHEMBL1200798,TRAZODONE HYDROCHLORIDE,Cl.O=c1n(CCCN2CCN(c3cccc(Cl)c3)CC2)nc2ccccn12,4.0,C19H23Cl2N5O,408.33
CHEMBL1200799,TRAVOPROST,CC(C)OC(=O)CCC/C=C\C[C@@H]1[C@@H](/C=C/[C@@H](O)COc2cccc(C(F)(F)F)c2)[C@H](O)C[C@@H]1O,4.0,C26H35F3O6,500.55
CHEMBL1200800,CALCIUM ACETATE,CC(=O)[O-].CC(=O)[O-].[Ca+2],4.0,C4H6CaO4,158.17
CHEMBL1200802,TALBUTAL,C=CCC1(C(C)CC)C(=O)NC(=O)NC1=O,4.0,C11H16N2O3,224.26
CHEMBL1200803,SOLIFENACIN SUCCINATE,O=C(O)CCC(=O)O.O=C(O[C@H]1CN2CCC1CC2)N1CCc2ccccc2[C@@H]1c1ccccc1,4.0,C27H32N2O6,480.56
CHEMBL1200804,DICLOFENAC POTASSIUM,O=C([O-])Cc1ccccc1Nc1c(Cl)cccc1Cl.[K+],4.0,C14H10Cl2KNO2,334.24
CHEMBL1200805,DILTIAZEM MALATE,COc1ccc([C@@H]2Sc3ccccc3N(CCN(C)C)C(=O)[C@@H]2OC(C)=O)cc1.O=C(O)CC(O)C(=O)O,4.0,C26H32N2O9S,548.61
CHEMBL1200806,NAPROXEN SODIUM,COc1ccc2cc([C@H](C)C(=O)[O-])ccc2c1.[Na+],4.0,C14H13NaO3,252.25
CHEMBL1200807,NORELGESTROMIN,C#C[C@]1(O)CC[C@H]2[C@@H]3CCC4=C/C(=N/O)CC[C@@H]4[C@H]3CC[C@@]21CC,4.0,C21H29NO2,327.47
CHEMBL1200809,AZELASTINE HYDROCHLORIDE,CN1CCCC(n2nc(Cc3ccc(Cl)cc3)c3ccccc3c2=O)CC1.Cl,4.0,C22H25Cl2N3O,418.37
CHEMBL1200810,DOXERCALCIFEROL,C=C1/C(=C\C=C2/CCC[C@]3(C)[C@@H]([C@H](C)/C=C/[C@H](C)C(C)C)CC[C@@H]23)C[C@@H](O)C[C@@H]1O,4.0,C28H44O2,412.66
CHEMBL1200813,ACEBUTOLOL HYDROCHLORIDE,CCCC(=O)Nc1ccc(OCC(O)CNC(C)C)c(C(C)=O)c1.Cl,4.0,C18H29ClN2O4,372.89
CHEMBL1200814,ACETAZOLAMIDE SODIUM,CC(=O)Nc1nnc(S([NH-])(=O)=O)s1.[Na+],4.0,C4H5N4NaO3S2,244.23
CHEMBL1200817,LEVOMETHADYL ACETATE HYDROCHLORIDE,CC[C@H](OC(C)=O)C(C[C@H](C)N(C)C)(c1ccccc1)c1ccccc1.Cl,4.0,C23H32ClNO2,389.97
CHEMBL1200819,ARTICAINE HYDROCHLORIDE,CCCNC(C)C(=O)Nc1c(C)csc1C(=O)OC.Cl,4.0,C13H21ClN2O3S,320.84
CHEMBL1200820,PIPERACILLIN SODIUM,CCN1CCN(C(=O)N[C@@H](C(=O)N[C@@H]2C(=O)N3[C@@H]2SC(C)(C)[C@@H]3C(=O)[O-])c2ccccc2)C(=O)C1=O.[Na+],4.0,C23H26N5NaO7S,539.55
CHEMBL1200821,PROPYLIODONE,CCCOC(=O)Cn1cc(I)c(=O)c(I)c1,4.0,C10H11I2NO3,447.01
CHEMBL1200822,FLECAINIDE ACETATE,CC(=O)O.O=C(NCC1CCCCN1)c1cc(OCC(F)(F)F)ccc1OCC(F)(F)F,4.0,C19H24F6N2O5,474.40
CHEMBL1200825,METHADONE HYDROCHLORIDE,CCC(=O)C(CC(C)N(C)C)(c1ccccc1)c1ccccc1.Cl,4.0,C21H28ClNO,345.91
CHEMBL1200826,LITHIUM CARBONATE,O=C([O-])[O-].[Li+].[Li+],4.0,CLi2O3,73.89
CHEMBL1200828,CYCRIMINE HYDROCHLORIDE,Cl.OC(CCN1CCCCC1)(c1ccccc1)C1CCCC1,4.0,C19H30ClNO,323.91
CHEMBL1200829,GLUCONOLACTONE,O=C1O[C@H](CO)[C@@H](O)[C@H](O)[C@H]1O,4.0,C6H10O6,178.14
CHEMBL1200831,SPIRAPRIL HYDROCHLORIDE,CCOC(=O)[C@H](CCc1ccccc1)N[C@@H](C)C(=O)N1CC2(C[C@H]1C(=O)O)SCCS2.Cl,4.0,C22H31ClN2O5S2,503.09
CHEMBL1200832,TERBINAFINE HYDROCHLORIDE,CN(C/C=C/C#CC(C)(C)C)Cc1cccc2ccccc12.Cl,4.0,C21H26ClN,327.90
CHEMBL1200833,DIPIVEFRIN HYDROCHLORIDE,CNCC(O)c1ccc(OC(=O)C(C)(C)C)c(OC(=O)C(C)(C)C)c1.Cl,4.0,C19H30ClNO5,387.90
CHEMBL1200836,OXICONAZOLE NITRATE,Clc1ccc(CO/N=C(\Cn2ccnc2)c2ccc(Cl)cc2Cl)c(Cl)c1.O=[N+]([O-])O,4.0,C18H14Cl4N4O4,492.15
CHEMBL1200837,LEVOBETAXOLOL HYDROCHLORIDE,CC(C)NC[C@H](O)COc1ccc(CCOCC2CC2)cc1.Cl,4.0,C18H30ClNO3,343.90
CHEMBL1200839,DIATRIZOATE MEGLUMINE,CC(=O)Nc1c(I)c(NC(C)=O)c(I)c(C(=O)O)c1I.CNC[C@H](O)[C@@H](O)[C@H](O)[C@H](O)CO,4.0,C18H26I3N3O9,809.13
CHEMBL1200841,PROCAINE HYDROCHLORIDE,CCN(CC)CCOC(=O)c1ccc(N)cc1.Cl,4.0,C13H21ClN2O2,272.78
CHEMBL1200843,METHYLERGONOVINE MALEATE,CC[C@@H](CO)NC(=O)[C@@H]1C=C2c3cccc4[nH]cc(c34)C[C@H]2N(C)C1.O=C(O)/C=C\C(=O)O,4.0,C24H29N3O6,455.51
CHEMBL1200845,HALCINONIDE,CC1(C)O[C@@H]2C[C@H]3[C@@H]4CCC5=CC(=O)CC[C@]5(C)[C@@]4(F)[C@@H](O)C[C@]3(C)[C@]2(C(=O)CCl)O1,4.0,C24H32ClFO5,454.97
CHEMBL1200848,HYDROXYPROGESTERONE CAPROATE,CCCCCC(=O)O[C@]1(C(C)=O)CC[C@H]2[C@@H]3CCC4=CC(=O)CC[C@]4(C)[C@H]3CC[C@@]21C,4.0,C27H40O4,428.61
CHEMBL1200850,GANCICLOVIR SODIUM,Nc1nc([O-])c2ncn(COC(CO)CO)c2n1.[Na+],4.0,C9H12N5NaO4,277.22
CHEMBL1200851,HOMATROPINE METHYLBROMIDE,C[N+]1(C)[C@@H]2CC[C@H]1C[C@@H](OC(=O)C(O)c1ccccc1)C2.[Br-],4.0,C17H24BrNO3,370.29
CHEMBL1200852,PENICILLIN V POTASSIUM,CC1(C)S[C@@H]2[C@H](NC(=O)COc3ccccc3)C(=O)N2[C@H]1C(=O)[O-].[K+],4.0,C16H17KN2O5S,388.49
CHEMBL1200853,DYDROGESTERONE,CC(=O)[C@H]1CC[C@H]2[C@@H]3C=CC4=CC(=O)CC[C@@]4(C)[C@@H]3CC[C@]12C,4.0,C21H28O2,312.45
CHEMBL1200854,FLUPHENAZINE DECANOATE,CCCCCCCCCC(=O)OCCN1CCN(CCCN2c3ccccc3Sc3ccc(C(F)(F)F)cc32)CC1,4.0,C32H44F3N3O2S,591.78
CHEMBL1200855,TICARCILLIN DISODIUM,CC1(C)S[C@@H]2[C@H](NC(=O)[C@H](C(=O)[O-])c3ccsc3)C(=O)N2[C@H]1C(=O)[O-].[Na+].[Na+],4.0,C15H14N2Na2O6S2,428.40
CHEMBL1200859,ISOSULFAN BLUE,CCN(CC)c1ccc(C(=C2C=CC(=[N+](CC)CC)C=C2)c2cc(S(=O)(=O)[O-])ccc2S(=O)(=O)[O-])cc1.[Na+],4.0,C27H31N2NaO6S2,566.68
CHEMBL1200862,METYROSINE,C[C@](N)(Cc1ccc(O)cc1)C(=O)O,4.0,C10H13NO3,195.22
CHEMBL1200863,MELPHALAN HYDROCHLORIDE,Cl.N[C@@H](Cc1ccc(N(CCCl)CCCl)cc1)C(=O)O,4.0,C13H19Cl3N2O2,341.67
CHEMBL1200865,LOTEPREDNOL ETABONATE,CCOC(=O)O[C@]1(C(=O)OCCl)CC[C@H]2[C@@H]3CCC4=CC(=O)C=C[C@]4(C)[C@H]3[C@@H](O)C[C@@]21C,4.0,C24H31ClO7,466.96
CHEMBL1200866,PERFLUBRON,FC(F)(F)C(F)(F)C(F)(F)C(F)(F)C(F)(F)C(F)(F)C(F)(F)C(F)(F)Br,4.0,C8BrF17,498.96
CHEMBL1200868,PHENYL AMINOSALICYLATE,Nc1ccc(C(=O)Oc2ccccc2)c(O)c1,4.0,C13H11NO3,229.24
CHEMBL1200869,METRONIDAZOLE HYDROCHLORIDE,Cc1ncc([N+](=O)[O-])n1CCO.Cl,4.0,C6H10ClN3O3,207.62
CHEMBL1200870,TIMOLOL MALEATE,CC(C)(C)NC[C@H](O)COc1nsnc1N1CCOCC1.O=C(O)/C=C\C(=O)O,4.0,C17H28N4O7S,432.50
CHEMBL1200873,PHENTOLAMINE MESYLATE,CS(=O)(=O)O.Cc1ccc(N(CC2=NCCN2)c2cccc(O)c2)cc1,4.0,C18H23N3O4S,377.47
CHEMBL1200874,TOLBUTAMIDE SODIUM,CCCCNC(=O)[N-]S(=O)(=O)c1ccc(C)cc1.[Na+],4.0,C12H17N2NaO3S,292.34
CHEMBL1200875,FLAVOXATE HYDROCHLORIDE,Cc1c(-c2ccccc2)oc2c(C(=O)OCCN3CCCCC3)cccc2c1=O.Cl,4.0,C24H26ClNO4,427.93
CHEMBL1200877,FLUMETHASONE PIVALATE,C[C@@H]1C[C@H]2[C@@H]3C[C@H](F)C4=CC(=O)C=C[C@]4(C)[C@@]3(F)[C@@H](O)C[C@]2(C)[C@@]1(O)C(=O)COC(=O)C(C)(C)C,4.0,C27H36F2O6,494.58
CHEMBL1200878,TRIAMCINOLONE HEXACETONIDE,CC(C)(C)CC(=O)OCC(=O)[C@@]12OC(C)(C)O[C@@H]1C[C@H]1[C@@H]3CCC4=CC(=O)C=C[C@]4(C)[C@@]3(F)[C@@H](O)C[C@@]12C,4.0,C30H41FO7,532.65
CHEMBL1200879,WARFARIN SODIUM,CC(=O)CC(c1ccccc1)c1c([O-])c2ccccc2oc1=O.[Na+],4.0,C19H15NaO4,330.31
CHEMBL1200880,DIPHEMANIL METHYLSULFATE,COS(=O)(=O)[O-].C[N+]1(C)CCC(=C(c2ccccc2)c2ccccc2)CC1,4.0,C21H27NO4S,389.52
CHEMBL1200881,MINOCYCLINE HYDROCHLORIDE,CN(C)c1ccc(O)c2c1C[C@H]1C[C@H]3[C@H](N(C)C)C(O)=C(C(N)=O)C(=O)[C@@]3(O)C(O)=C1C2=O.Cl,4.0,C23H28ClN3O7,493.94
CHEMBL1200883,THONZONIUM BROMIDE,CCCCCCCCCCCCCCCC[N+](C)(C)CCN(Cc1ccc(OC)cc1)c1ncccn1.[Br-],4.0,C32H55BrN4O,591.72
CHEMBL1200885,ALOSETRON HYDROCHLORIDE,Cc1[nH]cnc1CN1CCc2c(c3ccccc3n2C)C1=O.Cl,4.0,C17H19ClN4O,330.82
CHEMBL1200887,TRIMETHOBENZAMIDE HYDROCHLORIDE,COc1cc(C(=O)NCc2ccc(OCCN(C)C)cc2)cc(OC)c1OC.Cl,4.0,C21H29ClN2O5,424.93
CHEMBL1200890,OXYCODONE HYDROCHLORIDE,COc1ccc2c3c1O[C@H]1C(=O)CC[C@@]4(O)[C@@H](C2)N(C)CC[C@]314.Cl,4.0,C18H22ClNO4,351.83
CHEMBL1200891,OXYPHENCYCLIMINE HYDROCHLORIDE,CN1CCCN=C1COC(=O)C(O)(c1ccccc1)C1CCCCC1.Cl,4.0,C20H29ClN2O3,380.92
CHEMBL1200893,PROTOKYLOL HYDROCHLORIDE,CC(Cc1ccc2c(c1)OCO2)NCC(O)c1ccc(O)c(O)c1.Cl,4.0,C18H22ClNO5,367.83
CHEMBL1200895,PHENELZINE SULFATE,NNCCc1ccccc1.O=S(=O)(O)O,4.0,C8H14N2O4S,234.28
CHEMBL1200896,DINOPROST TROMETHAMINE,CCCCC[C@H](O)/C=C/[C@@H]1[C@@H](C/C=C\CCCC(=O)O)[C@@H](O)C[C@H]1O.NC(CO)(CO)CO,4.0,C24H45NO8,475.62
CHEMBL1200899,TYROPANOATE SODIUM,CCCC(=O)Nc1c(I)cc(I)c(CC(CC)C(=O)[O-])c1I.[Na+],4.0,C15H17I3NNaO3,663.01
CHEMBL1200901,HALOFANTRINE HYDROCHLORIDE,CCCCN(CCCC)CCC(O)c1cc2c(Cl)cc(Cl)cc2c2cc(C(F)(F)F)ccc12.Cl,4.0,C26H31Cl3F3NO,536.89
CHEMBL1200903,SECOBARBITAL SODIUM,C=CCC1(C(C)CCC)C(=O)[N-]C(=O)NC1=O.[Na+],4.0,C12H17N2NaO3,260.27
CHEMBL1200904,SELEGILINE HYDROCHLORIDE,C#CCN(C)[C@H](C)Cc1ccccc1.Cl,4.0,C13H18ClN,223.75
CHEMBL1200906,OXYPHENONIUM BROMIDE,CC[N+](C)(CC)CCOC(=O)C(O)(c1ccccc1)C1CCCCC1.[Br-],4.0,C21H34BrNO3,428.41
CHEMBL1200907,TRILOSTANE,C[C@]12CC[C@H]3[C@@H](CC[C@@]45O[C@@H]4C(O)=C(C#N)C[C@]35C)[C@@H]1CC[C@@H]2O,4.0,C20H27NO3,329.44
CHEMBL1200908,HALOBETASOL PROPIONATE,CCC(=O)O[C@]1(C(=O)CCl)[C@@H](C)C[C@H]2[C@@H]3C[C@H](F)C4=CC(=O)C=C[C@]4(C)[C@@]3(F)[C@@H](O)C[C@@]21C,4.0,C25H31ClF2O5,484.97
CHEMBL1200909,PREDNISOLONE TEBUTATE,CC(C)(C)CC(=O)OCC(=O)[C@@]1(O)CC[C@H]2[C@@H]3CCC4=CC(=O)C=C[C@]4(C)[C@H]3[C@@H](O)C[C@@]21C,4.0,C27H38O6,458.60
CHEMBL1200910,SULFISOXAZOLE ACETYL,CC(=O)N(c1onc(C)c1C)S(=O)(=O)c1ccc(N)cc1,4.0,C13H15N3O4S,309.35
CHEMBL1200912,PHENTERMINE HYDROCHLORIDE,CC(C)(N)Cc1ccccc1.Cl,4.0,C10H16ClN,185.70
CHEMBL1200914,TAMSULOSIN HYDROCHLORIDE,CCOc1ccccc1OCCN[C@H](C)Cc1ccc(OC)c(S(N)(=O)=O)c1.Cl,4.0,C20H29ClN2O5S,444.98
CHEMBL1200916,THIORIDAZINE HYDROCHLORIDE,CSc1ccc2c(c1)N(CCC1CCCCN1C)c1ccccc1S2.Cl,4.0,C21H27ClN2S2,407.05
CHEMBL1200920,ISOETHARINE HYDROCHLORIDE,CCC(NC(C)C)C(O)c1ccc(O)c(O)c1.Cl,4.0,C13H22ClNO3,275.78
CHEMBL1200922,MEBUTAMATE,CCC(C)C(C)(COC(N)=O)COC(N)=O,4.0,C10H20N2O4,232.28
CHEMBL1200925,"POTASSIUM PHOSPHATE, MONOBASIC",O=P([O-])(O)O.[K+],4.0,H2KO4P,136.08
CHEMBL1200927,DEXCHLORPHENIRAMINE MALEATE,CN(C)CC[C@@H](c1ccc(Cl)cc1)c1ccccn1.O=C(O)/C=C\C(=O)O,4.0,C20H23ClN2O4,390.87
CHEMBL1200928,ZINC ACETATE ANHYDROUS,CC(=O)[O-].CC(=O)[O-].[Zn+2],4.0,C4H6O4Zn,183.48
CHEMBL1200929,ZINC SULFATE,O=S(=O)([O-])[O-].[Zn+2],4.0,O4SZn,161.45
CHEMBL1200930,RABEPRAZOLE SODIUM,COCCCOc1ccnc(C[S+]([O-])c2nc3ccccc3[n-]2)c1C.[Na+],4.0,C18H20N3NaO3S,381.43
CHEMBL1200932,IOPAMIDOL,C[C@H](O)C(=O)Nc1c(I)c(C(=O)NC(CO)CO)c(I)c(C(=O)NC(CO)CO)c1I,4.0,C17H22I3N3O8,777.09
CHEMBL1200933,HEXAFLUORENIUM BROMIDE,C[N+](C)(CCCCCC[N+](C)(C)C1c2ccccc2-c2ccccc21)C1c2ccccc2-c2ccccc21.[Br-].[Br-],4.0,C36H42Br2N2,662.55
CHEMBL1200934,NORGESTIMATE,C#C[C@]1(OC(C)=O)CC[C@H]2[C@@H]3CCC4=C/C(=N/O)CC[C@@H]4[C@H]3CC[C@@]21CC,4.0,C23H31NO3,369.51
CHEMBL1200935,DARIFENACIN HYDROBROMIDE,Br.NC(=O)C(c1ccccc1)(c1ccccc1)[C@@H]1CCN(CCc2ccc3c(c2)CCO3)C1,4.0,C28H31BrN2O2,507.47
CHEMBL1200936,PENICILLIN G PROCAINE,CC1(C)S[C@@H]2[C@H](NC(=O)Cc3ccccc3)C(=O)N2[C@H]1C(=O)O.CCN(CC)CCOC(=O)c1ccc(N)cc1.O,4.0,C29H40N4O7S,588.73
CHEMBL1200937,DALFOPRISTIN,CCN(CC)CCS(=O)(=O)[C@@H]1CCN2C(=O)c3coc(n3)CC(=O)C[C@H](O)/C=C(C)/C=C/CNC(=O)/C=C/[C@@H](C)[C@@H](C(C)C)OC(=O)[C@@H]12,4.0,C34H50N4O9S,690.86
CHEMBL1200938,METHYSERGIDE MALEATE,CC[C@@H](CO)NC(=O)[C@@H]1C=C2c3cccc4c3c(cn4C)C[C@H]2N(C)C1.O=C(O)/C=C\C(=O)O,4.0,C25H31N3O6,469.54
CHEMBL1200939,AMMONIUM CHLORIDE,Cl.N,4.0,H4ClN,53.49
CHEMBL1200940,METOCLOPRAMIDE HYDROCHLORIDE,CCN(CC)CCNC(=O)c1cc(Cl)c(N)cc1OC.Cl.O,4.0,C14H25Cl2N3O3,354.28
CHEMBL1200941,THIAMINE HYDROCHLORIDE,Cc1ncc(C[n+]2csc(CCO)c2C)c(N)n1.Cl.[Cl-],4.0,C12H18Cl2N4OS,337.28
CHEMBL1200944,SULBACTAM SODIUM,CC1(C)[C@H](C(=O)[O-])N2C(=O)C[C@H]2S1(=O)=O.[Na+],4.0,C8H10NNaO5S,255.23
CHEMBL1200945,PENTETATE CALCIUM TRISODIUM,O=C([O-])CN(CCN(CC(=O)[O-])CC(=O)[O-])CCN(CC(=O)[O-])CC(=O)[O-].[Ca+2].[Na+].[Na+].[Na+],4.0,C14H18CaN3Na3O10,497.36
CHEMBL1200946,NANDROLONE DECANOATE,CCCCCCCCCC(=O)O[C@H]1CC[C@H]2[C@@H]3CCC4=CC(=O)CC[C@@H]4[C@H]3CC[C@]12C,4.0,C28H44O3,428.66
CHEMBL1200947,METIPRANOLOL HYDROCHLORIDE,CC(=O)Oc1c(C)cc(OCC(O)CNC(C)C)c(C)c1C.Cl,4.0,C17H28ClNO4,345.87
CHEMBL1200948,TRIMIPRAMINE MALEATE,CC(CN(C)C)CN1c2ccccc2CCc2ccccc21.O=C(O)/C=C\C(=O)O,4.0,C24H30N2O4,410.51
CHEMBL1200949,BETAZOLE HYDROCHLORIDE,Cl.NCCc1cc[nH]n1,4.0,C5H10ClN3,147.61
CHEMBL1200950,CLIDINIUM BROMIDE,C[N+]12CCC(CC1)C(OC(=O)C(O)(c1ccccc1)c1ccccc1)C2.[Br-],4.0,C22H26BrNO3,432.36
CHEMBL1200951,FLUPHENAZINE ENANTHATE,CCCCCCC(=O)OCCN1CCN(CCCN2c3ccccc3Sc3ccc(C(F)(F)F)cc32)CC1,4.0,C29H38F3N3O2S,549.70
CHEMBL1200952,METHAMPHETAMINE HYDROCHLORIDE,CN[C@@H](C)Cc1ccccc1.Cl,4.0,C10H16ClN,185.70
CHEMBL1200953,HYDROCORTISONE PROBUTATE,CCCC(=O)O[C@]1(C(=O)COC(=O)CC)CC[C@H]2[C@@H]3CCC4=CC(=O)CC[C@]4(C)[C@H]3[C@@H](O)C[C@@]21C,4.0,C28H40O7,488.62
CHEMBL1200955,MYCOPHENOLATE MOFETIL HYDROCHLORIDE,COc1c(C)c2c(c(O)c1C/C=C(\C)CCC(=O)OCCN1CCOCC1)C(=O)OC2.Cl,4.0,C23H32ClNO7,469.96
CHEMBL1200959,METHDILAZINE,CN1CCC(CN2c3ccccc3Sc3ccccc32)C1,4.0,C18H20N2S,296.44
CHEMBL1200961,BROMPHENIRAMINE MALEATE,CN(C)CCC(c1ccc(Br)cc1)c1ccccn1.O=C(O)/C=C\C(=O)O,4.0,C20H23BrN2O4,435.32
CHEMBL1200962,CEFEPIME HYDROCHLORIDE,CO/N=C(\C(=O)N[C@@H]1C(=O)N2C(C(=O)O)=C(C[N+]3(C)CCCC3)CS[C@H]12)c1csc(N)n1.Cl.O.[Cl-],4.0,C19H28Cl2N6O6S2,571.51
CHEMBL1200963,BIMATOPROST,CCNC(=O)CCC/C=C\C[C@@H]1[C@@H](/C=C/[C@@H](O)CCc2ccccc2)[C@H](O)C[C@@H]1O,4.0,C25H37NO4,415.57
CHEMBL1200964,AMITRIPTYLINE HYDROCHLORIDE,CN(C)CCC=C1c2ccccc2CCc2ccccc21.Cl,4.0,C20H24ClN,313.87
CHEMBL1200965,BACAMPICILLIN HYDROCHLORIDE,CCOC(=O)OC(C)OC(=O)[C@@H]1N2C(=O)[C@@H](NC(=O)[C@H](N)c3ccccc3)[C@H]2SC1(C)C.Cl,4.0,C21H28ClN3O7S,501.99
CHEMBL1200967,BROMODIPHENHYDRAMINE HYDROCHLORIDE,CN(C)CCOC(c1ccccc1)c1ccc(Br)cc1.Cl,4.0,C17H21BrClNO,370.72
CHEMBL1200968,HYDROCORTISONE SODIUM PHOSPHATE,C[C@]12CCC(=O)C=C1CC[C@@H]1[C@@H]2[C@@H](O)C[C@@]2(C)[C@H]1CC[C@]2(O)C(=O)COP(=O)([O-])[O-].[Na+].[Na+],4.0,C21H29Na2O8P,486.41
CHEMBL1200969,DUTASTERIDE,C[C@]12C=CC(=O)N[C@@H]1CC[C@@H]1[C@@H]2CC[C@]2(C)[C@@H](C(=O)Nc3cc(C(F)(F)F)ccc3C(F)(F)F)CC[C@@H]12,4.0,C27H30F6N2O2,528.54
CHEMBL1200970,ETHOPROPAZINE HYDROCHLORIDE,CCN(CC)C(C)CN1c2ccccc2Sc2ccccc21.Cl,4.0,C19H25ClN2S,348.94
CHEMBL1200971,CEPHALOGLYCIN,CC(=O)OCC1=C(C(=O)O)N2C(=O)[C@@H](NC(=O)[C@H](N)c3ccccc3)[C@H]2SC1,4.0,C18H19N3O6S,405.43
CHEMBL1200972,CHLOPHEDIANOL HYDROCHLORIDE,CN(C)CCC(O)(c1ccccc1)c1ccccc1Cl.Cl,4.0,C17H21Cl2NO,326.27
CHEMBL1200973,ESTRADIOL CYPIONATE,C[C@]12CC[C@@H]3c4ccc(O)cc4CC[C@H]3[C@@H]1CC[C@@H]2OC(=O)CCC1CCCC1,4.0,C26H36O3,396.57
CHEMBL1200974,CARBINOXAMINE MALEATE,CN(C)CCOC(c1ccc(Cl)cc1)c1ccccn1.O=C(O)/C=C\C(=O)O,4.0,C20H23ClN2O5,406.87
CHEMBL1200975,CLOCORTOLONE PIVALATE,C[C@@H]1C[C@H]2[C@@H]3C[C@H](F)C4=CC(=O)C=C[C@]4(C)[C@@]3(Cl)[C@@H](O)C[C@]2(C)[C@H]1C(=O)COC(=O)C(C)(C)C,4.0,C27H36ClFO5,495.03
CHEMBL1200976,IDARUBICIN HYDROCHLORIDE,CC(=O)[C@]1(O)Cc2c(O)c3c(c(O)c2[C@@H](O[C@H]2C[C@H](N)[C@H](O)[C@H](C)O2)C1)C(=O)c1ccccc1C3=O.Cl,4.0,C26H28ClNO9,533.96
CHEMBL1200977,MILRINONE LACTATE,CC(O)C(=O)O.Cc1[nH]c(=O)c(C#N)cc1-c1ccncc1,4.0,C15H15N3O4,301.30
CHEMBL1200979,DEXPANTHENOL,CC(C)(CO)[C@@H](O)C(=O)NCCCO,4.0,C9H19NO4,205.25
CHEMBL1200980,ESTROPIPATE,C1CNCCN1.C[C@]12CC[C@@H]3c4ccc(OS(=O)(=O)O)cc4CC[C@H]3[C@@H]1CCC2=O,4.0,C22H32N2O5S,436.57
CHEMBL1200981,EPIRUBICIN HYDROCHLORIDE,COc1cccc2c1C(=O)c1c(O)c3c(c(O)c1C2=O)C[C@@](O)(C(=O)CO)C[C@@H]3O[C@H]1C[C@H](N)[C@@H](O)[C@H](C)O1.Cl,4.0,C27H30ClNO11,579.99
CHEMBL1200982,BUTABARBITAL SODIUM,CCC(C)C1(CC)C(=O)[N-]C(=O)NC1=O.[Na+],4.0,C10H15N2NaO3,234.23
CHEMBL1200984,AMLODIPINE MALEATE,CCOC(=O)C1=C(COCCN)NC(C)=C(C(=O)OC)C1c1ccccc1Cl.O=C(O)/C=C\C(=O)O,4.0,C24H29ClN2O9,524.95
CHEMBL1200985,CEFTIBUTEN DIHYDRATE,Nc1nc(/C(=C/CC(=O)O)C(=O)N[C@@H]2C(=O)N3C(C(=O)O)=CCS[C@H]23)cs1.O.O,4.0,C15H18N4O8S2,446.46
CHEMBL1200986,HALOPERIDOL DECANOATE,CCCCCCCCCC(=O)OC1(c2ccc(Cl)cc2)CCN(CCCC(=O)c2ccc(F)cc2)CC1,4.0,C31H41ClFNO3,530.12
CHEMBL1200987,EPROSARTAN MESYLATE,CCCCc1ncc(/C=C(\Cc2cccs2)C(=O)O)n1Cc1ccc(C(=O)O)cc1.CS(=O)(=O)O,4.0,C24H28N2O7S2,520.63
CHEMBL1200988,METHANTHELINE BROMIDE,CC[N+](C)(CC)CCOC(=O)C1c2ccccc2Oc2ccccc21.[Br-],4.0,C21H26BrNO3,420.35
CHEMBL1200989,ALCLOMETASONE DIPROPIONATE,CCC(=O)OCC(=O)[C@@]1(OC(=O)CC)[C@H](C)C[C@H]2[C@H]3[C@H]([C@@H](O)C[C@@]21C)[C@@]1(C)C=CC(=O)C=C1C[C@H]3Cl,4.0,C28H37ClO7,521.05
CHEMBL1200991,CARBENICILLIN INDANYL SODIUM,CC1(C)S[C@@H]2[C@H](NC(=O)C(C(=O)Oc3ccc4c(c3)CCC4)c3ccccc3)C(=O)N2[C@H]1C(=O)[O-].[Na+],4.0,C26H25N2NaO6S,516.55
CHEMBL1200993,GALLAMINE TRIETHIODIDE,CC[N+](CC)(CC)CCOc1cccc(OCC[N+](CC)(CC)CC)c1OCC[N+](CC)(CC)CC.[I-].[I-].[I-],4.0,C30H60I3N3O3,891.54
CHEMBL1201000,NITROFURANTOIN SODIUM,O=C1CN(/N=C/c2ccc([N+](=O)[O-])o2)C(=O)[N-]1.[Na+],4.0,C8H5N4NaO5,260.14
CHEMBL1201001,MECHLORETHAMINE HYDROCHLORIDE,CN(CCCl)CCCl.Cl,4.0,C5H12Cl3N,192.52
CHEMBL1201002,CARTEOLOL HYDROCHLORIDE,CC(C)(C)NCC(O)COc1cccc2c1CCC(=O)N2.Cl,4.0,C16H25ClN2O3,328.84
CHEMBL1201003,ELETRIPTAN HYDROBROMIDE,Br.CN1CCC[C@@H]1Cc1c[nH]c2ccc(CCS(=O)(=O)c3ccccc3)cc12,4.0,C22H27BrN2O2S,463.44
CHEMBL1201005,CEFONICID SODIUM,O=C([O-])C1=C(CSc2nnnn2CS(=O)(=O)[O-])CS[C@@H]2[C@H](NC(=O)[C@H](O)c3ccccc3)C(=O)N12.[Na+].[Na+],4.0,C18H16N6Na2O8S3,586.54
CHEMBL1201006,PYRILAMINE MALEATE,COc1ccc(CN(CCN(C)C)c2ccccn2)cc1.O=C(O)/C=C\C(=O)O,4.0,C21H27N3O5,401.46
CHEMBL1201010,FLUDROCORTISONE ACETATE,CC(=O)OCC(=O)[C@@]1(O)CC[C@H]2[C@@H]3CCC4=CC(=O)CC[C@]4(C)[C@@]3(F)[C@@H](O)C[C@@]21C,4.0,C23H31FO6,422.49
CHEMBL1201011,QUINAPRIL HYDROCHLORIDE,CCOC(=O)[C@H](CCc1ccccc1)N[C@@H](C)C(=O)N1Cc2ccccc2C[C@H]1C(=O)O.Cl,4.0,C25H31ClN2O5,474.99
CHEMBL1201012,FLURANDRENOLIDE,CC1(C)O[C@@H]2C[C@H]3[C@@H]4C[C@H](F)C5=CC(=O)CC[C@]5(C)[C@H]4[C@@H](O)C[C@]3(C)[C@]2(C(=O)CO)O1,4.0,C24H33FO6,436.52
CHEMBL1201013,OLSALAZINE SODIUM,O=C([O-])c1cc(/N=N/c2ccc(O)c(C(=O)[O-])c2)ccc1O.[Na+].[Na+],4.0,C14H8N2Na2O6,346.21
CHEMBL1201014,PREDNISOLONE SODIUM PHOSPHATE,C[C@]12C=CC(=O)C=C1CC[C@@H]1[C@@H]2[C@@H](O)C[C@@]2(C)[C@H]1CC[C@]2(O)C(=O)COP(=O)([O-])[O-].[Na+].[Na+],4.0,C21H27Na2O8P,484.39
CHEMBL1201015,ALUMINUM ACETATE,CC(=O)[O-].CC(=O)[O-].CC(=O)[O-].[Al+3],4.0,C6H9AlO6,204.11
CHEMBL1201016,CEFPODOXIME PROXETIL,COCC1=C(C(=O)OC(C)OC(=O)OC(C)C)N2C(=O)[C@@H](NC(=O)/C(=N\OC)c3csc(N)n3)[C@H]2SC1,4.0,C21H27N5O9S2,557.61
CHEMBL1201018,CEFACLOR,N[C@@H](C(=O)N[C@@H]1C(=O)N2C(C(=O)O)=C(Cl)CS[C@H]12)c1ccccc1.O,4.0,C15H16ClN3O5S,385.83
CHEMBL1201019,CEFTIZOXIME SODIUM,CO/N=C(\C(=O)N[C@@H]1C(=O)N2C(C(=O)[O-])=CCS[C@H]12)c1csc(N)n1.[Na+],4.0,C13H12N5NaO5S2,405.39
CHEMBL1201020,DISOPYRAMIDE PHOSPHATE,CC(C)N(CCC(C(N)=O)(c1ccccc1)c1ccccn1)C(C)C.O=P(O)(O)O,4.0,C21H32N3O5P,437.48
CHEMBL1201022,PHENAZOPYRIDINE HYDROCHLORIDE,Cl.Nc1ccc(/N=N/c2ccccc2)c(N)n1,4.0,C11H12ClN5,249.71
CHEMBL1201023,ORPHENADRINE HYDROCHLORIDE,Cc1ccccc1C(OCCN(C)C)c1ccccc1.Cl,4.0,C18H24ClNO,305.85
CHEMBL1201027,GLYCOPYRRONIUM BROMIDE,C[N+]1(C)CCC(OC(=O)C(O)(c2ccccc2)C2CCCC2)C1.[Br-],4.0,C19H28BrNO3,398.34
CHEMBL1201032,RIZATRIPTAN BENZOATE,CN(C)CCc1c[nH]c2ccc(Cn3cncn3)cc12.O=C(O)c1ccccc1,4.0,C22H25N5O2,391.48
CHEMBL1201033,IPODATE SODIUM,CN(C)/C=N/c1c(I)cc(I)c(CCC(=O)[O-])c1I.[Na+],4.0,C12H12I3N2NaO2,619.94
CHEMBL1201035,BIPERIDEN HYDROCHLORIDE,Cl.OC(CCN1CCCCC1)(c1ccccc1)C1CC2C=CC1C2,4.0,C21H30ClNO,347.93
CHEMBL1201037,EFLORNITHINE HYDROCHLORIDE,Cl.NCCCC(N)(C(=O)O)C(F)F.O,4.0,C6H15ClF2N2O3,236.65
CHEMBL1201038,ACRISORCIN,CCCCCCc1ccc(O)cc1O.Nc1c2ccccc2nc2ccccc12,4.0,C25H28N2O2,388.51
CHEMBL1201039,BENZTHIAZIDE,NS(=O)(=O)c1cc2c(cc1Cl)N=C(CSCc1ccccc1)NS2(=O)=O,4.0,C15H14ClN3O4S3,431.95
CHEMBL1201041,AZLOCILLIN SODIUM,CC1(C)S[C@@H]2[C@H](NC(=O)[C@H](NC(=O)N3CCNC3=O)c3ccccc3)C(=O)N2[C@H]1C(=O)[O-].[Na+],4.0,C20H22N5NaO6S,483.48
CHEMBL1201042,ETIDRONATE DISODIUM,CC(O)(P(=O)([O-])O)P(=O)([O-])O.[Na+].[Na+],4.0,C2H6Na2O7P2,249.99
CHEMBL1201043,CEPHAPIRIN SODIUM,CC(=O)OCC1=C(C(=O)[O-])N2C(=O)[C@@H](NC(=O)CSc3ccncc3)[C@H]2SC1.[Na+],4.0,C17H16N3NaO6S2,445.45
CHEMBL1201044,DAPIPRAZOLE HYDROCHLORIDE,Cc1ccccc1N1CCN(CCc2nnc3n2CCCC3)CC1.Cl,4.0,C19H28ClN5,361.92
CHEMBL1201045,ACETRIZOATE SODIUM,CC(=O)Nc1c(I)cc(I)c(C(=O)[O-])c1I.O.[Na+],4.0,C9H7I3NNaO4,596.86
CHEMBL1201046,CEFORANIDE,NCc1ccccc1CC(=O)N[C@@H]1C(=O)N2C(C(=O)O)=C(CSc3nnnn3CC(=O)O)CS[C@H]12,4.0,C20H21N7O6S2,519.57
CHEMBL1201047,ANILERIDINE HYDROCHLORIDE,CCOC(=O)C1(c2ccccc2)CCN(CCc2ccc(N)cc2)CC1.Cl,4.0,C22H29ClN2O2,388.94
CHEMBL1201048,DROMOSTANOLONE PROPIONATE,CCC(=O)O[C@H]1CC[C@H]2[C@@H]3CC[C@H]4CC(=O)[C@H](C)C[C@]4(C)[C@H]3CC[C@]12C,4.0,C23H36O3,360.54
CHEMBL1201049,ECONAZOLE NITRATE,Clc1ccc(COC(Cn2ccnc2)c2ccc(Cl)cc2Cl)cc1.O=[N+]([O-])O,4.0,C18H16Cl3N3O4,444.70
CHEMBL1201050,PEMIROLAST POTASSIUM,Cc1cccn2c(=O)c(-c3nnn[n-]3)cnc12.[K+],4.0,C10H7KN6O,266.31
CHEMBL1201051,CIMETIDINE HYDROCHLORIDE,CN/C(=N\CCSCc1nc[nH]c1C)NC#N.Cl,4.0,C10H17ClN6S,288.81
CHEMBL1201052,MESORIDAZINE BESYLATE,CN1CCCCC1CCN1c2ccccc2Sc2ccc([S+](C)[O-])cc21.O=S(=O)(O)c1ccccc1,4.0,C27H32N2O4S3,544.76
CHEMBL1201054,SELENOMETHIONINE SE 75,C[75Se]CC[C@H](N)C(=O)O,4.0,C5H11NO2Se,192.07
CHEMBL1201056,SULFACYTINE,CCn1ccc(NS(=O)(=O)c2ccc(N)cc2)nc1=O,4.0,C12H14N4O3S,294.34
CHEMBL1201057,CILASTATIN SODIUM,CC1(C)C[C@@H]1C(=O)N/C(=C\CCCCSC[C@H](N)C(=O)O)C(=O)[O-].[Na+],4.0,C16H25N2NaO5S,380.44
CHEMBL1201058,POTASSIUM ACETATE,CC(=O)[O-].[K+],4.0,C2H3KO2,98.14
CHEMBL1201059,PROGUANIL HYDROCHLORIDE,CC(C)NC(=N)NC(=N)Nc1ccc(Cl)cc1.Cl,4.0,C11H17Cl2N5,290.20
CHEMBL1201060,LOXAPINE HYDROCHLORIDE,CN1CCN(C2=Nc3ccccc3Oc3ccc(Cl)cc32)CC1.Cl,4.0,C18H19Cl2N3O,364.28
CHEMBL1201061,LEVALBUTEROL HYDROCHLORIDE,CC(C)(C)NC[C@H](O)c1ccc(O)c(CO)c1.Cl,4.0,C13H22ClNO3,275.78
CHEMBL1201063,PROPAFENONE HYDROCHLORIDE,CCCNCC(O)COc1ccccc1C(=O)CCc1ccccc1.Cl,4.0,C21H28ClNO3,377.91
CHEMBL1201064,FLUOROMETHOLONE ACETATE,CC(=O)O[C@]1(C(C)=O)CC[C@H]2[C@@H]3C[C@H](C)C4=CC(=O)C=C[C@]4(C)[C@@]3(F)[C@@H](O)C[C@@]21C,4.0,C24H31FO5,418.51
CHEMBL1201065,THIAMYLAL SODIUM,C=CCC1(C(C)CCC)C(=O)[N-]C(=S)NC1=O.[Na+],4.0,C12H17N2NaO2S,276.34
CHEMBL1201066,VENLAFAXINE HYDROCHLORIDE,COc1ccc(C(CN(C)C)C2(O)CCCCC2)cc1.Cl,4.0,C17H28ClNO2,313.87
CHEMBL1201067,BIPERIDEN LACTATE,CC(O)C(=O)O.OC(CCN1CCCCC1)(c1ccccc1)C1CC2C=CC1C2,4.0,C24H35NO4,401.55
CHEMBL1201068,PROPIOMAZINE HYDROCHLORIDE,CCC(=O)c1ccc2c(c1)N(CC(C)N(C)C)c1ccccc1S2.Cl,4.0,C20H25ClN2OS,376.95
CHEMBL1201071,TETRACYCLINE PHOSPHATE COMPLEX,CN(C)[C@@H]1C(O)=C(C(N)=O)C(=O)[C@@]2(O)C(O)=C3C(=O)c4c(O)cccc4[C@@](C)(O)[C@H]3C[C@@H]12.O=P(O)(O)O,4.0,C22H27N2O12P,542.43
CHEMBL1201073,SUCCIMER,O=C(O)[C@@H](S)[C@@H](S)C(=O)O,4.0,C4H6O4S2,182.22
CHEMBL1201075,IOXILAN,CC(=O)N(CC(O)CO)c1c(I)c(C(=O)NCCO)c(I)c(C(=O)NCC(O)CO)c1I,4.0,C18H24I3N3O8,791.11
CHEMBL1201080,TRIMETHOPRIM HYDROCHLORIDE,COc1cc(Cc2cnc(N)nc2N)cc(OC)c1OC.Cl,4.0,C14H19ClN4O3,326.78
CHEMBL1201081,METHYLPREDNISOLONE SODIUM SUCCINATE,C[C@H]1C[C@@H]2[C@H]([C@@H](O)C[C@@]3(C)[C@H]2CC[C@]3(O)C(=O)COC(=O)CCC(=O)[O-])[C@@]2(C)C=CC(=O)C=C12.[Na+],4.0,C26H33NaO8,496.53
CHEMBL1201082,FLUOXETINE HYDROCHLORIDE,CNCCC(Oc1ccc(C(F)(F)F)cc1)c1ccccc1.Cl,4.0,C17H19ClF3NO,345.79
CHEMBL1201083,SODIUM IODIDE I 123,[123I-].[Na+],4.0,INa,145.90
CHEMBL1201084,SODIUM IODIDE I 131,[131I-].[Na+],4.0,INa,153.90
CHEMBL1201087,CABERGOLINE,C=CCN1C[C@H](C(=O)N(CCCN(C)C)C(=O)NCC)C[C@@H]2c3cccc4[nH]cc(c34)C[C@H]21,4.0,C26H37N5O2,451.62
CHEMBL1201089,DIPHENHYDRAMINE CITRATE,CN(C)CCOC(c1ccccc1)c1ccccc1.O=C(O)CC(O)(CC(=O)O)C(=O)O,4.0,C23H29NO8,447.48
CHEMBL1201092,RIVASTIGMINE TARTRATE,CCN(C)C(=O)Oc1cccc([C@H](C)N(C)C)c1.O=C(O)[C@H](O)[C@@H](O)C(=O)O,4.0,C18H28N2O8,400.43
CHEMBL1201093,METHYL AMINOLEVULINATE HYDROCHLORIDE,COC(=O)CCC(=O)CN.Cl,4.0,C6H12ClNO3,181.62
CHEMBL1201096,KRYPTON KR 81M,[81Kr],4.0,Kr,80.92
CHEMBL1201098,CEFOTETAN DISODIUM,CO[C@@]1(NC(=O)C2SC(=C(C(N)=O)C(=O)[O-])S2)C(=O)N2C(C(=O)[O-])=C(CSc3nnnn3C)CS[C@@H]21.[Na+].[Na+],4.0,C17H15N7Na2O8S4,619.60
CHEMBL1201101,TESTOSTERONE CYPIONATE,C[C@]12CC[C@H]3[C@@H](CCC4=CC(=O)CC[C@@]43C)[C@@H]1CC[C@@H]2OC(=O)CCC1CCCC1,4.0,C27H40O3,412.61
CHEMBL1201102,TRIFLUPROMAZINE HYDROCHLORIDE,CN(C)CCCN1c2ccccc2Sc2ccc(C(F)(F)F)cc21.Cl,4.0,C18H20ClF3N2S,388.89
CHEMBL1201103,METHOXAMINE HYDROCHLORIDE,COc1ccc(OC)c(C(O)C(C)N)c1.Cl,4.0,C11H18ClNO3,247.72
CHEMBL1201104,METHENAMINE HIPPURATE,C1N2CN3CN1CN(C2)C3.O=C(O)CNC(=O)c1ccccc1,4.0,C15H21N5O3,319.37
CHEMBL1201108,CONIVAPTAN HYDROCHLORIDE,Cc1nc2c([nH]1)-c1ccccc1N(C(=O)c1ccc(NC(=O)c3ccccc3-c3ccccc3)cc1)CC2.Cl,4.0,C32H27ClN4O2,535.05
CHEMBL1201109,DESONIDE,CC1(C)O[C@@H]2C[C@H]3[C@@H]4CCC5=CC(=O)C=C[C@]5(C)[C@H]4[C@@H](O)C[C@]3(C)[C@]2(C(=O)CO)O1,4.0,C24H32O6,416.51
CHEMBL1201110,VALACYCLOVIR HYDROCHLORIDE,CC(C)[C@H](N)C(=O)OCCOCn1cnc2c(=O)nc(N)[nH]c21.Cl,4.0,C13H21ClN6O4,360.80
CHEMBL1201112,NELARABINE,COc1nc(N)nc2c1ncn2[C@@H]1O[C@H](CO)[C@@H](O)[C@@H]1O,4.0,C11H15N5O5,297.27
CHEMBL1201115,ESMOLOL HYDROCHLORIDE,COC(=O)CCc1ccc(OCC(O)CNC(C)C)cc1.Cl,4.0,C16H26ClNO4,331.84
CHEMBL1201116,HETACILLIN,CC1(C)S[C@@H]2[C@H](N3C(=O)[C@@H](c4ccccc4)NC3(C)C)C(=O)N2[C@H]1C(=O)O,4.0,C19H23N3O4S,389.48
CHEMBL1201117,METHOCARBAMOL,COc1ccccc1OCC(O)COC(N)=O,4.0,C11H15NO5,241.24
CHEMBL1201118,CEFMETAZOLE SODIUM,CO[C@@]1(NC(=O)CSCC#N)C(=O)N2C(C(=O)[O-])=C(CSc3nnnn3C)CS[C@@H]21.[Na+],4.0,C15H16N7NaO5S3,493.53
CHEMBL1201119,LIOTHYRONINE SODIUM,N[C@@H](Cc1cc(I)c(Oc2ccc(O)c(I)c2)c(I)c1)C(=O)[O-].[Na+],4.0,C15H11I3NNaO4,672.96
CHEMBL1201120,REMIFENTANIL HYDROCHLORIDE,CCC(=O)N(c1ccccc1)C1(C(=O)OC)CCN(CCC(=O)OC)CC1.Cl,4.0,C20H29ClN2O5,412.91
CHEMBL1201121,HETACILLIN POTASSIUM,CC1(C)S[C@@H]2[C@H](N3C(=O)[C@@H](c4ccccc4)NC3(C)C)C(=O)N2[C@H]1C(=O)[O-].[K+],4.0,C19H22KN3O4S,427.57
CHEMBL1201124,KETOROLAC TROMETHAMINE,NC(CO)(CO)CO.O=C(c1ccccc1)c1ccc2n1CCC2C(=O)O,4.0,C19H24N2O6,376.41
CHEMBL1201125,IOTHALAMATE MEGLUMINE,CNC(=O)c1c(I)c(NC(C)=O)c(I)c(C(=O)O)c1I.CNC[C@H](O)[C@@H](O)[C@H](O)[C@H](O)CO,4.0,C18H26I3N3O9,809.13
CHEMBL1201127,DARUNAVIR ETHANOLATE,CC(C)CN(C[C@@H](O)[C@H](Cc1ccccc1)NC(=O)O[C@H]1CO[C@H]2OCC[C@H]21)S(=O)(=O)c1ccc(N)cc1.CCO,4.0,C29H43N3O8S,593.74
CHEMBL1201129,DECITABINE,Nc1ncn([C@H]2C[C@H](O)[C@@H](CO)O2)c(=O)n1,4.0,C8H12N4O4,228.21
CHEMBL1201130,BETAINE HYDROCHLORIDE,C[N+](C)(C)CC(=O)O.[Cl-],1.0,C5H12ClNO2,153.61
CHEMBL1201131,PIPERONYL BUTOXIDE,CCCCOCCOCCOCc1cc2c(cc1CCC)OCO2,4.0,C19H30O5,338.44
CHEMBL1201132,NALBUPHINE HYDROCHLORIDE,Cl.Oc1ccc2c3c1O[C@H]1[C@@H](O)CC[C@@]4(O)[C@@H](C2)N(CC2CCC2)CC[C@]314,4.0,C21H28ClNO4,393.91
CHEMBL1201134,LUBIPROSTONE,CCCCC(F)(F)[C@@]1(O)CC[C@H]2[C@@H](CC(=O)[C@@H]2CCCCCCC(=O)O)O1,4.0,C20H32F2O5,390.47
CHEMBL1201138,LEUCOVORIN CALCIUM,Nc1nc(=O)c2c([nH]1)NCC(CNc1ccc(C(=O)N[C@@H](CCC(=O)[O-])C(=O)[O-])cc1)N2C=O.[Ca+2],4.0,C20H21CaN7O7,511.51
CHEMBL1201139,MEGESTROL ACETATE,CC(=O)O[C@]1(C(C)=O)CC[C@H]2[C@@H]3C=C(C)C4=CC(=O)CC[C@]4(C)[C@H]3CC[C@@]21C,4.0,C24H32O4,384.52
CHEMBL1201141,IBUPROFEN LYSINE,CC(C)Cc1ccc(C(C)C(=O)O)cc1.NCCCC[C@H](N)C(=O)O,4.0,C19H32N2O4,352.48
CHEMBL1201142,RASAGILINE MESYLATE,C#CCN[C@@H]1CCc2ccccc21.CS(=O)(=O)O,4.0,C13H17NO3S,267.35
CHEMBL1201146,NORETHINDRONE ACETATE,C#C[C@]1(OC(C)=O)CC[C@H]2[C@@H]3CCC4=CC(=O)CC[C@@H]4[C@H]3CC[C@@]21C,4.0,C22H28O3,340.46
CHEMBL1201147,OCTOCRYLENE,CCCCC(CC)COC(=O)C(C#N)=C(c1ccccc1)c1ccccc1,4.0,C24H27NO2,361.49
CHEMBL1201148,MEPREDNISONE,C[C@H]1C[C@H]2[C@@H]3CCC4=CC(=O)C=C[C@]4(C)[C@H]3C(=O)C[C@]2(C)[C@@]1(O)C(=O)CO,4.0,C22H28O5,372.46
CHEMBL1201149,NALTREXONE HYDROCHLORIDE,Cl.O=C1CC[C@@]2(O)[C@H]3Cc4ccc(O)c5c4[C@@]2(CCN3CC2CC2)[C@H]1O5,4.0,C20H24ClNO4,377.87
CHEMBL1201150,SUMATRIPTAN SUCCINATE,CNS(=O)(=O)Cc1ccc2[nH]cc(CCN(C)C)c2c1.O=C(O)CCC(=O)O,4.0,C18H27N3O6S,413.50
CHEMBL1201151,MESTRANOL,C#C[C@]1(O)CC[C@H]2[C@@H]3CCc4cc(OC)ccc4[C@H]3CC[C@@]21C,4.0,C21H26O2,310.44
CHEMBL1201152,NALMEFENE HYDROCHLORIDE,C=C1CC[C@@]2(O)[C@H]3Cc4ccc(O)c5c4[C@@]2(CCN3CC2CC2)[C@H]1O5.Cl,4.0,C21H26ClNO3,375.90
CHEMBL1201153,ISOETHARINE MESYLATE,CCC(NC(C)C)C(O)c1ccc(O)c(O)c1.CS(=O)(=O)O,4.0,C14H25NO6S,335.42
CHEMBL1201154,PROCHLORPERAZINE EDISYLATE,CN1CCN(CCCN2c3ccccc3Sc3ccc(Cl)cc32)CC1.O=S(=O)(O)CCS(=O)(=O)O,4.0,C22H30ClN3O6S3,564.15
CHEMBL1201155,LOXAPINE SUCCINATE,CN1CCN(C2=Nc3ccccc3Oc3ccc(Cl)cc32)CC1.O=C(O)CCC(=O)O,4.0,C22H24ClN3O5,445.90
CHEMBL1201156,NORTRIPTYLINE HYDROCHLORIDE,CNCCC=C1c2ccccc2CCc2ccccc21.Cl,4.0,C19H22ClN,299.85
CHEMBL1201159,FENTANYL HYDROCHLORIDE,CCC(=O)N(c1ccccc1)C1CCN(CCc2ccccc2)CC1.Cl,4.0,C22H29ClN2O,372.94
CHEMBL1201161,MAFENIDE ACETATE,CC(=O)O.NCc1ccc(S(N)(=O)=O)cc1,4.0,C9H14N2O4S,246.29
CHEMBL1201162,DORZOLAMIDE HYDROCHLORIDE,CCN[C@H]1C[C@H](C)S(=O)(=O)c2sc(S(N)(=O)=O)cc21.Cl,4.0,C10H17ClN2O4S3,360.91
CHEMBL1201163,SUFENTANIL CITRATE,CCC(=O)N(c1ccccc1)C1(COC)CCN(CCc2cccs2)CC1.O=C(O)CC(O)(CC(=O)O)C(=O)O,4.0,C28H38N2O9S,578.68
CHEMBL1201165,QUINESTROL,C#C[C@]1(O)CC[C@H]2[C@@H]3CCc4cc(OC5CCCC5)ccc4[C@H]3CC[C@@]21C,4.0,C25H32O2,364.53
CHEMBL1201167,CARVEDILOL PHOSPHATE,COc1ccccc1OCCNCC(O)COc1cccc2[nH]c3ccccc3c12.O=P(O)(O)O,4.0,C24H29N2O8P,504.48
CHEMBL1201168,ISOCARBOXAZID,Cc1cc(C(=O)NNCc2ccccc2)no1,4.0,C12H13N3O2,231.25
CHEMBL1201170,LITHIUM CITRATE ANHYDROUS,O=C([O-])CC(O)(CC(=O)[O-])C(=O)[O-].[Li+].[Li+].[Li+],4.0,C6H5Li3O7,209.92
CHEMBL1201171,PRAMOXINE HYDROCHLORIDE,CCCCOc1ccc(OCCCN2CCOCC2)cc1.Cl,4.0,C17H28ClNO3,329.87
CHEMBL1201172,IODAMIDE MEGLUMINE,CC(=O)NCc1c(I)c(NC(C)=O)c(I)c(C(=O)O)c1I.CNC[C@H](O)[C@@H](O)[C@H](O)[C@H](O)CO,4.0,C19H28I3N3O9,823.16
CHEMBL1201173,MEDRYSONE,CC(=O)[C@H]1CC[C@H]2[C@@H]3C[C@H](C)C4=CC(=O)CC[C@]4(C)[C@H]3[C@@H](O)C[C@]12C,4.0,C22H32O3,344.50
CHEMBL1201174,SITAGLIPTIN PHOSPHATE,N[C@@H](CC(=O)N1CCn2c(nnc2C(F)(F)F)C1)Cc1cc(F)c(F)cc1F.O.O=P(O)(O)O,4.0,C16H20F6N5O6P,523.33
CHEMBL1201177,LEVOBUNOLOL HYDROCHLORIDE,CC(C)(C)NC[C@H](O)COc1cccc2c1CCCC2=O.Cl,4.0,C17H26ClNO3,327.85
CHEMBL1201178,LISDEXAMFETAMINE DIMESYLATE,CS(=O)(=O)O.CS(=O)(=O)O.C[C@@H](Cc1ccccc1)NC(=O)[C@@H](N)CCCCN,4.0,C17H33N3O7S2,455.60
CHEMBL1201179,LAPATINIB DITOSYLATE,CS(=O)(=O)CCNCc1ccc(-c2ccc3ncnc(Nc4ccc(OCc5cccc(F)c5)c(Cl)c4)c3c2)o1.Cc1ccc(S(=O)(=O)O)cc1.Cc1ccc(S(=O)(=O)O)cc1.O,4.0,C43H44ClFN4O11S3,943.49
CHEMBL1201180,DICLOFENAC EPOLAMINE,O=C(O)Cc1ccccc1Nc1c(Cl)cccc1Cl.OCCN1CCCC1,4.0,C20H24Cl2N2O3,411.33
CHEMBL1201182,TEMSIROLIMUS,CO[C@H]1C[C@@H]2CC[C@@H](C)[C@@](O)(O2)C(=O)C(=O)N2CCCC[C@H]2C(=O)O[C@H]([C@H](C)C[C@@H]2CC[C@@H](OC(=O)C(C)(CO)CO)[C@H](OC)C2)CC(=O)[C@H](C)/C=C(\C)[C@@H](O)[C@@H](OC)C(=O)[C@H](C)C[C@H](C)/C=C/C=C/C=C/1C,4.0,C56H87NO16,1030.30
CHEMBL1201189,AMMONIA N 13,[13NH3],4.0,H3N,16.03
CHEMBL1201190,LEVOCETIRIZINE DIHYDROCHLORIDE,Cl.Cl.O=C(O)COCCN1CCN([C@H](c2ccccc2)c2ccc(Cl)cc2)CC1,4.0,C21H27Cl3N2O3,461.82
CHEMBL1201191,LEVOCETIRIZINE,O=C(O)COCCN1CCN([C@H](c2ccccc2)c2ccc(Cl)cc2)CC1,4.0,C21H25ClN2O3,388.90
CHEMBL1201192,ARMODAFINIL,NC(=O)C[S@@+]([O-])C(c1ccccc1)c1ccccc1,4.0,C15H15NO2S,273.36
CHEMBL1201193,LEVOBUPIVACAINE,CCCCN1CCCC[C@H]1C(=O)Nc1c(C)cccc1C,4.0,C18H28N2O,288.44
CHEMBL1201195,CEFMETAZOLE,CO[C@@]1(NC(=O)CSCC#N)C(=O)N2C(C(=O)O)=C(CSc3nnnn3C)CS[C@@H]21,4.0,C15H17N7O5S3,471.55
CHEMBL1201196,SERTACONAZOLE,Clc1ccc(C(Cn2ccnc2)OCc2csc3c(Cl)cccc23)c(Cl)c1,4.0,C20H15Cl3N2OS,437.78
CHEMBL1201197,ALATROFLOXACIN,C[C@H](N)C(=O)N[C@@H](C)C(=O)N[C@H]1[C@@H]2CN(c3nc4c(cc3F)c(=O)c(C(=O)O)cn4-c3ccc(F)cc3F)C[C@@H]21,4.0,C26H25F3N6O5,558.52
CHEMBL1201198,PEMIROLAST,Cc1cccn2c(=O)c(-c3nnn[nH]3)cnc12,4.0,C10H8N6O,228.22
CHEMBL1201201,METHAMPHETAMINE,CN[C@@H](C)Cc1ccccc1,4.0,C10H15N,149.24
CHEMBL1201203,BENZTROPINE,CN1[C@@H]2CC[C@H]1C[C@@H](OC(c1ccccc1)c1ccccc1)C2,4.0,C21H25NO,307.44
CHEMBL1201204,CEFPIRAMIDE,Cc1cc(O)c(C(=O)N[C@@H](C(=O)N[C@@H]2C(=O)N3C(C(=O)O)=C(CSc4nnnn4C)CS[C@H]23)c2ccc(O)cc2)cn1,4.0,C25H24N8O7S2,612.65
CHEMBL1201206,PIPECURONIUM,CC(=O)O[C@H]1C[C@@H]2CC[C@@H]3[C@H](CC[C@@]4(C)[C@H]3C[C@H](N3CC[N+](C)(C)CC3)[C@@H]4OC(C)=O)[C@@]2(C)C[C@@H]1N1CC[N+](C)(C)CC1,4.0,C35H62N4O4+2,602.91
CHEMBL1201207,BETAMETHASONE PHOSPHORIC ACID,C[C@H]1C[C@H]2[C@@H]3CCC4=CC(=O)C=C[C@]4(C)[C@@]3(F)[C@@H](O)C[C@]2(C)[C@@]1(O)C(=O)COP(=O)(O)O,4.0,C22H30FO8P,472.45
CHEMBL1201208,PHENMETRAZINE,CC1NCCOC1c1ccccc1,4.0,C11H15NO,177.25
CHEMBL1201210,PROPIOMAZINE,CCC(=O)c1ccc2c(c1)N(CC(C)N(C)C)c1ccccc1S2,4.0,C20H24N2OS,340.49
CHEMBL1201212,MIDODRINE,COc1ccc(OC)c(C(O)CNC(=O)CN)c1,4.0,C12H18N2O4,254.29
CHEMBL1201213,ISOETHARINE,CCC(NC(C)C)C(O)c1ccc(O)c(O)c1,4.0,C13H21NO3,239.31
CHEMBL1201216,DAPIPRAZOLE,Cc1ccccc1N1CCN(CCc2nnc3n2CCCC3)CC1,4.0,C19H27N5,325.46
CHEMBL1201217,DYCLONINE,CCCCOc1ccc(C(=O)CCN2CCCCC2)cc1,4.0,C18H27NO2,289.42
CHEMBL1201218,CEFAMANDOLE NAFATE FREE BASE,Cn1nnnc1SCC1=C(C(=O)O)N2C(=O)[C@@H](NC(=O)[C@H](OC=O)c3ccccc3)[C@H]2SC1,4.0,C19H18N6O6S2,490.52
CHEMBL1201219,VECURONIUM,CC(=O)O[C@H]1C[C@@H]2CC[C@@H]3[C@H](CC[C@@]4(C)[C@H]3C[C@H]([N+]3(C)CCCCC3)[C@@H]4OC(C)=O)[C@@]2(C)C[C@@H]1N1CCCCC1,4.0,C34H57N2O4+,557.84
CHEMBL1201220,DIATRIZOIC ACID,CC(=O)Nc1c(I)c(NC(C)=O)c(I)c(C(=O)O)c1I,4.0,C11H9I3N2O4,613.91
CHEMBL1201222,LISDEXAMFETAMINE,C[C@@H](Cc1ccccc1)NC(=O)[C@@H](N)CCCCN,4.0,C15H25N3O,263.38
CHEMBL1201224,CEFMENOXIME,CO/N=C(\C(=O)N[C@@H]1C(=O)N2C(C(=O)O)=C(CSc3nnnn3C)CS[C@H]12)c1csc(N)n1,4.0,C16H17N9O5S3,511.57
CHEMBL1201225,IODINE,II,3.0,I2,253.81
CHEMBL1201227,CYCRIMINE,OC(CCN1CCCCC1)(c1ccccc1)C1CCCC1,4.0,C19H29NO,287.45
CHEMBL1201229,DEMECARIUM,CN(CCCCCCCCCCN(C)C(=O)Oc1cccc([N+](C)(C)C)c1)C(=O)Oc1cccc([N+](C)(C)C)c1,4.0,C32H52N4O4+2,556.79
CHEMBL1201230,MAGNESIUM,[Mg],3.0,Mg,24.30
CHEMBL1201231,PREDNISOLONE PHOSPHORIC ACID,C[C@]12C=CC(=O)C=C1CC[C@@H]1[C@@H]2[C@@H](O)C[C@@]2(C)[C@H]1CC[C@]2(O)C(=O)COP(=O)(O)O,4.0,C21H29O8P,440.43
CHEMBL1201232,ISOPROPAMIDE,CC(C)[N+](C)(CCC(C(N)=O)(c1ccccc1)c1ccccc1)C(C)C,4.0,C23H33N2O+,353.53
CHEMBL1201233,METHYLDOPATE,CCOC(=O)[C@@](C)(N)Cc1ccc(O)c(O)c1,4.0,C12H17NO4,239.27
CHEMBL1201234,MEPHENTERMINE,CNC(C)(C)Cc1ccccc1,4.0,C11H17N,163.26
CHEMBL1201235,METHYLHOMATROPINE,C[N+]1(C)[C@@H]2CC[C@H]1C[C@@H](OC(=O)C(O)c1ccccc1)C2,4.0,C17H24NO3+,290.38
CHEMBL1201236,CARBIDOPA ANHYDROUS,C[C@@](Cc1ccc(O)c(O)c1)(NN)C(=O)O,4.0,C10H14N2O4,226.23
CHEMBL1201237,LEVOBUNOLOL,CC(C)(C)NC[C@H](O)COc1cccc2c1CCCC2=O,4.0,C17H25NO3,291.39
CHEMBL1201239,IODAMIDE,CC(=O)NCc1c(I)c(NC(C)=O)c(I)c(C(=O)O)c1I,4.0,C12H11I3N2O4,627.94
CHEMBL1201242,INDECAINIDE,CC(C)NCCCC1(C(N)=O)c2ccccc2-c2ccccc21,4.0,C20H24N2O,308.43
CHEMBL1201243,IPODATE,CN(C)/C=N/c1c(I)cc(I)c(CCC(=O)O)c1I,4.0,C12H13I3N2O2,597.96
CHEMBL1201244,ROCURONIUM,C=CC[N+]1([C@H]2C[C@H]3[C@@H]4CC[C@H]5C[C@H](O)[C@@H](N6CCOCC6)C[C@]5(C)[C@H]4CC[C@]3(C)[C@H]2OC(C)=O)CCCC1,4.0,C32H53N2O4+,529.79
CHEMBL1201245,BROMODIPHENHYDRAMINE,CN(C)CCOC(c1ccccc1)c1ccc(Br)cc1,4.0,C17H20BrNO,334.26
CHEMBL1201248,CISATRACURIUM,COc1ccc(C[C@@H]2c3cc(OC)c(OC)cc3CC[N@+]2(C)CCC(=O)OCCCCCOC(=O)CC[N@@+]2(C)CCc3cc(OC)c(OC)cc3[C@H]2Cc2ccc(OC)c(OC)c2)cc1OC,4.0,C53H72N2O12+2,929.16
CHEMBL1201250,BENZQUINAMIDE,CCN(CC)C(=O)C1CN2CCc3cc(OC)c(OC)cc3C2CC1OC(C)=O,4.0,C22H32N2O5,404.51
CHEMBL1201251,ARBUTAMINE,Oc1ccc(CCCCNC[C@H](O)c2ccc(O)c(O)c2)cc1,4.0,C18H23NO4,317.39
CHEMBL1201256,TRIMETHOBENZAMIDE,COc1cc(C(=O)NCc2ccc(OCCN(C)C)cc2)cc(OC)c1OC,4.0,C21H28N2O5,388.46
CHEMBL1201260,BETHANIDINE,C/N=C(\NC)NCc1ccccc1,4.0,C10H15N3,177.25
CHEMBL1201261,TYROPANOIC ACID,CCCC(=O)Nc1c(I)cc(I)c(CC(CC)C(=O)O)c1I,4.0,C15H18I3NO3,641.02
CHEMBL1201262,DIPIVEFRIN,CNCC(O)c1ccc(OC(=O)C(C)(C)C)c(OC(=O)C(C)(C)C)c1,4.0,C19H29NO5,351.44
CHEMBL1201263,HYDROCORTAMATE,CCN(CC)CC(=O)OCC(=O)[C@@]1(O)CC[C@H]2[C@@H]3CCC4=CC(=O)CC[C@]4(C)[C@H]3[C@@H](O)C[C@@]21C,4.0,C27H41NO6,475.63
CHEMBL1201264,METHANTHELINE,CC[N+](C)(CC)CCOC(=O)C1c2ccccc2Oc2ccccc21,4.0,C21H26NO3+,340.44
CHEMBL1201265,METHYLPREDNISOLONE HEMISUCCINATE,C[C@H]1C[C@@H]2[C@H]([C@@H](O)C[C@@]3(C)[C@H]2CC[C@]3(O)C(=O)COC(=O)CCC(=O)O)[C@@]2(C)C=CC(=O)C=C12,4.0,C26H34O8,474.55
CHEMBL1201266,LODOXAMIDE,N#Cc1cc(NC(=O)C(=O)O)c(Cl)c(NC(=O)C(=O)O)c1,4.0,C11H6ClN3O6,311.64
CHEMBL1201269,CHLORPHENTERMINE,CC(C)(N)Cc1ccc(Cl)cc1,4.0,C10H14ClN,183.68
CHEMBL1201270,METHENAMINE,C1N2CN3CN1CN(C2)C3,4.0,C6H12N4,140.19
CHEMBL1201271,BUCLIZINE,CC(C)(C)c1ccc(CN2CCN(C(c3ccccc3)c3ccc(Cl)cc3)CC2)cc1,4.0,C28H33ClN2,433.04
CHEMBL1201273,PROTOKYLOL,CC(Cc1ccc2c(c1)OCO2)NCC(O)c1ccc(O)c(O)c1,4.0,C18H21NO5,331.37
CHEMBL1201274,LEVOBETAXOLOL,CC(C)NC[C@H](O)COc1ccc(CCOCC2CC2)cc1,4.0,C18H29NO3,307.43
CHEMBL1201275,ISOSULFAN BLUE INNER SALT,CCN(CC)c1ccc(C(=C2C=CC(=[N+](CC)CC)C=C2)c2cc(S(=O)(=O)[O-])ccc2S(=O)(=O)O)cc1,4.0,C27H32N2O6S2,544.70
CHEMBL1201281,CHLORAMPHENICOL SUCCINIC ACID,O=C(O)CCC(=O)OC[C@@H](NC(=O)C(Cl)Cl)[C@H](O)c1ccc([N+](=O)[O-])cc1,4.0,C15H16Cl2N2O8,423.20
CHEMBL1201284,CINACALCET,C[C@@H](NCCCc1cccc(C(F)(F)F)c1)c1cccc2ccccc12,4.0,C22H22F3N,357.42
CHEMBL1201286,OXYPHENONIUM,CC[N+](C)(CC)CCOC(=O)C(O)(c1ccccc1)C1CCCCC1,4.0,C21H34NO3+,348.51
CHEMBL1201287,DEXBROMPHENIRAMINE,CN(C)CC[C@@H](c1ccc(Br)cc1)c1ccccn1,4.0,C16H19BrN2,319.25
CHEMBL1201288,DANTROLENE,O=C1CN(/N=C/c2ccc(-c3ccc([N+](=O)[O-])cc3)o2)C(=O)N1,4.0,C14H10N4O5,314.26
CHEMBL1201289,CLINDAMYCIN PALMITATE,CCCCCCCCCCCCCCCC(=O)O[C@@H]1[C@@H](O)[C@@H](O)[C@@H]([C@H](NC(=O)[C@@H]2C[C@@H](CCC)CN2C)[C@H](C)Cl)O[C@@H]1SC,4.0,C34H63ClN2O6S,663.41
CHEMBL1201290,POTASSIUM,[K],3.0,K,39.10
CHEMBL1201291,IOXAGLIC ACID,CNC(=O)c1c(I)c(C(=O)NCC(=O)Nc2c(I)c(C(=O)O)c(I)c(C(=O)NCCO)c2I)c(I)c(N(C)C(C)=O)c1I,4.0,C24H21I6N5O8,1268.88
CHEMBL1201293,ACAMPROSATE,CC(=O)NCCCS(=O)(=O)O,4.0,C5H11NO4S,181.21
CHEMBL1201294,DIPHENOXYLATE,CCOC(=O)C1(c2ccccc2)CCN(CCC(C#N)(c2ccccc2)c2ccccc2)CC1,4.0,C30H32N2O2,452.60
CHEMBL1201295,BITOLTEROL,Cc1ccc(C(=O)Oc2ccc(C(O)CNC(C)(C)C)cc2OC(=O)c2ccc(C)cc2)cc1,4.0,C28H31NO5,461.56
CHEMBL1201300,IOTHALAMIC ACID,CNC(=O)c1c(I)c(NC(C)=O)c(I)c(C(=O)O)c1I,4.0,C11H9I3N2O4,613.91
CHEMBL1201302,DEXAMETHASONE PHOSPHORIC ACID,C[C@@H]1C[C@H]2[C@@H]3CCC4=CC(=O)C=C[C@]4(C)[C@@]3(F)[C@@H](O)C[C@]2(C)[C@@]1(O)C(=O)COP(=O)(O)O,4.0,C22H30FO8P,472.45
CHEMBL1201303,PYRVINIUM,Cc1cc(/C=C/c2ccc3cc(N(C)C)ccc3[n+]2C)c(C)n1-c1ccccc1,4.0,C26H28N3+,382.53
CHEMBL1201304,INDOCYANINE GREEN ACID FORM,CC1(C)C(/C=C/C=C/C=C/C=C2\N(CCCCS(=O)(=O)O)c3ccc4ccccc4c3C2(C)C)=[N+](CCCCS(=O)(=O)[O-])c2ccc3ccccc3c21,4.0,C43H48N2O6S2,753.00
CHEMBL1201308,IOFETAMINE,CC(C)NC(C)Cc1ccc(I)cc1,4.0,C12H18IN,303.19
CHEMBL1201313,CHLOPHEDIANOL,CN(C)CCC(O)(c1ccccc1)c1ccccc1Cl,4.0,C17H20ClNO,289.81
CHEMBL1201314,VALGANCICLOVIR,CC(C)[C@H](N)C(=O)OCC(CO)OCn1cnc2c(=O)[nH]c(N)nc21,4.0,C14H22N6O5,354.37
CHEMBL1201317,TRICLOFOS,O=P(O)(O)OCC(Cl)(Cl)Cl,4.0,C2H4Cl3O4P,229.38
CHEMBL1201319,METARAMINOL,C[C@H](N)[C@H](O)c1cccc(O)c1,4.0,C9H13NO2,167.21
CHEMBL1201320,ESOMEPRAZOLE,COc1ccc2[nH]c([S@@+]([O-])Cc3ncc(C)c(OC)c3C)nc2c1,4.0,C17H19N3O3S,345.42
CHEMBL1201321,DIFENOXIN,N#CC(CCN1CCC(C(=O)O)(c2ccccc2)CC1)(c1ccccc1)c1ccccc1,4.0,C28H28N2O2,424.54
CHEMBL1201322,THONZONIUM,CCCCCCCCCCCCCCCC[N+](C)(C)CCN(Cc1ccc(OC)cc1)c1ncccn1,4.0,C32H55N4O+,511.82
CHEMBL1201323,BETAZOLE,NCCc1cc[nH]n1,4.0,C5H9N3,111.15
CHEMBL1201325,HEXOCYCLIUM,C[N+]1(C)CCN(CC(O)(c2ccccc2)C2CCCCC2)CC1,4.0,C20H33N2O+,317.50
CHEMBL1201326,RUBIDIUM,[Rb],3.0,Rb,85.47
CHEMBL1201327,ACETRIZOIC ACID,CC(=O)Nc1c(I)cc(I)c(C(=O)O)c1I,4.0,C9H6I3NO3,556.86
CHEMBL1201328,CARPHENAZINE,CCC(=O)c1ccc2c(c1)N(CCCN1CCN(CCO)CC1)c1ccccc1S2,4.0,C24H31N3O2S,425.60
CHEMBL1201329,TRIMETHAPHAN,O=C1N(Cc2ccccc2)C2C[S+]3CCCC3C2N1Cc1ccccc1,4.0,C22H25N2OS+,365.52
CHEMBL1201333,LITHIUM,[Li],3.0,Li,6.94
CHEMBL1201335,GLYCOPYRRONIUM,C[N+]1(C)CCC(OC(=O)C(O)(c2ccccc2)C2CCCC2)C1,4.0,C19H28NO3+,318.44
CHEMBL1201336,FOSPHENYTOIN,O=C1NC(c2ccccc2)(c2ccccc2)C(=O)N1COP(=O)(O)O,4.0,C16H15N2O6P,362.28
CHEMBL1201338,CYCLOPENTOLATE,CN(C)CCOC(=O)C(c1ccccc1)C1(O)CCCC1,4.0,C17H25NO3,291.39
CHEMBL1201340,DIPHEMANIL,C[N+]1(C)CCC(=C(c2ccccc2)c2ccccc2)CC1,4.0,C20H24N+,278.42
CHEMBL1201341,ECHOTHIOPHATE,CCOP(=O)(OCC)SCC[N+](C)(C)C,4.0,C9H23NO3PS+,256.33
CHEMBL1201342,METHIXENE,CN1CCCC(CC2c3ccccc3Sc3ccccc32)C1,4.0,C20H23NS,309.48
CHEMBL1201345,TETRADECYL SULFURIC ACID,CCCCC(CC)CCC(CC(C)C)OS(=O)(=O)O,4.0,C14H30O4S,294.46
CHEMBL1201346,BALSALAZIDE,O=C(O)CCNC(=O)c1ccc(/N=N/c2ccc(O)c(C(=O)O)c2)cc1,4.0,C17H15N3O6,357.32
CHEMBL1201347,ANILERIDINE,CCOC(=O)C1(c2ccccc2)CCN(CCc2ccc(N)cc2)CC1,4.0,C22H28N2O2,352.48
CHEMBL1201348,MENADIOL DIPHOSPHORIC ACID,Cc1cc(OP(=O)(O)O)c2ccccc2c1OP(=O)(O)O,4.0,C11H12O8P2,334.16
CHEMBL1201349,HEXAFLUORENIUM,C[N+](C)(CCCCCC[N+](C)(C)C1c2ccccc2-c2ccccc21)C1c2ccccc2-c2ccccc21,4.0,C36H42N2+2,502.75
CHEMBL1201352,RAPACURONIUM,C=CC[N+]1([C@H]2C[C@H]3[C@@H]4CC[C@H]5C[C@H](OC(C)=O)[C@@H](N6CCCCC6)C[C@]5(C)[C@H]4CC[C@]3(C)[C@H]2OC(=O)CC)CCCCC1,4.0,C37H61N2O4+,597.91
CHEMBL1201353,DEXCHLORPHENIRAMINE,CN(C)CC[C@@H](c1ccc(Cl)cc1)c1ccccn1,4.0,C16H19ClN2,274.80
CHEMBL1201354,TRIDIHEXETHYL,CC[N+](CC)(CC)CCC(O)(c1ccccc1)C1CCCCC1,4.0,C21H36NO+,318.53
CHEMBL1201356,METHYLERGONOVINE,CC[C@@H](CO)NC(=O)[C@@H]1C=C2c3cccc4[nH]cc(c34)C[C@H]2N(C)C1,4.0,C20H25N3O2,339.44
CHEMBL1201359,STRONTIUM,[Sr],3.0,Sr,87.62
CHEMBL1201362,CLOBETASOL,C[C@H]1C[C@H]2[C@@H]3CCC4=CC(=O)C=C[C@]4(C)[C@@]3(F)[C@@H](O)C[C@]2(C)[C@@]1(O)C(=O)CCl,3.0,C22H28ClFO4,410.91
CHEMBL1201365,RAMIPRILAT,C[C@H](N[C@@H](CCc1ccccc1)C(=O)O)C(=O)N1[C@H](C(=O)O)C[C@@H]2CCC[C@@H]21,2.0,C21H28N2O5,388.46
CHEMBL1201368,PERINDOPRILAT,CCC[C@H](N[C@@H](C)C(=O)N1[C@H](C(=O)O)C[C@@H]2CCCC[C@@H]21)C(=O)O,2.0,C17H28N2O5,340.42
CHEMBL1201379,FLUPROSTENOL,O=C(O)CCC/C=C\C[C@@H]1[C@@H](/C=C/[C@@H](O)COc2cccc(C(F)(F)F)c2)[C@H](O)C[C@@H]1O,2.0,C23H29F3O6,458.47
CHEMBL1201387,TRANDOLAPRILAT,C[C@H](N[C@@H](CCc1ccccc1)C(=O)O)C(=O)N1[C@H](C(=O)O)C[C@H]2CCCC[C@@H]21,2.0,C22H30N2O5,402.49
CHEMBL1201388,FLUDROCORTISONE,C[C@]12CCC(=O)C=C1CC[C@H]1[C@@H]3CC[C@](O)(C(=O)CO)[C@@]3(C)C[C@H](O)[C@@]12F,2.0,C21H29FO5,380.46
CHEMBL1201389,LOTEPREDNOL,C[C@]12C=CC(=O)C=C1CC[C@@H]1[C@@H]2[C@@H](O)C[C@@]2(C)[C@H]1CC[C@]2(O)C(=O)O,3.0,C20H26O5,346.42
CHEMBL1201390,FLUOCINOLONE,C[C@]12C=CC(=O)C=C1[C@@H](F)C[C@H]1[C@@H]3C[C@@H](O)[C@](O)(C(=O)CO)[C@@]3(C)C[C@H](O)[C@@]12F,1.0,C21H26F2O6,412.43
CHEMBL1201391,TENIVASTATIN,CCC(C)(C)C(=O)O[C@H]1C[C@@H](C)C=C2C=C[C@H](C)[C@H](CC[C@@H](O)C[C@@H](O)CC(=O)O)[C@H]21,2.0,C25H40O6,436.59
CHEMBL1201392,FLUMETHASONE,C[C@@H]1C[C@H]2[C@@H]3C[C@H](F)C4=CC(=O)C=C[C@]4(C)[C@@]3(F)[C@@H](O)C[C@]2(C)[C@@]1(O)C(=O)CO,2.0,C22H28F2O5,410.46
CHEMBL1201396,FLUTICASONE,C[C@@H]1C[C@H]2[C@@H]3C[C@H](F)C4=CC(=O)C=C[C@]4(C)[C@@]3(F)[C@@H](O)C[C@]2(C)[C@@]1(O)C(=O)SCF,3.0,C22H27F3O4S,444.52
CHEMBL1201404,MOMETASONE,C[C@@H]1C[C@H]2[C@@H]3CCC4=CC(=O)C=C[C@]4(C)[C@@]3(Cl)[C@@H](O)C[C@]2(C)[C@@]1(O)C(=O)CCl,3.0,C22H28Cl2O4,427.37
CHEMBL1201405,MOEXIPRILAT,COc1cc2c(cc1OC)CN(C(=O)[C@H](C)N[C@@H](CCc1ccccc1)C(=O)O)[C@H](C(=O)O)C2,2.0,C25H30N2O7,470.52
CHEMBL1201407,UNOPROSTONE,CCCCCCCC(=O)CC[C@@H]1[C@@H](C/C=C\CCCC(=O)O)[C@@H](O)C[C@H]1O,2.0,C22H38O5,382.54
CHEMBL1201728,DESVENLAFAXINE SUCCINATE,CN(C)CC(c1ccc(O)cc1)C1(O)CCCCC1.O=C(O)CCC(=O)O,4.0,C20H31NO6,381.47
CHEMBL1201729,DRONEDARONE HYDROCHLORIDE,CCCCc1oc2ccc(NS(C)(=O)=O)cc2c1C(=O)c1ccc(OCCCN(CCCC)CCCC)cc1.Cl,4.0,C31H45ClN2O5S,593.23
CHEMBL1201731,NEBIVOLOL HYDROCHLORIDE,Cl.OC(CNCC(O)C1CCc2cc(F)ccc2O1)C1CCc2cc(F)ccc2O1,4.0,C22H26ClF2NO4,441.90
CHEMBL1201733,PAZOPANIB HYDROCHLORIDE,Cc1ccc(Nc2nccc(N(C)c3ccc4c(C)n(C)nc4c3)n2)cc1S(N)(=O)=O.Cl,4.0,C21H24ClN7O2S,473.99
CHEMBL1201734,BENDAMUSTINE HYDROCHLORIDE,Cl.Cn1c(CCCC(=O)O)nc2cc(N(CCCl)CCCl)ccc21,4.0,C16H22Cl3N3O2,394.73
CHEMBL1201735,BUPROPION HYDROBROMIDE,Br.CC(NC(C)(C)C)C(=O)c1cccc(Cl)c1,4.0,C13H19BrClNO,320.66
CHEMBL1201740,NILOTINIB HYDROCHLORIDE MONOHYDRATE,Cc1cn(-c2cc(NC(=O)c3ccc(C)c(Nc4nccc(-c5cccnc5)n4)c3)cc(C(F)(F)F)c2)cn1.Cl.O,4.0,C28H25ClF3N7O2,584.00
CHEMBL1201743,SAXAGLIPTIN HYDROCHLORIDE,Cl.N#C[C@@H]1C[C@@H]2C[C@@H]2N1C(=O)[C@@H](N)C12CC3CC(CC(O)(C3)C1)C2,4.0,C18H26ClN3O2,351.88
CHEMBL1201745,CHOLINE FENOFIBRATE,CC(C)(Oc1ccc(C(=O)c2ccc(Cl)cc2)cc1)C(=O)[O-].C[N+](C)(C)CCO,4.0,C22H28ClNO5,421.92
CHEMBL1201746,PRALATREXATE,C#CCC(Cc1cnc2nc(N)nc(N)c2n1)c1ccc(C(=O)N[C@@H](CCC(=O)O)C(=O)O)cc1,4.0,C23H23N7O5,477.48
CHEMBL1201747,ALCAFTADINE,CN1CCC(=C2c3ccccc3CCn3c(C=O)cnc32)CC1,4.0,C19H21N3O,307.40
CHEMBL1201748,CABAZITAXEL,CO[C@H]1C(=O)[C@]2(C)[C@@H](OC)C[C@H]3OC[C@@]3(OC(C)=O)[C@H]2[C@H](OC(=O)c2ccccc2)[C@]2(O)C[C@H](OC(=O)[C@H](O)[C@@H](NC(=O)OC(C)(C)C)c3ccccc3)C(C)=C1C2(C)C,4.0,C45H57NO14,835.94
CHEMBL1201749,DIFLUPREDNATE,CCCC(=O)O[C@]1(C(=O)COC(C)=O)CC[C@H]2[C@@H]3C[C@H](F)C4=CC(=O)C=C[C@]4(C)[C@@]3(F)[C@@H](O)C[C@@]21C,4.0,C27H34F2O7,508.56
CHEMBL1201752,IXABEPILONE,C/C(=C\c1csc(C)n1)[C@@H]1C[C@@H]2O[C@]2(C)CCC[C@H](C)[C@H](O)[C@@H](C)C(=O)C(C)(C)[C@@H](O)CC(=O)N1,4.0,C27H42N2O5S,506.71
CHEMBL1201753,PITAVASTATIN,O=C(O)C[C@H](O)C[C@H](O)/C=C/c1c(C2CC2)nc2ccccc2c1-c1ccc(F)cc1,4.0,C25H24FNO4,421.47
CHEMBL1201754,RUFINAMIDE,NC(=O)c1cn(Cc2c(F)cccc2F)nn1,4.0,C10H8F2N4O,238.20
CHEMBL1201758,BEPOTASTINE,O=C(O)CCCN1CCC(O[C@@H](c2ccc(Cl)cc2)c2ccccn2)CC1,4.0,C21H25ClN2O3,388.90
CHEMBL1201759,BEPOTASTINE BESYLATE,O=C(O)CCCN1CCC(O[C@@H](c2ccc(Cl)cc2)c2ccccn2)CC1.O=S(=O)(O)c1ccccc1,4.0,C27H31ClN2O6S,547.07
CHEMBL1201760,BESIFLOXACIN,N[C@@H]1CCCCN(c2c(F)cc3c(=O)c(C(=O)O)cn(C4CC4)c3c2Cl)C1,4.0,C19H21ClFN3O3,393.85
CHEMBL1201761,BESIFLOXACIN HYDROCHLORIDE,Cl.N[C@@H]1CCCCN(c2c(F)cc3c(=O)c(C(=O)O)cn(C4CC4)c3c2Cl)C1,4.0,C19H22Cl2FN3O3,430.31
CHEMBL1201764,FESOTERODINE,CC(C)C(=O)Oc1ccc(CO)cc1[C@H](CCN(C(C)C)C(C)C)c1ccccc1,4.0,C26H37NO3,411.59
CHEMBL1201765,FESOTERODINE FUMARATE,CC(C)C(=O)Oc1ccc(CO)cc1[C@H](CCN(C(C)C)C(C)C)c1ccccc1.O=C(O)/C=C/C(=O)O,4.0,C30H41NO7,527.66
CHEMBL1201766,FOSPROPOFOL,CC(C)c1cccc(C(C)C)c1OCOP(=O)(O)O,4.0,C13H21O5P,288.28
CHEMBL1201770,METHYLNALTREXONE BROMIDE,C[N+]1(CC2CC2)CC[C@]23c4c5ccc(O)c4O[C@H]2C(=O)CC[C@@]3(O)[C@H]1C5.[Br-],4.0,C21H26BrNO4,436.35
CHEMBL1201772,PRASUGREL,CC(=O)Oc1cc2c(s1)CCN(C(C(=O)C1CC1)c1ccccc1F)C2,4.0,C20H20FNO3S,373.45
CHEMBL1201773,PRASUGREL HYDROCHLORIDE,CC(=O)Oc1cc2c(s1)CCN(C(C(=O)C1CC1)c1ccccc1F)C2.Cl,4.0,C20H21ClFNO3S,409.91
CHEMBL1201774,SAPROPTERIN,C[C@H](O)[C@H](O)[C@H]1CNc2nc(N)[nH]c(=O)c2N1,4.0,C9H15N5O3,241.25
CHEMBL1201775,SAPROPTERIN DIHYDROCHLORIDE,C[C@H](O)[C@H](O)[C@H]1CNc2[nH]c(N)nc(=O)c2N1.Cl.Cl,4.0,C9H17Cl2N5O3,314.17
CHEMBL1201776,TAPENTADOL,CC[C@@H](c1cccc(O)c1)[C@@H](C)CN(C)C,4.0,C14H23NO,221.34
CHEMBL1201777,TAPENTADOL HYDROCHLORIDE,CC[C@@H](c1cccc(O)c1)[C@@H](C)CN(C)C.Cl,4.0,C14H24ClNO,257.81
CHEMBL1201780,CARGLUMIC ACID,NC(=O)N[C@@H](CCC(=O)O)C(=O)O,4.0,C6H10N2O5,190.16
CHEMBL1201782,FOSAPREPITANT DIMEGLUMINE,CNC[C@H](O)[C@@H](O)[C@H](O)[C@H](O)CO.CNC[C@H](O)[C@@H](O)[C@H](O)[C@H](O)CO.C[C@@H](O[C@H]1OCCN(Cc2nn(P(=O)(O)O)c(=O)[nH]2)[C@H]1c1ccc(F)cc1)c1cc(C(F)(F)F)cc(C(F)(F)F)c1,4.0,C37H56F7N6O16P,1004.84
CHEMBL1201784,HEXAMINOLEVULINATE,CCCCCCOC(=O)CCC(=O)CN,4.0,C11H21NO3,215.29
CHEMBL1201785,HEXAMINOLEVULINATE HYDROCHLORIDE,CCCCCCOC(=O)CCC(=O)CN.Cl,4.0,C11H22ClNO3,251.75
CHEMBL1201786,LAPYRIUM,CCCCCCCCCCCC(=O)OCCNC(=O)C[n+]1ccccc1,4.0,C21H35N2O3+,363.52
CHEMBL1201787,LAPYRIUM CHLORIDE,CCCCCCCCCCCC(=O)OCCNC(=O)C[n+]1ccccc1.[Cl-],4.0,C21H35ClN2O3,398.98
CHEMBL1201794,RIBOFLAVIN 5'-PHOSPHATE,Cc1cc2nc3c(=O)[nH]c(=O)nc-3n(C[C@H](O)[C@H](O)[C@H](O)COP(=O)(O)O)c2cc1C,4.0,C17H21N4O9P,456.35
CHEMBL1201863,DEXLANSOPRAZOLE,Cc1c(OCC(F)(F)F)ccnc1C[S@@+]([O-])c1nc2ccccc2[nH]1,4.0,C16H14F3N3O2S,369.37
CHEMBL1201864,DIENOGEST,C[C@]12CCC3=C4CCC(=O)C=C4CC[C@H]3[C@@H]1CC[C@@]2(O)CC#N,4.0,C20H25NO2,311.42
CHEMBL1201891,DEFLAZACORT,CC(=O)OCC(=O)[C@@]12N=C(C)O[C@@H]1C[C@H]1[C@@H]3CCC4=CC(=O)C=C[C@]4(C)[C@H]3[C@@H](O)C[C@@]12C,4.0,C25H31NO6,441.52
CHEMBL1202348,FAMIRAPRINIUM CHLORIDE,Cc1cc(-c2ccccc2)n[n+](CCCC(=O)O)c1N.[Cl-],2.0,C15H18ClN3O2,307.78
CHEMBL1204165,DILEVALOL HYDROCHLORIDE,C[C@H](CCc1ccccc1)NC[C@H](O)c1ccc(O)c(C(N)=O)c1.Cl,4.0,C19H25ClN2O3,364.87
CHEMBL1204187,GEPIRONE HYDROCHLORIDE,CC1(C)CC(=O)N(CCCCN2CCN(c3ncccn3)CC2)C(=O)C1.Cl,4.0,C19H30ClN5O2,395.94
CHEMBL1204644,FOSFOCREATINE,CN(CC(=O)O)C(=N)NP(=O)(O)O,3.0,C4H10N3O5P,211.11
CHEMBL1204686,CLOMOXIR,O=C(O)C1(CCCCCc2ccc(Cl)cc2)CO1,2.0,C14H17ClO3,268.74
CHEMBL1204948,FUREGRELATE,O=C(O)c1cc2cc(Cc3cccnc3)ccc2o1,2.0,C15H11NO3,253.26
CHEMBL1205402,OXI-4503,COc1cc(/C=C\c2ccc(OC)c(OP(=O)(O)O)c2OP(=O)(O)O)cc(OC)c1OC,1.0,C18H22O12P2,492.31
CHEMBL1205532,EPROVAFEN,O=C(O)CCCCc1ccc(CCCc2ccccc2)s1,2.0,C18H22O2S,302.44
CHEMBL1206232,FOSBRETABULIN,COc1ccc(/C=C\c2cc(OC)c(OC)c(OC)c2)cc1OP(=O)(O)O,3.0,C18H21O8P,396.33
CHEMBL1206245,BRICICLIB,COc1cc(OC)c(/C=C/S(=O)(=O)Cc2ccc(OC)c(OP(=O)(O)O)c2)c(OC)c1,2.0,C19H23O10PS,474.42
CHEMBL1206690,PARECOXIB,CCC(=O)NS(=O)(=O)c1ccc(-c2c(-c3ccccc3)noc2C)cc1,4.0,C19H18N2O4S,370.43
CHEMBL1206833,IRALUKAST,CCCc1c(OCCCC/C=C\C=C\[C@H](Sc2ccc3c(=O)cc(C(=O)O)oc3c2)[C@H](O)c2cccc(C(F)(F)F)c2)ccc(C(C)=O)c1O,2.0,C38H37F3O8S,710.77
CHEMBL1207366,GW468816,O=C(O)C1C/C(=C2/CCN(c3ccccc3)C2=O)c2ccc(Cl)cc2N1,2.0,C20H17ClN2O3,368.82
CHEMBL1207444,SEMDURAMICIN,CO[C@@H]1[C@@H](O)[C@H](C)[C@@](O)(CC(=O)O)O[C@H]1[C@H](C)[C@H]1O[C@@]2(CC[C@@](C)([C@H]3CC[C@@](C)([C@@H]4O[C@@H]([C@H]5O[C@](C)(O)[C@H](C)C[C@@H]5C)C[C@@H]4O[C@H]4CC[C@H](OC)[C@@H](C)O4)O3)O2)C[C@H](O)[C@H]1C,2.0,C45H76O16,873.09
CHEMBL1207579,MINOCROMIL,CCCc1c2nc(C(=O)O)cc(NC)c2cc2c(=O)cc(C(=O)O)oc12,2.0,C18H16N2O6,356.33
CHEMBL1207607,TETRAPHENYLPORPHINE TETRASULFONIC ACID,O=S(=O)(O)c1ccc(-c2c3nc(c(-c4ccc(S(=O)(=O)O)cc4)c4ccc([nH]4)c(-c4ccc(S(=O)(=O)O)cc4)c4ccc([nH]4)c(-c4ccc(S(=O)(=O)O)cc4)c4nc2C=C4)C=C3)cc1,1.0,C44H30N4O12S4,935.01
CHEMBL1207745,BERAPROST,CC#CCC(C)[C@H](O)/C=C/[C@@H]1[C@H]2c3cccc(CCCC(=O)O)c3O[C@H]2C[C@H]1O,3.0,C24H30O5,398.50
CHEMBL1207907,AURICLOSENE,CC(C)(CS(=O)(=O)O)N(Cl)Cl,2.0,C4H9Cl2NO3S,222.09
CHEMBL1208017,CHOLATE,C[C@H](CCC(=O)O)[C@H]1CC[C@@H]2[C@]1(C)[C@@H](O)C[C@@H]1[C@@]3(C)CC[C@@H](O)C[C@H]3C[C@@H](O)[C@@]21C,2.0,C25H42O5,422.61
CHEMBL1208155,ELAGOLIX,COc1cccc(-c2c(C)n(Cc3c(F)cccc3C(F)(F)F)c(=O)n(C[C@H](NCCCC(=O)O)c3ccccc3)c2=O)c1F,4.0,C32H30F5N3O5,631.60
CHEMBL1208422,ROSE BENGAL FREE ACID,O=C(O)c1c(Cl)c(Cl)c(Cl)c(Cl)c1-c1c2cc(I)c(=O)c(I)c-2oc2c(I)c(O)c(I)cc12,4.0,C20H4Cl4I4O5,973.67
CHEMBL1208572,SALINOMYCIN,CC[C@@H](C(=O)[C@@H](C)[C@@H](O)[C@H](C)[C@@H]1O[C@@H]([C@@H](CC)C(=O)O)CC[C@@H]1C)[C@H]1O[C@]2(C=C[C@@H](O)[C@]3(CC[C@@](C)([C@H]4CC[C@](O)(CC)[C@H](C)O4)O3)O2)[C@H](C)C[C@@H]1C,2.0,C42H70O11,751.01
CHEMBL1208640,FODIPIR,Cc1ncc(COP(=O)(O)O)c(CN(CCN(CC(=O)O)Cc2c(COP(=O)(O)O)cnc(C)c2O)CC(=O)O)c1O,2.0,C22H32N4O14P2,638.46
CHEMBL1208642,THIOSULFURIC ACID,O=S(O)(O)=S,4.0,H2O3S2,114.15
CHEMBL1208646,THEOPHYLLINE GLYCINATE,Cn1c(=O)c2[nH]cnc2n(C)c1=O.NCC(=O)O,4.0,C9H13N5O4,255.23
CHEMBL1208829,ITX-5061 FREE BASE,COc1c(NC(=O)C(=O)c2ccc(OCCN3CCOCC3)c3ccccc23)cc(C(C)(C)C)cc1NS(C)(=O)=O,2.0,C30H37N3O7S,583.71
CHEMBL1209734,BMS-986094,COc1nc(N)nc2c1ncn2[C@@H]1O[C@H](COP(=O)(N[C@@H](C)C(=O)OCC(C)(C)C)Oc2cccc3ccccc23)[C@@H](O)[C@@]1(C)O,2.0,C30H39N6O9P,658.65
CHEMBL1210954,BALOFLOXACIN,CNC1CCCN(c2c(F)cc3c(=O)c(C(=O)O)cn(C4CC4)c3c2OC)C1,2.0,C20H24FN3O4,389.43
CHEMBL1213009,OXAPROTILINE,CNCC(O)CC12CCC(c3ccccc31)c1ccccc12,2.0,C20H23NO,293.41
CHEMBL1213033,APRINDINE,CCN(CC)CCCN(c1ccccc1)C1Cc2ccccc2C1,2.0,C22H30N2,322.50
CHEMBL1213135,ERGONOVINE MALEATE,C[C@@H](CO)NC(=O)[C@@H]1C=C2c3cccc4[nH]cc(c34)C[C@H]2N(C)C1.O=C(O)/C=C\C(=O)O,3.0,C23H27N3O6,441.48
CHEMBL1213165,DOLUTEGRAVIR SODIUM,C[C@@H]1CCO[C@H]2Cn3cc(C(=O)NCc4ccc(F)cc4F)c(=O)c([O-])c3C(=O)N12.[Na+],4.0,C20H18F2N3NaO5,441.37
CHEMBL1213250,CEFTOLOZANE SULFATE,Cn1c(N)c(NC(=O)NCCN)c[n+]1CC1=C(C(=O)O)N2C(=O)[C@@H](NC(=O)/C(=N\OC(C)(C)C(=O)[O-])c3nsc(N)n3)[C@H]2SC1.O=S(=O)(O)O,4.0,C23H32N12O12S3,764.78
CHEMBL1213251,CLOBENZOREX,CC(Cc1ccccc1)NCc1ccccc1Cl,4.0,C16H18ClN,259.78
CHEMBL1213252,CLORAZEPIC ACID,O=C(O)C1N=C(c2ccccc2)c2cc(Cl)ccc2NC1=O,4.0,C16H11ClN2O3,314.73
CHEMBL1213257,AMOPYROQUINE,Oc1ccc(Nc2ccnc3cc(Cl)ccc23)cc1CN1CCCC1,2.0,C20H20ClN3O,353.85
CHEMBL1213327,COENZYME_A,CC(C)(COP(=O)(O)OP(=O)(O)OC[C@H]1O[C@@H](n2cnc3c(N)ncnc32)[C@H](O)[C@@H]1OP(=O)(O)O)[C@@H](O)C(=O)NCCC(=O)NCCS,3.0,C21H36N7O16P3S,767.54
CHEMBL1213351,PROPOXYPHENE,CCC(=O)O[C@](Cc1ccccc1)(c1ccccc1)[C@H](C)CN(C)C,4.0,C22H29NO2,339.48
CHEMBL1213352,PINAZEPAM,C#CCN1C(=O)CN=C(c2ccccc2)c2cc(Cl)ccc21,2.0,C18H13ClN2O,308.77
CHEMBL1213353,PRIFINIUM BROMIDE,CC[N+]1(CC)CCC(=C(c2ccccc2)c2ccccc2)C1C.[Br-],2.0,C22H28BrN,386.38
CHEMBL1213365,TESICAM,O=C1NC(=O)C(C(=O)Nc2ccc(Cl)cc2)c2ccccc21,2.0,C16H11ClN2O3,314.73
CHEMBL1213420,DROXICAM,CN1c2c(oc(=O)n(-c3ccccn3)c2=O)-c2ccccc2S1(=O)=O,2.0,C16H11N3O5S,357.35
CHEMBL1213456,NEMONOXACIN,COc1c(N2C[C@@H](C)C[C@H](N)C2)ccc2c(=O)c(C(=O)O)cn(C3CC3)c12,3.0,C20H25N3O4,371.44
CHEMBL1213460,ETHYL LOFLAZEPATE,CCOC(=O)C1N=C(c2ccccc2F)c2cc(Cl)ccc2NC1=O,2.0,C18H14ClFN2O3,360.77
CHEMBL1213492,GIVINOSTAT,CCN(CC)Cc1ccc2cc(COC(=O)Nc3ccc(C(=O)NO)cc3)ccc2c1,4.0,C24H27N3O4,421.50
CHEMBL1213553,CHLORPROGUANIL,CC(C)NC(=N)NC(=N)Nc1ccc(Cl)c(Cl)c1,3.0,C11H15Cl2N5,288.18
CHEMBL1213583,GESTODENE,C#C[C@]1(O)C=C[C@H]2[C@@H]3CCC4=CC(=O)CC[C@@H]4[C@H]3CC[C@@]21CC,3.0,C21H26O2,310.44
CHEMBL1213592,CLOCIGUANIL,CC1(C)N=C(N)N=C(N)N1OCc1ccc(Cl)c(Cl)c1,2.0,C12H15Cl2N5O,316.19
CHEMBL1213633,METHOXYAMINE,CON,2.0,CH5NO,47.06
CHEMBL1214124,PERAMPANEL,N#Cc1ccccc1-c1cc(-c2ccccn2)cn(-c2ccccc2)c1=O,4.0,C23H15N3O,349.39
CHEMBL1214185,ROXITHROMYCIN,CC[C@H]1OC(=O)[C@H](C)[C@@H](O[C@H]2C[C@@](C)(OC)[C@@H](O)[C@H](C)O2)[C@H](C)[C@@H](O[C@@H]2O[C@H](C)C[C@H](N(C)C)[C@H]2O)[C@](C)(O)C[C@@H](C)/C(=N\OCOCCOC)[C@H](C)[C@@H](O)[C@]1(C)O,3.0,C41H76N2O15,837.06
CHEMBL1214186,SINEFUNGIN,Nc1ncnc2c1ncn2[C@@H]1O[C@H](C[C@@H](N)CC[C@H](N)C(=O)O)[C@@H](O)[C@H]1O,2.0,C15H23N7O5,381.39
CHEMBL1214192,BEMEGRIDE,CCC1(C)CC(=O)NC(=O)C1,2.0,C8H13NO2,155.20
CHEMBL1214399,GSK-729327,CC(C)S(=O)(=O)N[C@H]1Cc2ccc(-c3ccc(F)nc3)cc2C1,1.0,C17H19FN2O2S,334.42
CHEMBL1214598,UMIFENOVIR,CCOC(=O)c1c(CSc2ccccc2)n(C)c2cc(Br)c(O)c(CN(C)C)c12,3.0,C22H25BrN2O3S,477.42
CHEMBL1214827,ONALESPIB,CC(C)c1cc(C(=O)N2Cc3ccc(CN4CCN(C)CC4)cc3C2)c(O)cc1O,2.0,C24H31N3O3,409.53
CHEMBL1215331,PF-03882845,N#Cc1ccc(N2N=C3c4ccc(C(=O)O)cc4CC[C@@H]3[C@@H]2C2CCCC2)cc1Cl,1.0,C24H22ClN3O2,419.91
CHEMBL1215661,PRUVANSERIN,N#Cc1c[nH]c2c(C(=O)N3CCN(CCc4ccc(F)cc4)CC3)cccc12,2.0,C22H21FN4O,376.44
CHEMBL1215923,BIMOSIAMOSE,O=C(O)Cc1cccc(-c2cc(CCCCCCc3ccc(O[C@H]4O[C@H](CO)[C@@H](O)[C@H](O)[C@@H]4O)c(-c4cccc(CC(=O)O)c4)c3)ccc2O[C@H]2O[C@H](CO)[C@@H](O)[C@H](O)[C@@H]2O)c1,2.0,C46H54O16,862.92
CHEMBL1222250,DEXTROSE,OC[C@H]1OC(O)[C@H](O)[C@@H](O)[C@@H]1O,4.0,C6H12O6,180.16
CHEMBL1222251,INOSITOL,O[C@H]1[C@H](O)[C@@H](O)[C@H](O)[C@@H](O)[C@H]1O,3.0,C6H12O6,180.16
CHEMBL1222883,GSK1482160,CN1C(=O)CC[C@H]1C(=O)NCc1cccc(C(F)(F)F)c1Cl,1.0,C14H14ClF3N2O2,334.73
CHEMBL1229093,MITOQUINONE CATION,COC1=C(OC)C(=O)C(CCCCCCCCCC[P+](c2ccccc2)(c2ccccc2)c2ccccc2)=C(C)C1=O,2.0,C37H44O4P+,583.73
CHEMBL1229211,DOLUTEGRAVIR,C[C@@H]1CCO[C@H]2Cn3cc(C(=O)NCc4ccc(F)cc4F)c(=O)c(O)c3C(=O)N12,4.0,C20H19F2N3O5,419.38
CHEMBL1229214,PRIFINIUM,CC[N+]1(CC)CCC(=C(c2ccccc2)c2ccccc2)C1C,2.0,C22H28N+,306.47
CHEMBL1229517,VEMURAFENIB,CCCS(=O)(=O)Nc1ccc(F)c(C(=O)c2c[nH]c3ncc(-c4ccc(Cl)cc4)cc23)c1F,4.0,C23H18ClF2N3O3S,489.93
CHEMBL1229569,ATIZORAM,COc1ccc(C2CNC(=O)NC2)cc1O[C@H]1C[C@@H]2CC[C@H]1C2,2.0,C18H24N2O3,316.40
CHEMBL1229908,ETHAMIVAN,CCN(CC)C(=O)c1ccc(O)c(OC)c1,2.0,C12H17NO3,223.27
CHEMBL1230065,BMS-582949,CCCNC(=O)c1cn2ncnc(Nc3cc(C(=O)NC4CC4)ccc3C)c2c1C,2.0,C22H26N6O2,406.49
CHEMBL1230122,R-1487,Cn1c(=O)c(Oc2ccc(F)cc2F)cc2cnc(NC3CCOCC3)nc21,1.0,C19H18F2N4O3,388.37
CHEMBL1230158,TIANAFAC,Cc1c(CC(=O)O)sc2ccc(Cl)cc12,2.0,C11H9ClO2S,240.71
CHEMBL1230165,SILMITASERTIB,O=C(O)c1ccc2c(c1)nc(Nc1cccc(Cl)c1)c1ccncc12,2.0,C19H12ClN3O2,349.78
CHEMBL1230191,TRIPHOSPHATE,O=P(O)(O)OP(=O)(O)OP(=O)(O)O,3.0,H5O10P3,257.95
CHEMBL1230209,TIGEMOCOXIB,CC(C)(C)c1cc2c(cc1Cl)C=C(C(=O)O)[C@@H](C(F)(F)F)O2,2.0,C15H14ClF3O3,334.72
CHEMBL1230222,CHLOROCRESOL,Cc1cc(O)ccc1Cl,2.0,C7H7ClO,142.59
CHEMBL1230227,SABARUBICIN,C[C@@H]1O[C@@H](O[C@@H]2[C@H](C)O[C@@H](O[C@H]3C[C@](O)(C(=O)CO)Cc4c(O)c5c(c(O)c43)C(=O)c3ccccc3C5=O)C[C@@H]2O)C[C@H](N)[C@@H]1O,2.0,C32H37NO13,643.64
CHEMBL1230245,RONOPTERIN,C[C@H](O)[C@H](O)[C@H]1CNc2nc(N)nc(N)c2N1,3.0,C9H16N6O2,240.27
CHEMBL1230314,ESTETROL ANHYDROUS,C[C@]12CC[C@@H]3c4ccc(O)cc4CC[C@H]3[C@@H]1[C@@H](O)[C@@H](O)[C@@H]2O,4.0,C18H24O4,304.39
CHEMBL1230575,MENAQUINONE 7,CC(C)=CCC/C(C)=C/CC/C(C)=C/CC/C(C)=C/CC/C(C)=C/CC/C(C)=C/CC/C(C)=C/CC1=C(C)C(=O)c2ccccc2C1=O,2.0,C46H64O2,649.02
CHEMBL1230607,PHA-793887,CC(C)CC(=O)Nc1n[nH]c2c1CN(C(=O)C1CCN(C)CC1)C2(C)C,1.0,C19H31N5O2,361.49
CHEMBL1230609,FORETINIB,COc1cc2c(Oc3ccc(NC(=O)C4(C(=O)Nc5ccc(F)cc5)CC4)cc3F)ccnc2cc1OCCCN1CCOCC1,2.0,C34H34F2N4O6,632.66
CHEMBL1230866,SILVER,[Ag+],3.0,Ag+,107.87
CHEMBL1230982,ANABASEINE,c1cncc(C2=NCCCC2)c1,2.0,C10H12N2,160.22
CHEMBL1231052,ARSENIC,[AsH3],2.0,H3As,77.95
CHEMBL1231101,ACIVICIN,N[C@H](C(=O)O)[C@@H]1CC(Cl)=NO1,2.0,C5H7ClN2O3,178.57
CHEMBL1231107,CYROMAZINE,Nc1nc(N)nc(NC2CC2)n1,2.0,C6H10N6,166.19
CHEMBL1231124,AZD-1480,Cc1cc(Nc2nc(N[C@@H](C)c3ncc(F)cn3)ncc2Cl)[nH]n1,2.0,C14H14ClFN8,348.77
CHEMBL1231160,PEVONEDISTAT,NS(=O)(=O)OC[C@@H]1C[C@@H](n2ccc3c(N[C@H]4CCc5ccccc54)ncnc32)C[C@@H]1O,3.0,C21H25N5O4S,443.53
CHEMBL1231250,BICOZAMYCIN,C=C1CCO[C@]2([C@@H](O)[C@@](C)(O)CO)NC(=O)[C@@]1(O)NC2=O,2.0,C12H18N2O7,302.28
CHEMBL1231391,N-ACETYLMANNOSAMINE,CC(=O)N[C@H]1[C@@H](O)[C@H](O)[C@@H](CO)O[C@@H]1O,2.0,C8H15NO6,221.21
CHEMBL1231506,TEGLICAR,CCCCCCCCCCCCCCNC(=O)N[C@H](CC(=O)[O-])C[N+](C)(C)C,2.0,C22H45N3O3,399.62
CHEMBL1231530,BETAMIPRON,O=C(O)CCNC(=O)c1ccccc1,2.0,C10H11NO3,193.20
CHEMBL1231574,LEVOMEFOLIC ACID,CN1c2c([nH]c(N)nc2=O)NC[C@@H]1CNc1ccc(C(=O)N[C@@H](CCC(=O)O)C(=O)O)cc1,4.0,C20H25N7O6,459.46
CHEMBL1231700,CITICOLINE,C[N+](C)(C)CCOP(=O)(O)OP(=O)([O-])OC[C@H]1O[C@@H](n2ccc(N)nc2=O)[C@H](O)[C@@H]1O,3.0,C14H26N4O11P2,488.33
CHEMBL1231840,CARBON MONOXIDE,[C-]#[O+],3.0,CO,28.01
CHEMBL1231871,CARBON DIOXIDE,O=C=O,3.0,CO2,44.01
CHEMBL1232077,OXFENICINE,N[C@H](C(=O)O)c1ccc(O)cc1,2.0,C8H9NO3,167.16
CHEMBL1232111,OMIGAPIL,C#CCN(C)CC1=Cc2ccccc2Oc2ccccc21,2.0,C19H17NO,275.35
CHEMBL1232131,DOBESILIC ACID,O=S(=O)(O)c1cc(O)ccc1O,4.0,C6H6O5S,190.18
CHEMBL1232142,SONECLOSAN,Oc1cc(Cl)ccc1Oc1ccc(Cl)cc1,2.0,C12H8Cl2O2,255.10
CHEMBL1232279,NEMORUBICIN,COc1cccc2c1C(=O)c1c(O)c3c(c(O)c1C2=O)C[C@@](O)(C(=O)CO)C[C@@H]3O[C@H]1C[C@H](N2CCO[C@H](OC)C2)[C@H](O)[C@H](C)O1,2.0,C32H37NO13,643.64
CHEMBL1232295,DEMANNOSE,O=C[C@@H](O)[C@@H](O)[C@H](O)[C@H](O)CO,2.0,C6H12O6,180.16
CHEMBL1232306,DEUTERIUM OXIDE,[2H]O[2H],2.0,H2O,20.03
CHEMBL1232461,MOLIBRESIB,CCNC(=O)C[C@@H]1N=C(c2ccc(Cl)cc2)c2cc(OC)ccc2-n2c(C)nnc21,2.0,C22H22ClN5O2,423.90
CHEMBL1232510,SOLITHROMYCIN,CC[C@H]1OC(=O)[C@@](C)(F)C(=O)[C@H](C)[C@@H](O[C@@H]2O[C@H](C)C[C@H](N(C)C)[C@H]2O)[C@](C)(OC)C[C@@H](C)C(=O)[C@H](C)[C@H]2N(CCCCn3cc(-c4cccc(N)c4)nn3)C(=O)O[C@]12C,3.0,C43H65FN6O10,845.02
CHEMBL1232583,INDEGLITAZAR,COc1ccc(S(=O)(=O)n2cc(CCC(=O)O)c3cc(OC)ccc32)cc1,2.0,C19H19NO6S,389.43
CHEMBL1232863,FRUCTOSE,O=C(CO)[C@@H](O)[C@H](O)[C@H](O)CO,2.0,C6H12O6,180.16
CHEMBL1233182,GW-695634,CCC(=O)NS(=O)(=O)c1ccc(NC(=O)COc2ccc(Cl)cc2C(=O)c2cc(Cl)cc(C#N)c2)c(C)c1,1.0,C26H21Cl2N3O6S,574.44
CHEMBL1233511,PHYTIC ACID,O=P(O)(O)O[C@H]1[C@H](OP(=O)(O)O)[C@@H](OP(=O)(O)O)[C@H](OP(=O)(O)O)[C@@H](OP(=O)(O)O)[C@H]1OP(=O)(O)O,3.0,C6H18O24P6,660.03
CHEMBL1233524,MK-3281,CN(C)CCN(C)[C@H]1COc2ccccc2-c2c(C3CCCCC3)c3ccc(C(=O)O)cc3n2C1,1.0,C29H37N3O3,475.63
CHEMBL1233528,VOLASERTIB,CC[C@@H]1C(=O)N(C)c2cnc(Nc3ccc(C(=O)N[C@H]4CC[C@H](N5CCN(CC6CC6)CC5)CC4)cc3OC)nc2N1C(C)C,3.0,C34H50N8O3,618.83
CHEMBL1233584,ISOLEUCINE,CC[C@H](C)[C@H](N)C(=O)O,2.0,C6H13NO2,131.18
CHEMBL1233598,2-IMINOBIOTIN,N=C1N[C@H]2[C@H](CS[C@H]2CCCCC(=O)O)N1,2.0,C10H17N3O2S,243.33
CHEMBL1233800,MIVOBULIN,CCOC(=O)Nc1cc2c(c(N)n1)N=C(c1ccccc1)[C@H](C)N2,2.0,C17H19N5O2,325.37
CHEMBL1233877,KRYPTON,[Kr],4.0,Kr,83.80
CHEMBL1233940,L 756423,CC(C)(C)NC(=O)[C@@H]1CN(Cc2cc3ccccc3o2)CCN1C[C@@H](O)C[C@@H](Cc1ccccc1)C(=O)N[C@H]1c2ccccc2C[C@H]1O,2.0,C39H48N4O5,652.84
CHEMBL1234270,ARFOLITIXORIN,Nc1nc2c(c(=O)[nH]1)N1CN(c3ccc(C(=O)N[C@@H](CCC(=O)O)C(=O)O)cc3)C[C@H]1CN2,3.0,C20H23N7O6,457.45
CHEMBL1234354,PF-04691502,COc1ccc(-c2cc3c(C)nc(N)nc3n([C@H]3CC[C@H](OCCO)CC3)c2=O)cn1,2.0,C22H27N5O4,425.49
CHEMBL1234391,MENOGARIL,CO[C@@H]1C[C@](C)(O)Cc2cc3c(c(O)c21)C(=O)c1c(O)cc2c(c1C3=O)O[C@@H]1O[C@@]2(C)[C@H](O)[C@@H](N(C)C)[C@@H]1O,2.0,C28H31NO10,541.55
CHEMBL1234521,TIAMULIN,C=C[C@]1(C)C[C@@H](OC(=O)CSCCN(CC)CC)[C@]2(C)[C@H](C)CC[C@]3(CCC(=O)[C@H]32)[C@@H](C)[C@@H]1O,2.0,C28H47NO4S,493.75
CHEMBL1234579,NITROUS OXIDE,[N-]=[N+]=O,4.0,N2O,44.01
CHEMBL1234613,NADIDE,NC(=O)c1ccc[n+]([C@@H]2O[C@H](COP(=O)([O-])OP(=O)(O)OC[C@H]3O[C@@H](n4cnc5c(N)ncnc54)[C@H](O)[C@@H]3O)[C@@H](O)[C@H]2O)c1,2.0,C21H27N7O14P2,663.43
CHEMBL1234777,NOR-NOHA,N=C(NO)NCC[C@H](N)C(=O)O,1.0,C5H12N4O3,176.18
CHEMBL1234886,OXYGEN,O=O,4.0,O2,32.00
CHEMBL1235017,OROTIC ACID,O=C(O)c1cc(=O)[nH]c(=O)[nH]1,2.0,C5H4N2O4,156.10
CHEMBL1235284,IODOFALAN,N[C@@H](Cc1ccc(I)cc1)C(=O)O,2.0,C9H10INO2,291.09
CHEMBL1235452,SULFUR,S1SSSSSSS1,4.0,S8,256.54
CHEMBL1235482,GLUTARAL,O=CCCCC=O,2.0,C5H8O2,100.12
CHEMBL1235551,"PRAZIQUANTEL, (R)-",O=C(C1CCCCC1)N1CC(=O)N2CCc3ccccc3[C@@H]2C1,3.0,C19H24N2O2,312.41
CHEMBL1235872,SUCROSOFATE,O=S(=O)(O)OC[C@H]1O[C@@](COS(=O)(=O)O)(O[C@H]2O[C@H](COS(=O)(=O)O)[C@@H](OS(=O)(=O)O)[C@H](OS(=O)(=O)O)[C@H]2OS(=O)(=O)O)[C@@H](OS(=O)(=O)O)[C@@H]1OS(=O)(=O)O,2.0,C12H22O35S8,982.81
CHEMBL1235931,LEVULINIC ACID,CC(=O)CCC(=O)O,3.0,C5H8O3,116.12
CHEMBL1236107,SGX-523,Cn1cc(-c2ccc3nnc(Sc4ccc5ncccc5c4)n3n2)cn1,1.0,C18H13N7S,359.42
CHEMBL1236183,TAGATOSE,O=C(CO)[C@@H](O)[C@@H](O)[C@H](O)CO,3.0,C6H12O6,180.16
CHEMBL1236282,THIAMPHENICOL,CS(=O)(=O)c1ccc([C@@H](O)[C@@H](CO)NC(=O)C(Cl)Cl)cc1,2.0,C12H15Cl2NO5S,356.23
CHEMBL1236315,TARTARIC ACID,O=C(O)[C@H](O)[C@@H](O)C(=O)O,4.0,C4H6O6,150.09
CHEMBL1236376,COCARBOXYLASE,Cc1ncc(C[n+]2csc(CCOP(=O)(O)OP(=O)(O)O)c2C)c(N)n1,2.0,C12H19N4O7P2S+,425.32
CHEMBL1236378,MONOPHOSPHOTHIAMINE,Cc1ncc(C[n+]2csc(CCOP(=O)(O)O)c2C)c(N)n1,2.0,C12H18N4O4PS+,345.34
CHEMBL1236524,GALIDESIVIR,Nc1ncnc2c([C@@H]3N[C@H](CO)[C@@H](O)[C@H]3O)c[nH]c12,2.0,C11H15N5O3,265.27
CHEMBL1236682,REFAMETINIB,COc1cc(F)c(F)c(Nc2ccc(I)cc2F)c1NS(=O)(=O)C1(C[C@H](O)CO)CC1,2.0,C19H20F3IN2O5S,572.34
CHEMBL1236802,XENON,[Xe],4.0,Xe,131.29
CHEMBL1236821,XYLOSE,O=C[C@H](O)[C@@H](O)[C@H](O)CO,4.0,C5H10O5,150.13
CHEMBL1236924,INT131,O=S(=O)(Nc1cc(Cl)c(Oc2cnc3ccccc3c2)c(Cl)c1)c1ccc(Cl)cc1Cl,2.0,C21H12Cl4N2O3S,514.22
CHEMBL1236936,CINACIGUAT,O=C(O)CCCCN(CCc1ccccc1OCc1ccc(CCc2ccccc2)cc1)Cc1ccc(C(=O)O)cc1,2.0,C36H39NO5,565.71
CHEMBL1236962,OMIPALISIB,COc1ncc(-c2ccc3nccc(-c4ccnnc4)c3c2)cc1NS(=O)(=O)c1ccc(F)cc1F,2.0,C25H17F2N5O3S,505.51
CHEMBL1236970,ZINC ION,[Zn+2],3.0,Zn+2,65.39
CHEMBL1237021,LURASIDONE,O=C1[C@@H]2[C@H]3CC[C@H](C3)[C@@H]2C(=O)N1C[C@@H]1CCCC[C@H]1CN1CCN(c2nsc3ccccc23)CC1,4.0,C28H36N4O2S,492.69
CHEMBL1237044,TRAMADOL,COc1cccc(C2(O)CCCCC2CN(C)C)c1,4.0,C16H25NO2,263.38
CHEMBL1237046,ROLITETRACYCLINE,CN(C)[C@@H]1C(O)=C(C(=O)NCN2CCCC2)C(=O)[C@@]2(O)C(O)=C3C(=O)c4c(O)cccc4[C@@](C)(O)[C@H]3C[C@@H]12,2.0,C27H33N3O8,527.57
CHEMBL1237054,PLICAMYCIN,CO[C@H](C(=O)[C@@H](O)[C@@H](C)O)[C@@H]1Cc2cc3cc(O[C@H]4C[C@@H](O[C@@H]5C[C@@H](O)[C@H](O)[C@@H](C)O5)[C@H](O)[C@@H](C)O4)c(C)c(O)c3c(O)c2C(=O)[C@H]1O[C@H]1C[C@@H](O[C@@H]2C[C@@H](O)[C@@H](O[C@@H]3C[C@](C)(O)[C@H](O)[C@@H](C)O3)[C@@H](C)O2)[C@H](O)[C@@H](C)O1,4.0,C52H76O24,1085.16
CHEMBL1237055,HYDROMORPHONE HYDROCHLORIDE,CN1CC[C@]23c4c5ccc(O)c4O[C@H]2C(=O)CC[C@H]3[C@H]1C5.Cl,4.0,C17H20ClNO3,321.80
CHEMBL1237061,PITAVASTATIN CALCIUM,O=C([O-])C[C@H](O)C[C@H](O)/C=C/c1c(C2CC2)nc2ccccc2c1-c1ccc(F)cc1.O=C([O-])C[C@H](O)C[C@H](O)/C=C/c1c(C2CC2)nc2ccccc2c1-c1ccc(F)cc1.[Ca+2],4.0,C50H46CaF2N2O8,881.00
CHEMBL1237065,TRAMADOL HYDROCHLORIDE,COc1cccc(C2(O)CCCCC2CN(C)C)c1.Cl,4.0,C16H26ClNO2,299.84
CHEMBL1237066,CALCIUM GLUCEPTATE,O=C([O-])C(O)[C@H](O)[C@@H](O)[C@H](O)[C@H](O)CO.O=C([O-])C(O)[C@H](O)[C@@H](O)[C@H](O)[C@H](O)CO.[Ca+2],4.0,C14H26CaO16,490.42
CHEMBL1237070,MICAFUNGIN SODIUM,CCCCCOc1ccc(-c2cc(-c3ccc(C(=O)N[C@H]4C[C@@H](O)[C@@H](O)NC(=O)[C@@H]5[C@@H](O)[C@@H](C)CN5C(=O)[C@H]([C@H](O)CC(N)=O)NC(=O)[C@H]([C@H](O)[C@@H](O)c5ccc(O)c(OS(=O)(=O)[O-])c5)NC(=O)[C@@H]5C[C@@H](O)CN5C(=O)[C@H]([C@@H](C)O)NC4=O)cc3)no2)cc1.[Na+],4.0,C56H70N9NaO23S,1292.27
CHEMBL1237072,DIRITHROMYCIN,CC[C@H]1OC(=O)[C@H](C)[C@@H](O[C@H]2C[C@@](C)(OC)[C@@H](O)[C@H](C)O2)[C@H](C)[C@@H](O[C@@H]2O[C@H](C)C[C@H](N(C)C)[C@H]2O)[C@](C)(O)C[C@@H](C)[C@@H]2N[C@@H](COCCOC)O[C@H]([C@H]2C)[C@]1(C)O,4.0,C42H78N2O14,835.09
CHEMBL1237080,GRANISETRON HYDROCHLORIDE,CN1C2CCCC1CC(NC(=O)c1nn(C)c3ccccc13)C2.Cl,4.0,C18H25ClN4O,348.88
CHEMBL1237082,MECAMYLAMINE HYDROCHLORIDE,CNC1(C)C2CCC(C2)C1(C)C.Cl,4.0,C11H22ClN,203.76
CHEMBL1237099,DOXACURIUM CHLORIDE,COc1cc(CC2c3c(cc(OC)c(OC)c3OC)CC[N+]2(C)CCCOC(=O)CCC(=O)OCCC[N+]2(C)CCc3cc(OC)c(OC)c(OC)c3C2Cc2cc(OC)c(OC)c(OC)c2)cc(OC)c1OC.[Cl-].[Cl-],4.0,C56H78Cl2N2O16,1106.14
CHEMBL1237102,LEVOCABASTINE HYDROCHLORIDE,C[C@@H]1CN([C@H]2CC[C@](C#N)(c3ccc(F)cc3)CC2)CC[C@]1(C(=O)O)c1ccccc1.Cl,4.0,C26H30ClFN2O2,456.99
CHEMBL1237104,PROPOXYPHENE HYDROCHLORIDE,CCC(=O)O[C@](Cc1ccccc1)(c1ccccc1)[C@H](C)CN(C)C.Cl,4.0,C22H30ClNO2,375.94
CHEMBL1237105,CARBOPROST TROMETHAMINE,CCCCC[C@](C)(O)/C=C/[C@@H]1[C@@H](C/C=C\CCCC(=O)O)[C@@H](O)C[C@H]1O.NC(CO)(CO)CO,4.0,C25H47NO8,489.65
CHEMBL1237119,TREPROSTINIL,CCCCC[C@H](O)CC[C@@H]1[C@H]2Cc3cccc(OCC(=O)O)c3C[C@H]2C[C@H]1O,4.0,C23H34O5,390.52
CHEMBL1237122,CARBOPROST,CCCCC[C@](C)(O)/C=C/[C@@H]1[C@@H](C/C=C\CCCC(=O)O)[C@@H](O)C[C@H]1O,4.0,C21H36O5,368.51
CHEMBL1237123,DOXACURIUM,COc1cc(CC2c3c(cc(OC)c(OC)c3OC)CC[N+]2(C)CCCOC(=O)CCC(=O)OCCC[N+]2(C)CCc3cc(OC)c(OC)c(OC)c3C2Cc2cc(OC)c(OC)c(OC)c2)cc(OC)c1OC,4.0,C56H78N2O16+2,1035.24
CHEMBL1237124,MECLOCYCLINE,C=C1c2c(Cl)ccc(O)c2C(=O)C2=C(O)[C@]3(O)C(=O)C(C(N)=O)=C(O)[C@@H](N(C)C)[C@@H]3[C@@H](O)[C@H]12,2.0,C22H21ClN2O8,476.87
CHEMBL1237132,CLEVIDIPINE,CCCC(=O)OCOC(=O)C1=C(C)NC(C)=C(C(=O)OC)C1c1cccc(Cl)c1Cl,4.0,C21H23Cl2NO6,456.32
CHEMBL1237135,MAPROTILINE HYDROCHLORIDE,CNCCCC12CCC(c3ccccc31)c1ccccc12.Cl,4.0,C20H24ClN,313.87
CHEMBL1237212,NORCANTHARIDIN,O=C1OC(=O)[C@H]2[C@@H]1[C@H]1CC[C@H]2O1,1.0,C8H8O4,168.15
CHEMBL1240705,CARBAPENEM,O=C(O)C1=CC[C@@H]2CC(=O)N12,2.0,C7H7NO3,153.14
CHEMBL1240967,PF-00610355,CC(C)(Cc1cccc(CC(=O)NCc2cccc(-c3ccc(O)cc3)c2)c1)NC[C@H](O)c1ccc(O)c(NS(C)(=O)=O)c1,2.0,C34H39N3O6S,617.77
CHEMBL1240977,OXANTEL,CN1CCCN=C1/C=C/c1cccc(O)c1,2.0,C13H16N2O,216.28
CHEMBL1240978,MORANTEL,Cc1ccsc1/C=C/C1=NCCCN1C,2.0,C12H16N2S,220.34
CHEMBL1241348,FALDAPREVIR,C=C[C@@H]1C[C@]1(NC(=O)[C@@H]1C[C@@H](Oc2cc(-c3csc(NC(=O)C(C)C)n3)nc3c(Br)c(OC)ccc23)CN1C(=O)[C@@H](NC(=O)OC1CCCC1)C(C)(C)C)C(=O)O,3.0,C40H49BrN6O9S,869.84
CHEMBL1241590,FLORFENICOL,CS(=O)(=O)c1ccc([C@@H](O)[C@@H](CF)NC(=O)C(Cl)Cl)cc1,2.0,C12H14Cl2FNO4S,358.22
CHEMBL1241855,RIGOSERTIB,COc1cc(OC)c(/C=C/S(=O)(=O)Cc2ccc(OC)c(NCC(=O)O)c2)c(OC)c1,3.0,C21H25NO8S,451.50
CHEMBL1241951,LETERMOVIR,COc1cccc(N2CCN(C3=Nc4c(F)cccc4[C@H](CC(=O)O)N3c3cc(C(F)(F)F)ccc3OC)CC2)c1,4.0,C29H28F4N4O4,572.56
CHEMBL1242035,TOMEGLOVIR,CN(C)c1cccc2c(S(=O)(=O)Nc3ccc(NC(=O)C(C)(C)CO)cc3)cccc12,2.0,C23H27N3O4S,441.55
CHEMBL1243298,QUILOSTIGMINE,CN1CC[C@@]2(C)c3cc(OC(=O)N4CCc5ccccc5C4)ccc3N(C)[C@@H]12,2.0,C23H27N3O2,377.49
